country_code,reporting_level,year,gdp
ABW,national,1986,16111.8430742284
ABW,national,1987,18732.2636831905
ABW,national,1988,22266.3446518792
ABW,national,1989,24865.1772277071
ABW,national,1990,25411.1679106206
ABW,national,1991,26564.6614473147
ABW,national,1992,27194.414337913
ABW,national,1993,28307.3769539095
ABW,national,1994,29666.2306883388
ABW,national,1995,29497.963307548
ABW,national,1996,28958.1435767934
ABW,national,1997,30074.406009441
ABW,national,1998,29765.5149353008
ABW,national,1999,29262.6156505973
ABW,national,2000,30703.6609506328
ABW,national,2001,31426.8788010415
ABW,national,2002,30760.2072393487
ABW,national,2003,30793.1347744709
ABW,national,2004,32742.7608096139
ABW,national,2005,32291.7689727542
ABW,national,2006,32272.2508370174
ABW,national,2007,32863.3622707957
ABW,national,2008,33053.7672344378
ABW,national,2009,28836.0169548305
ABW,national,2010,27732.2137128695
ABW,national,2011,28398.5576380853
ABW,national,2012,27876.2063849817
ABW,national,2013,29447.5797716129
ABW,national,2014,28780.6307793936
ABW,national,2015,28419.2645344661
ABW,national,2016,28737.8962410209
ABW,national,2017,30598.6487265662
ABW,national,2018,31172.8021926197
ABW,national,2019,30317.6069080086
ABW,national,2020,23015.7418669984
ABW,national,2021,29390.3807256369
ABW,national,2022,32492.1786261216
ABW,national,2023,33292.043461476904
ABW,national,2024,33723.122076965265
ABW,national,2025,34488.21122741928
ABW,national,2026,35395.29101658437
ABW,national,2027,36287.00306116766
ABW,national,2028,36888.45600018817
ABW,national,2029,37406.661783894684
ABW,national,2030,37918.51453118145
AFG,national,1960,552.6656997778731
AFG,national,1961,545.5802420884132
AFG,national,1962,542.662700686871
AFG,national,1963,540.9955341717039
AFG,national,1964,538.0779927701616
AFG,national,1965,537.6612011413698
AFG,national,1966,530.1589518231182
AFG,national,1967,532.242909967077
AFG,national,1968,537.6612011413699
AFG,national,1969,532.6597015958689
AFG,national,1970,530.1589518231183
AFG,national,1971,515.5712448154068
AFG,national,1972,419.70917019330204
AFG,national,1973,421.37633670846907
AFG,national,1974,433.04650231463836
AFG,national,1975,447.63420932234993
AFG,national,1976,460.5547498148945
AFG,national,1977,425.96104462517843
AFG,national,1978,445.9670428071829
AFG,national,1979,426.3778362539702
AFG,national,1980,424.7106697388032
AFG,national,1981,476.80962333777313
AFG,national,1982,529.3253685655349
AFG,national,1983,561.4183239825003
AFG,national,1984,557.2504076945827
AFG,national,1985,543.4962839444546
AFG,national,1986,560.167949096125
AFG,national,1987,504.73466246682096
AFG,national,1988,458.88758329972745
AFG,national,1989,416.374837162968
AFG,national,1990,401.37033852646465
AFG,national,1991,367.2644462590864
AFG,national,1992,351.7201607841349
AFG,national,1993,241.0734034305516
AFG,national,1994,178.56378684845816
AFG,national,1995,263.8042602441079
AFG,national,1996,250.14804084758302
AFG,national,1997,237.82051148448338
AFG,national,1998,227.16760920670615
AFG,national,1999,216.17227092671362
AFG,national,2000,209.38473589351406
AFG,national,2001,204.0953583700065
AFG,national,2002,332.1064885623121
AFG,national,2003,346.7118357065407
AFG,national,2004,340.65181489301887
AFG,national,2005,358.0743459416602
AFG,national,2006,366.61639068542956
AFG,national,2007,401.30028878632294
AFG,national,2008,416.8343342188185
AFG,national,2009,474.45705045261514
AFG,national,2010,532.6942706763249
AFG,national,2011,531.0530933689196
AFG,national,2012,561.0920442961905
AFG,national,2013,579.5849224663137
AFG,national,2014,577.7257907718351
AFG,national,2015,568.9987358610833
AFG,national,2016,565.3529502930674
AFG,national,2017,563.8040285047141
AFG,national,2018,556.070686064814
AFG,national,2019,558.0018516965827
AFG,national,2020,535.7569437749461
AFG,national,2021,434.40502676906056
AFG,national,2022,429.6305462805958
AFG,national,2023,403.3099977532402
AFG,national,2024,401.0472581867085
AFG,national,2025,399.4640646998128
AFG,national,2026,397.7389188972257
AFG,national,2027,NA
AFG,national,2028,NA
AFG,national,2029,NA
AFG,national,2030,NA
AGO,national,1960,3609.047370152931
AGO,national,1961,4021.0968445619787
AGO,national,1962,3845.7950944844456
AGO,national,1963,3975.9159811399345
AGO,national,1964,4350.013530274465
AGO,national,1965,4597.604661827269
AGO,national,1966,4781.942584589212
AGO,national,1967,4975.316680035563
AGO,national,1968,4816.280040789966
AGO,national,1969,4870.4970768964195
AGO,national,1970,5092.78692493288
AGO,national,1971,4977.123914572445
AGO,national,1972,4931.9430511504
AGO,national,1973,5154.23289918686
AGO,national,1974,4928.328582076637
AGO,national,1975,3090.371058067858
AGO,national,1976,2748.8037305972002
AGO,national,1977,2710.8518053226826
AGO,national,1978,2765.0688414291362
AGO,national,1979,2759.647137818491
AGO,national,1980,2768.6833105029
AGO,national,1981,2554.43296432359
AGO,national,1982,2464.30129844018
AGO,national,1983,2476.58082702536
AGO,national,1984,2532.10029518475
AGO,national,1985,2527.96094261146
AGO,national,1986,2510.14856261012
AGO,national,1987,2524.31883763848
AGO,national,1988,2590.32913984092
AGO,national,1989,2505.49812529435
AGO,national,1990,2339.47356417521
AGO,national,1991,2285.37319639239
AGO,national,1992,2083.15666572792
AGO,national,1993,1534.26313955894
AGO,national,1994,1505.86974300119
AGO,national,1995,1675.7080928899
AGO,national,1996,1840.3540847702
AGO,national,1997,1909.46893931025
AGO,national,1998,1934.55795019266
AGO,national,1999,1913.99892141307
AGO,national,2000,1909.50206453685
AGO,national,2001,1925.50803255677
AGO,national,2002,2116.85168185367
AGO,national,2003,2106.98586707062
AGO,national,2004,2257.15236294246
AGO,national,2005,2505.65503242824
AGO,national,2006,2696.44109907247
AGO,national,2007,2964.33545349134
AGO,national,2008,3176.67216597867
AGO,national,2009,3087.8114336694
AGO,national,2010,3105.44965920104
AGO,national,2011,3094.73391897887
AGO,national,2012,3235.17460857542
AGO,national,2013,3270.96634929444
AGO,national,2014,3304.68115189551
AGO,national,2015,3217.33924430561
AGO,national,2016,3023.91632299594
AGO,national,2017,2914.12714310313
AGO,national,2018,2777.84304535304
AGO,national,2019,2666.2539190069
AGO,national,2020,2435.02485749107
AGO,national,2021,2387.42991017196
AGO,national,2022,2385.11995881418
AGO,national,2023,2344.7133752807677
AGO,national,2024,2350.955042655848
AGO,national,2025,2343.0499556196314
AGO,national,2026,2333.7221137159977
AGO,national,2027,2339.144191726354
AGO,national,2028,2325.1154022691194
AGO,national,2029,2313.475690648732
AGO,national,2030,2304.2424617989514
ALB,national,1960,1076.126705265658
ALB,national,1961,1084.966483648731
ALB,national,1962,1120.7908486748684
ALB,national,1963,1158.9414711702354
ALB,national,1964,1198.4878481471403
ALB,national,1965,1242.2214885686585
ALB,national,1966,1288.7466379532525
ALB,national,1967,1338.063296300922
ALB,national,1968,1385.9842001670538
ALB,national,1969,1432.9746010454937
ALB,national,1970,1486.013271343931
ALB,national,1971,1545.5654625562113
ALB,national,1972,1605.5829052623376
ALB,national,1973,1685.6061622038392
ALB,national,1974,1692.1196831176824
ALB,national,1975,1697.7027010438337
ALB,national,1976,1705.1467249453688
ALB,national,1977,1712.5907488469038
ALB,national,1978,1719.569521254593
ALB,national,1979,1728.8745511315117
ALB,national,1980,1740.50583847766
ALB,national,1981,1804.01077946774
ALB,national,1982,1818.36782013759
ALB,national,1983,1799.87861664229
ALB,national,1984,1740.3476817517
ALB,national,1985,1735.2903123439
ALB,national,1986,1798.01507982468
ALB,national,1987,1748.57872030222
ALB,national,1988,1691.53094901661
ALB,national,1989,1808.64607818532
ALB,national,1990,1606.29646776458
ALB,national,1991,1163.49159838489
ALB,national,1992,1086.4387714304
ALB,national,1993,1197.58090750054
ALB,national,1994,1305.00106057165
ALB,national,1995,1488.02088119627
ALB,national,1996,1633.55200001885
ALB,national,1997,1464.29796254199
ALB,national,1998,1603.64765027651
ALB,national,1999,1821.87313102694
ALB,national,2000,1960.88245974115
ALB,national,2001,2143.52683947815
ALB,national,2002,2247.49808010881
ALB,national,2003,2380.64462078713
ALB,national,2004,2522.44937446209
ALB,national,2005,2675.50863709675
ALB,national,2006,2851.36775919961
ALB,national,2007,3044.89661682055
ALB,national,2008,3298.47890843532
ALB,national,2009,3432.1708719722
ALB,national,2010,3577.11432498868
ALB,national,2011,3678.04770145146
ALB,national,2012,3736.34007957648
ALB,national,2013,3780.69919254096
ALB,national,2014,3855.76074409659
ALB,national,2015,3952.80357364813
ALB,national,2016,4090.37272829183
ALB,national,2017,4249.8200493985
ALB,national,2018,4431.55559506989
ALB,national,2019,4543.38771048312
ALB,national,2020,4418.66087378292
ALB,national,2021,4857.11194201819
ALB,national,2022,5155.29085964151
ALB,national,2023,5356.108832776296
ALB,national,2024,5551.471216346227
ALB,national,2025,5770.992498610027
ALB,national,2026,5994.193753280216
ALB,national,2027,6205.475734013855
ALB,national,2028,6485.442740503138
ALB,national,2029,6779.106571096781
ALB,national,2030,7085.9827606107965
AND,national,1970,43258.9186512359
AND,national,1971,42166.1527998325
AND,national,1972,42586.6477158005
AND,national,1973,42965.9571768044
AND,national,1974,42570.3712607251
AND,national,1975,40266.2572129463
AND,national,1976,39247.9400620474
AND,national,1977,38203.6604447882
AND,national,1978,36828.8540076601
AND,national,1979,35152.0601247104
AND,national,1980,34446.3771932635
AND,national,1981,33120.9590728872
AND,national,1982,32134.1681346522
AND,national,1983,31219.5700921465
AND,national,1984,30459.1455049139
AND,national,1985,30008.0559598103
AND,national,1986,29764.1012474746
AND,national,1987,30076.3728549942
AND,national,1988,30323.3137754862
AND,national,1989,30565.1390093744
AND,national,1990,30578.0743671099
AND,national,1991,30301.6441551164
AND,national,1992,29596.0360749833
AND,national,1993,28363.3522654707
AND,national,1994,28144.3876184935
AND,national,1995,28051.4032005126
AND,national,1996,28797.8667293952
AND,national,1997,31149.3702860207
AND,national,1998,31895.9957680708
AND,national,1999,32966.2523329394
AND,national,2000,33901.192899197
AND,national,2001,35722.5456714568
AND,national,2002,35749.9457061609
AND,national,2003,37250.3126885329
AND,national,2004,38696.5127853516
AND,national,2005,39307.1593204183
AND,national,2006,40994.4668667136
AND,national,2007,42724.58727008
AND,national,2008,41470.457414301
AND,national,2009,40442.8041055161
AND,national,2010,40937.2932979424
AND,national,2011,41486.2189634929
AND,national,2012,39174.9156898451
AND,national,2013,37597.7229935195
AND,national,2014,38402.667301525304
AND,national,2015,38885.5485894753
AND,national,2016,39886.6588218818
AND,national,2017,39321.632781089
AND,national,2018,39320.1109176824
AND,national,2019,39413.8093931238
AND,national,2020,34394.4301971186
AND,national,2021,36616.117961953
AND,national,2022,39447.5382468325
AND,national,2023,39243.245171450115
AND,national,2024,38829.603795012474
AND,national,2025,38660.60119064956
AND,national,2026,38379.01166440113
AND,national,2027,38061.97234357986
AND,national,2028,37747.55278477419
AND,national,2029,37435.73034868954
AND,national,2030,37126.483513568906
ARE,national,1960,93104.25013819002
ARE,national,1961,96205.29499289623
ARE,national,1962,100644.65811403315
ARE,national,1963,103860.26717831708
ARE,national,1964,106562.94103153709
ARE,national,1965,108588.64455543418
ARE,national,1966,109911.34042964975
ARE,national,1967,110439.8980329288
ARE,national,1968,109460.8947874464
ARE,national,1969,105813.06620521015
ARE,national,1970,101897.05322328057
ARE,national,1971,102951.56469780284
ARE,national,1972,102951.56469780284
ARE,national,1973,103287.44613042845
ARE,national,1974,118071.43663002693
ARE,national,1975,105688.087067489
ARE,national,1976,108961.571488121
ARE,national,1977,114972.043160571
ARE,national,1978,99322.2996263166
ARE,national,1979,106457.49391841
ARE,national,1980,118141.52955012
ARE,national,1981,113965.833293577
ARE,national,1982,100147.6679758
ARE,national,1983,90020.9728002308
ARE,national,1984,88572.8594294525
ARE,national,1985,80981.753479034
ARE,national,1986,64687.5606771134
ARE,national,1987,62325.6331829893
ARE,national,1988,56808.4141377029
ARE,national,1989,59965.2317939883
ARE,national,1990,66911.0893469943
ARE,national,1991,63849.7197054919
ARE,national,1992,62622.6869086712
ARE,national,1993,60359.1142362887
ARE,national,1994,61592.225206014
ARE,national,1995,62877.6840790433
ARE,national,1996,62935.9847357984
ARE,national,1997,63791.5940548517
ARE,national,1998,60144.8145598198
ARE,national,1999,58365.1551778295
ARE,national,2000,61187.7697497959
ARE,national,2001,58831.0896667344
ARE,national,2002,57286.4960595662
ARE,national,2003,59389.5103521828
ARE,national,2004,62139.5869280172
ARE,national,2005,60778.4686072632
ARE,national,2006,58336.5627164704
ARE,national,2007,50214.1370921627
ARE,national,2008,43541.970000895
ARE,national,2009,36076.5277322647
ARE,national,2010,34540.971505971
ARE,national,2011,36288.3331804331
ARE,national,2012,36567.6222908264
ARE,national,2013,38034.9683968782
ARE,national,2014,39242.275310352
ARE,national,2015,41525.1389031283
ARE,national,2016,43457.5134802784
ARE,national,2017,43419.5637407047
ARE,national,2018,43644.1470438183
ARE,national,2019,43785.4172694435
ARE,national,2020,41276.0555102387
ARE,national,2021,42715.4401713113
ARE,national,2022,45698.0105275178
ARE,national,2023,46318.25062813737
ARE,national,2024,47324.63899770393
ARE,national,2025,48110.36893784075
ARE,national,2026,49470.67850606298
ARE,national,2027,51145.80351842439
ARE,national,2028,53008.14512789607
ARE,national,2029,54895.93368879381
ARE,national,2030,56667.83323592663
ARG,national,1960,7410.30502869639
ARG,national,1961,7687.5173380417
ARG,national,1962,7498.8400606558
ARG,national,1963,6986.56480206001
ARG,national,1964,7572.2311661756
ARG,national,1965,8241.52933666809
ARG,national,1966,8059.45043146279
ARG,national,1967,8187.37335067668
ARG,national,1968,8450.03706417302
ARG,national,1969,9126.18647909255
ARG,national,1970,9257.89557164576
ARG,national,1971,9628.03783789492
ARG,national,1972,9630.01036600914
ARG,national,1973,9739.41627064185
ARG,national,1974,10105.0495075297
ARG,national,1975,9935.93863469002
ARG,national,1976,9581.84140311136
ARG,national,1977,10083.8151828918
ARG,national,1978,9476.06343622627
ARG,national,1979,10278.9246238181
ARG,national,1980,10270.9561180014
ARG,national,1981,9585.20677182144
ARG,national,1982,9366.17037951494
ARG,national,1983,9622.34731895272
ARG,national,1984,9624.40455636866
ARG,national,1985,8987.93370569176
ARG,national,1986,9397.88360849477
ARG,national,1987,9507.33981264281
ARG,national,1988,9262.96392660836
ARG,national,1989,8473.02656895128
ARG,national,1990,8144.49429397801
ARG,national,1991,8762.66138351332
ARG,national,1992,9327.8594509636
ARG,national,1993,9957.25652230492
ARG,national,1994,10397.3792874496
ARG,national,1995,9969.33157579723
ARG,national,1996,10388.5387104408
ARG,national,1997,11097.3820634618
ARG,national,1998,11391.9451576314
ARG,national,1999,10880.2062074837
ARG,national,2000,10672.7220353121
ARG,national,2001,10090.6534434286
ARG,national,2002,8895.31964210751
ARG,national,2003,9581.96979219468
ARG,national,2004,10341.6434058805
ARG,national,2005,11141.3106718375
ARG,national,2006,11913.9585322637
ARG,national,2007,12857.0925770961
ARG,national,2008,13246.6348917152
ARG,national,2009,12336.8619385237
ARG,national,2010,13551.3391940229
ARG,national,2011,14200.2698890608
ARG,national,2012,13895.6337072986
ARG,national,2013,14071.5086831557
ARG,national,2014,13567.9484159809
ARG,national,2015,13789.060424772
ARG,national,2016,13360.2118345982
ARG,national,2017,13595.0373551081
ARG,national,2018,13105.397163317
ARG,national,2019,12716.2242038544
ARG,national,2020,11346.6521128461
ARG,national,2021,12444.3182669731
ARG,national,2022,12940.7384352157
ARG,national,2023,12492.299546292623
ARG,national,2024,12708.76480468113
ARG,national,2025,13362.357807740264
ARG,national,2026,13917.419060316815
ARG,national,2027,14427.623362203687
ARG,national,2028,14747.602338352537
ARG,national,2029,15058.449911328753
ARG,national,2030,15352.601852598049
ARM,national,1973,1665.2483942263277
ARM,national,1980,1577.7914369525606
ARM,national,1981,1621.4350059221879
ARM,national,1982,1665.757852229864
ARM,national,1983,1675.2677349625455
ARM,national,1984,1728.9306446683909
ARM,national,1985,1780.5557223600902
ARM,national,1986,1765.1021629194827
ARM,national,1987,1662.3614655396204
ARM,national,1988,1579.4896302976822
ARM,national,1989,1787.3484957405767
ARM,national,1990,1641.98314539816
ARM,national,1991,1425.38674137997
ARM,national,1992,839.572029875231
ARM,national,1993,791.646996154285
ARM,national,1994,855.081040948197
ARM,national,1995,928.092496577322
ARM,national,1996,989.642343225193
ARM,national,1997,1031.0982588437
ARM,national,1998,1116.90719223871
ARM,national,1999,1166.18796165036
ARM,national,2000,1249.61212926568
ARM,national,2001,1385.04479407791
ARM,national,2002,1582.05762167092
ARM,national,2003,1815.78822447999
ARM,national,2004,2018.4601408702
ARM,national,2005,2312.98286133538
ARM,national,2006,2636.256648197
ARM,national,2007,3019.46556064022
ARM,national,2008,3250.49861101145
ARM,national,2009,2810.1928405123
ARM,national,2010,2889.56622817115
ARM,national,2011,3043.26278613609
ARM,national,2012,3278.67044811176
ARM,national,2013,3402.08385452333
ARM,national,2014,3538.52939227858
ARM,national,2015,3666.14182210905
ARM,national,2016,3689.83008213399
ARM,national,2017,3985.91669835177
ARM,national,2018,4215.89939440524
ARM,national,2019,4561.96779894751
ARM,national,2020,4256.13122785453
ARM,national,2021,4526.59748875832
ARM,national,2022,5116.2057562728
ARM,national,2023,5475.51873375122
ARM,national,2024,5748.939743549688
ARM,national,2025,6022.386981650957
ARM,national,2026,6321.252994420451
ARM,national,2027,6604.344943031778
ARM,national,2028,6900.988381857041
ARM,national,2029,7210.955977817814
ARM,national,2030,7534.846204165607
ASM,national,2002,12804.4358444426
ASM,national,2003,12980.7222956862
ASM,national,2004,13105.1690778892
ASM,national,2005,13136.4800805944
ASM,national,2006,12690.5291104991
ASM,national,2007,13029.6162843735
ASM,national,2008,12795.0245577508
ASM,national,2009,12378.1701945665
ASM,national,2010,12532.3111237111
ASM,national,2011,12656.6881389142
ASM,national,2012,12247.6352882148
ASM,national,2013,12098.2751505435
ASM,national,2014,12494.9802110307
ASM,national,2015,13101.5418159165
ASM,national,2016,13116.4309769201
ASM,national,2017,12442.8576653719
ASM,national,2018,13049.3301536176
ASM,national,2019,13288.3565565116
ASM,national,2020,14214.6464600557
ASM,national,2021,14464.8140504798
ASM,national,2022,14969.0599426218
ATG,national,1977,6085.88428023965
ATG,national,1978,6331.73121593702
ATG,national,1979,6813.66166099379
ATG,national,1980,7337.95300358785
ATG,national,1981,7595.99927114796
ATG,national,1982,7571.58347191373
ATG,national,1983,7956.13599290272
ATG,national,1984,8771.04534898269
ATG,national,1985,9487.06193514828
ATG,national,1986,10632.4093908691
ATG,national,1987,11400.1964373666
ATG,national,1988,12064.0700813472
ATG,national,1989,12766.7478251639
ATG,national,1990,13215.2078153531
ATG,national,1991,13437.915383951
ATG,national,1992,13378.0993387617
ATG,national,1993,13833.0686709689
ATG,national,1994,14484.2869744677
ATG,national,1995,13584.2734627796
ATG,national,1996,14190.974300493
ATG,national,1997,14669.0161913012
ATG,national,1998,15076.3926044573
ATG,national,1999,15370.8280861165
ATG,national,2000,16055.953741155
ATG,national,2001,15092.4692727315
ATG,national,2002,15053.9662999109
ATG,national,2003,15788.7402048433
ATG,national,2004,16516.0866084157
ATG,national,2005,17380.986016407
ATG,national,2006,19341.3281500639
ATG,national,2007,20854.062440673
ATG,national,2008,20541.7533409403
ATG,national,2009,17809.9326764468
ATG,national,2010,16191.1567603688
ATG,national,2011,15684.7813912039
ATG,national,2012,15739.0348393989
ATG,national,2013,15668.4355109479
ATG,national,2014,15882.3092572073
ATG,national,2015,15985.5411386971
ATG,national,2016,16526.4361374728
ATG,national,2017,16830.3962602848
ATG,national,2018,17901.0409130559
ATG,national,2019,18357.6788222183
ATG,national,2020,14803.7695057464
ATG,national,2021,15921.095120946
ATG,national,2022,17335.047039518
ATG,national,2023,18049.468729213848
ATG,national,2024,18768.544122812928
ATG,national,2025,19108.281910750644
ATG,national,2026,19458.699406086893
ATG,national,2027,19822.80992777781
ATG,national,2028,20054.90898485984
ATG,national,2029,20290.90390298973
ATG,national,2030,20530.864497782757
AUS,national,1960,19951.086401628498
AUS,national,1961,19882.44086245175
AUS,national,1962,20182.648317962652
AUS,national,1963,21102.4479791214
AUS,national,1964,22031.14862055545
AUS,national,1965,22462.6570030781
AUS,national,1966,23028.83835195965
AUS,national,1967,23971.4099164268
AUS,national,1968,24943.350019423102
AUS,national,1969,26180.40855726235
AUS,national,1970,26902.487090854
AUS,national,1971,27247.58411927305
AUS,national,1972,27665.90933381705
AUS,national,1973,28021.411231967897
AUS,national,1974,28244.3409919423
AUS,national,1975,28479.1202599729
AUS,national,1976,29049.6424505889
AUS,national,1977,29358.855876893802
AUS,national,1978,29748.5337859039
AUS,national,1979,30448.05592734475
AUS,national,1980,30984.7622263774
AUS,national,1981,31493.8537695041
AUS,national,1982,31172.08433614385
AUS,national,1983,31119.9301671696
AUS,national,1984,32246.141102447
AUS,national,1985,33266.9223500448
AUS,national,1986,33843.95660582575
AUS,national,1987,34701.4250972971
AUS,national,1988,35765.88282303355
AUS,national,1989,36515.4434705417
AUS,national,1990,36584.1175631152
AUS,national,1991,36155.73485488115
AUS,national,1992,36593.235281606
AUS,national,1993,37710.18296626515
AUS,national,1994,38787.18814118825
AUS,national,1995,39823.14690521705
AUS,national,1996,40899.97240356695
AUS,national,1997,42215.21953302165
AUS,national,1998,43801.4088288136
AUS,national,1999,45247.30217282405
AUS,national,2000,46024.480650301746
AUS,national,2001,46837.86114912555
AUS,national,2002,47939.23890608125
AUS,national,2003,49147.076008747696
AUS,national,2004,50376.588248673244
AUS,national,2005,51202.527515584996
AUS,national,2006,52041.7978613093
AUS,national,2007,52932.8537984764
AUS,national,2008,53285.4646430967
AUS,national,2009,53408.541082636
AUS,national,2010,53847.942386902345
AUS,national,2011,54688.32228439925
AUS,national,2012,55498.2463595808
AUS,national,2013,56037.85424521065
AUS,national,2014,56550.001676027256
AUS,national,2015,57095.52474406365
AUS,national,2016,57618.1155959605
AUS,national,2017,58202.42063142645
AUS,national,2018,58800.7629002612
AUS,national,2019,58541.58101208175
AUS,national,2020,58653.975560138206
AUS,national,2021,60109.582895360596
AUS,national,2022,61150.00356235266
AUS,national,2023,61498.804887799066
AUS,national,2024,61460.84463141538
AUS,national,2025,62029.37960089046
AUS,national,2026,62841.12738718441
AUS,national,2027,63522.00522104085
AUS,national,2028,64229.329863641724
AUS,national,2029,64922.94098379393
AUS,national,2030,65610.75305869148
AUT,national,1960,12051.1511700385
AUT,national,1961,12648.9746969392
AUT,national,1962,12904.669883596
AUT,national,1963,13352.6511315776
AUT,national,1964,14076.2761631952
AUT,national,1965,14471.8213231195
AUT,national,1966,15181.5887613761
AUT,national,1967,15521.8096470115
AUT,national,1968,16132.0095204536
AUT,national,1969,17085.3299659169
AUT,national,1970,18101.9919477322
AUT,national,1971,18943.1811467755
AUT,national,1972,20002.5561105758
AUT,national,1973,20864.8474583279
AUT,national,1974,21650.4867976498
AUT,national,1975,21629.0463028275
AUT,national,1976,22659.317777419
AUT,national,1977,23801.2675449624
AUT,national,1978,23770.3662432365
AUT,national,1979,25086.400193858
AUT,national,1980,25520.74055574
AUT,national,1981,25419.0096476102
AUT,national,1982,25911.6609400039
AUT,national,1983,26725.1907228527
AUT,national,1984,26740.5772417596
AUT,national,1985,27395.8726479906
AUT,national,1986,28008.5545890344
AUT,national,1987,28370.7178819139
AUT,national,1988,29264.3235778252
AUT,national,1989,30265.1932308117
AUT,national,1990,31340.6812927165
AUT,national,1991,32097.2410936755
AUT,national,1992,32410.53977326
AUT,national,1993,32313.7118722637
AUT,national,1994,32962.8174189767
AUT,national,1995,33790.4849857504
AUT,national,1996,34537.7395746518
AUT,national,1997,35220.8877426259
AUT,national,1998,36442.2882333384
AUT,national,1999,37664.9432792116
AUT,national,2000,38842.8905195831
AUT,national,2001,39184.8085972636
AUT,national,2002,39636.4826114521
AUT,national,2003,39815.2219533064
AUT,national,2004,40651.2266155811
AUT,national,2005,41281.2707559522
AUT,national,2006,42496.3510516831
AUT,national,2007,43937.7128905744
AUT,national,2008,44440.055889928
AUT,national,2009,42655.1921304813
AUT,national,2010,43334.5089644691
AUT,national,2011,44451.0001918473
AUT,national,2012,44549.881698231
AUT,national,2013,44299.3781845446
AUT,national,2014,44245.1687398338
AUT,national,2015,44195.8175947748
AUT,national,2016,44590.2516278164
AUT,national,2017,45281.723399938
AUT,national,2018,46154.6250956541
AUT,national,2019,46616.3591743242
AUT,national,2020,43343.9718951136
AUT,national,2021,44984.4197366909
AUT,national,2022,46697.8565193913
AUT,national,2023,46509.44067954993
AUT,national,2024,46632.80083369203
AUT,national,2025,47058.05143940154
AUT,national,2026,47715.635615004234
AUT,national,2027,48566.478068932796
AUT,national,2028,49002.82714620932
AUT,national,2029,49390.40515305372
AUT,national,2030,49680.56921965448
AZE,national,1973,2696.469819925234
AZE,national,1980,2733.4757017210386
AZE,national,1981,2857.464480933786
AZE,national,1982,2987.5573231231615
AZE,national,1983,3055.8465276741827
AZE,national,1984,3189.3729052879107
AZE,national,1985,3264.910684623677
AZE,national,1986,3304.9685979077954
AZE,national,1987,3431.6279046728177
AZE,national,1988,3558.668715373879
AZE,national,1989,3212.6446453863027
AZE,national,1990,2820.84010307402
AZE,national,1991,2764.07399346223
AZE,national,1992,2107.29678414183
AZE,national,1993,1596.13266566318
AZE,national,1994,1264.5271891937
AZE,national,1995,1102.49789007407
AZE,national,1996,1105.58724229428
AZE,national,1997,1158.4816576176
AZE,national,1998,1262.29188712613
AZE,national,1999,1343.85593869878
AZE,national,2000,1480.80869072436
AZE,national,2001,1614.84885813475
AZE,national,2002,1754.13524132991
AZE,national,2003,1918.61103696953
AZE,national,2004,2077.88527047339
AZE,national,2005,2631.85145279408
AZE,national,2006,3501.16482500603
AZE,national,2007,4327.11360468848
AZE,national,2008,4693.07707968116
AZE,national,2009,5023.9672905028
AZE,national,2010,5215.20415429496
AZE,national,2011,5152.83850244744
AZE,national,2012,5194.92091665083
AZE,national,2013,5426.09594155961
AZE,national,2014,5506.18169600319
AZE,national,2015,5500.50364628486
AZE,national,2016,5270.738165712
AZE,national,2017,5229.7098898586
AZE,national,2018,5262.36870473368
AZE,national,2019,5348.45318851823
AZE,national,2020,5083.56025445721
AZE,national,2021,5345.43986445831
AZE,national,2022,5590.00439551731
AZE,national,2023,5662.608115552221
AZE,national,2024,5737.343967304193
AZE,national,2025,5851.9040502053895
AZE,national,2026,5959.597845933553
AZE,national,2027,6063.8356402401305
AZE,national,2028,6134.550502751672
AZE,national,2029,6210.380166145675
AZE,national,2030,6289.0038460954265
BDI,national,1960,290.73323233318
BDI,national,1961,244.593410172662
BDI,national,1962,260.162382771694
BDI,national,1963,265.339863440219
BDI,national,1964,274.074490035551
BDI,national,1965,277.187951460516
BDI,national,1966,283.142082370667
BDI,national,1967,314.293254465552
BDI,national,1968,306.075142265822
BDI,national,1969,295.263604618934
BDI,national,1970,350.71277818515
BDI,national,1971,351.87235066972
BDI,national,1972,329.603111029518
BDI,national,1973,353.073650613295
BDI,national,1974,342.024209740745
BDI,national,1975,336.217191788376
BDI,national,1976,355.185953992377
BDI,national,1977,386.191747952009
BDI,national,1978,371.953871816733
BDI,national,1979,369.187423940693
BDI,national,1980,357.683134093718
BDI,national,1981,385.29527839988
BDI,national,1982,371.997224044867
BDI,national,1983,375.677006365419
BDI,national,1984,367.266232607122
BDI,national,1985,401.767206808135
BDI,national,1986,407.117326369354
BDI,national,1987,419.8560539724
BDI,national,1988,431.437298111009
BDI,national,1989,428.971415336034
BDI,national,1990,435.070943030531
BDI,national,1991,447.74485725565
BDI,national,1992,440.59185674793
BDI,national,1993,427.068997987238
BDI,national,1994,408.419316193019
BDI,national,1995,354.116180883601
BDI,national,1996,325.911916363427
BDI,national,1997,321.089690695961
BDI,national,1998,330.128930687301
BDI,national,1999,319.13580076384
BDI,national,2000,310.006710937075
BDI,national,2001,308.645199045727
BDI,national,2002,313.486405879893
BDI,national,2003,300.086152973384
BDI,national,2004,303.119670015727
BDI,national,2005,294.738773386661
BDI,national,2006,299.769120820711
BDI,national,2007,298.936660421865
BDI,national,2008,300.841349240995
BDI,national,2009,296.847094871617
BDI,national,2010,297.79172709311
BDI,national,2011,299.017175665192
BDI,national,2012,301.481319294821
BDI,national,2013,305.29083523866
BDI,national,2014,307.765531301255
BDI,national,2015,289.359627206129
BDI,national,2016,282.975966580511
BDI,national,2017,277.959803051524
BDI,national,2018,274.131908470855
BDI,national,2019,270.137277397711
BDI,national,2020,263.360988689031
BDI,national,2021,264.364832923386
BDI,national,2022,262.184804661142
BDI,national,2023,263.04029495309976
BDI,national,2024,270.5743971944934
BDI,national,2025,273.3845918127105
BDI,national,2026,276.97194196601555
BDI,national,2027,281.30551809060853
BDI,national,2028,281.61685623589926
BDI,national,2029,282.3929519641516
BDI,national,2030,283.7453399440249
BEL,national,1960,11734.306170839
BEL,national,1961,12277.6347194523
BEL,national,1962,12866.2287658556
BEL,national,1963,13326.1132693154
BEL,national,1964,14118.902318486
BEL,national,1965,14489.4450965924
BEL,national,1966,14846.0973473565
BEL,national,1967,15334.7678862416
BEL,national,1968,15915.1956538995
BEL,national,1969,16922.3543777831
BEL,national,1970,17849.4947135456
BEL,national,1971,18527.1487401867
BEL,national,1972,19432.03103295
BEL,national,1973,20607.1809135777
BEL,national,1974,21480.261317053
BEL,national,1975,20997.2068325293
BEL,national,1976,22144.5236139589
BEL,national,1977,22255.6844094244
BEL,national,1978,22866.8232310329
BEL,national,1979,23381.1272443226
BEL,national,1980,24393.2981775195
BEL,national,1981,24325.8132752066
BEL,national,1982,24477.1998826276
BEL,national,1983,24555.480969759
BEL,national,1984,25161.4909793831
BEL,national,1985,25569.4893301131
BEL,national,1986,26026.2804981502
BEL,national,1987,26603.9280981301
BEL,national,1988,27772.0520454683
BEL,national,1989,28631.3190930238
BEL,national,1990,29441.6621481593
BEL,national,1991,29870.1477747077
BEL,national,1992,30204.5637515713
BEL,national,1993,29797.4063198776
BEL,national,1994,30664.3078546408
BEL,national,1995,31329.892072751
BEL,national,1996,31681.9363634502
BEL,national,1997,32804.3605402361
BEL,national,1998,33376.5748398965
BEL,national,1999,34479.9064484695
BEL,national,2000,35674.7912530713
BEL,national,2001,35943.2379602838
BEL,national,2002,36393.2417665704
BEL,national,2003,36617.3803840227
BEL,national,2004,37761.2813189981
BEL,national,2005,38426.0519083731
BEL,national,2006,39147.7635597291
BEL,national,2007,40290.2277563956
BEL,national,2008,40151.8498740394
BEL,national,2009,39025.2207908291
BEL,national,2010,39777.9252767366
BEL,national,2011,39929.0951439359
BEL,national,2012,39975.5736402458
BEL,national,2013,39970.3174974794
BEL,national,2014,40421.4207919096
BEL,national,2015,41008.296719472
BEL,national,2016,41318.0196388476
BEL,national,2017,41825.7628316432
BEL,national,2018,42382.3182763247
BEL,national,2019,43098.4750626966
BEL,national,2020,40655.5571522973
BEL,national,2021,43262.4315898987
BEL,national,2022,44184.6852868064
BEL,national,2023,44331.96682895709
BEL,national,2024,44559.42408547601
BEL,national,2025,44718.52133467331
BEL,national,2026,45069.95128360539
BEL,national,2027,45475.10936839747
BEL,national,2028,45900.26110902701
BEL,national,2029,46357.17307797441
BEL,national,2030,46830.102143211465
BEN,national,1960,657.21894149189
BEN,national,1961,667.519708604409
BEN,national,1962,634.185933002899
BEN,national,1963,652.908959849862
BEN,national,1964,684.006879033674
BEN,national,1965,706.995675875472
BEN,national,1966,718.412241856919
BEN,national,1967,712.090360993582
BEN,national,1968,724.801236685872
BEN,national,1969,730.561746855489
BEN,national,1970,730.523347660338
BEN,national,1971,704.458103043776
BEN,national,1972,733.570984360391
BEN,national,1973,744.028810804756
BEN,national,1974,751.663718572799
BEN,national,1975,698.485150741883
BEN,national,1976,688.039909695765
BEN,national,1977,704.787862504989
BEN,national,1978,695.880995411096
BEN,national,1979,722.399496351719
BEN,national,1980,750.960006875069
BEN,national,1981,803.165084045435
BEN,national,1982,798.268239517308
BEN,national,1983,742.119327170876
BEN,national,1984,778.291448342773
BEN,national,1985,812.948320289204
BEN,national,1986,806.540433864715
BEN,national,1987,771.161155410528
BEN,national,1988,773.846974425056
BEN,national,1989,729.408784018937
BEN,national,1990,771.075863965365
BEN,national,1991,779.42330901907
BEN,national,1992,778.255268210287
BEN,national,1993,787.819118694945
BEN,national,1994,774.262921871835
BEN,national,1995,804.350332973378
BEN,national,1996,817.849735178736
BEN,national,1997,839.951696664462
BEN,national,1998,847.074487472915
BEN,national,1999,865.452562467544
BEN,national,2000,888.730184630456
BEN,national,2001,908.347702993924
BEN,national,2002,922.417638739897
BEN,national,2003,925.849261137374
BEN,national,2004,938.038178110099
BEN,national,2005,924.269524085128
BEN,national,2006,931.769140879746
BEN,national,2007,959.554993466476
BEN,national,2008,977.303163181215
BEN,national,2009,970.965968934136
BEN,national,2010,962.81610952575
BEN,national,2011,962.744589699526
BEN,national,2012,980.074613212475
BEN,national,2013,1020.5282340508
BEN,national,2014,1054.10876660988
BEN,national,2015,1041.65252315983
BEN,national,2016,1045.15093657582
BEN,national,2017,1072.36203200121
BEN,national,2018,1111.22724747423
BEN,national,2019,1153.72620998083
BEN,national,2020,1164.70896658459
BEN,national,2021,1214.07758989944
BEN,national,2022,1255.60729259081
BEN,national,2023,1288.0978920639275
BEN,national,2024,1331.8765117801008
BEN,national,2025,1393.8723946507198
BEN,national,2026,1457.8093813298613
BEN,national,2027,1524.1816814280774
BEN,national,2028,1568.1951511919779
BEN,national,2029,1612.1455751145068
BEN,national,2030,1656.6538094510408
BFA,national,1960,243.93050553735
BFA,national,1961,250.156278096897
BFA,national,1962,261.624327159299
BFA,national,1963,254.473938037947
BFA,national,1964,256.312297704053
BFA,national,1965,261.742461386161
BFA,national,1966,258.889877358887
BFA,national,1967,277.09131210927
BFA,national,1968,280.780249418058
BFA,national,1969,281.606365864714
BFA,national,1970,277.11683082762
BFA,national,1971,276.300448128691
BFA,national,1972,277.939872872338
BFA,national,1973,274.346713995435
BFA,national,1974,291.630502933277
BFA,national,1975,294.487871813323
BFA,national,1976,312.92757805184
BFA,national,1977,306.9005644689
BFA,national,1978,313.173820458861
BFA,national,1979,316.370110831912
BFA,national,1980,310.472576927602
BFA,national,1981,315.01634272242
BFA,national,1982,335.801318227933
BFA,national,1983,327.595560472876
BFA,national,1984,312.624170042132
BFA,national,1985,329.56999374725
BFA,national,1986,345.877431420371
BFA,national,1987,335.766934588318
BFA,national,1988,345.848563198923
BFA,national,1989,344.090366511405
BFA,national,1990,333.171594848128
BFA,national,1991,354.321888397381
BFA,national,1992,346.507269030771
BFA,national,1993,349.701976103549
BFA,national,1994,345.48170262854
BFA,national,1995,355.987941108887
BFA,national,1996,385.229199903974
BFA,national,1997,399.184999776656
BFA,national,1998,416.741699695686
BFA,national,1999,434.658392235177
BFA,national,2000,429.847372221369
BFA,national,2001,444.549754885185
BFA,national,2002,449.853931204666
BFA,national,2003,470.129582544017
BFA,national,2004,476.009980870819
BFA,national,2005,501.207250155342
BFA,national,2006,516.176767669085
BFA,national,2007,521.345259206121
BFA,national,2008,535.583644683452
BFA,national,2009,535.516834528107
BFA,national,2010,563.926776717482
BFA,national,2011,583.679477111581
BFA,national,2012,602.786758836388
BFA,national,2013,618.804583232191
BFA,national,2014,626.626250796789
BFA,national,2015,632.12668582235
BFA,national,2016,650.417260900551
BFA,national,2017,671.251796273706
BFA,national,2018,696.044570830807
BFA,national,2019,714.646000052737
BFA,national,2020,709.057750116834
BFA,national,2021,738.418660149
BFA,national,2022,732.570323403893
BFA,national,2023,743.7120902761046
BFA,national,2024,770.0545802127803
BFA,national,2025,785.62542803908
BFA,national,2026,804.9257190202491
BFA,national,2027,827.6295947129352
BFA,national,2028,846.6221181048486
BFA,national,2029,866.0231480118927
BFA,national,2030,886.9841523164928
BGD,national,1960,448.1133760021915
BGD,national,1961,460.09668840963946
BGD,national,1962,457.489928213977
BGD,national,1963,466.8036970899605
BGD,national,1964,480.675548650514
BGD,national,1965,476.26546404898147
BGD,national,1966,463.859820189421
BGD,national,1967,466.647034239714
BGD,national,1968,476.818282373904
BGD,national,1969,479.9342495728365
BGD,national,1970,470.87638528745845
BGD,national,1971,420.216201178798
BGD,national,1972,387.0853555898395
BGD,national,1973,401.832234821465
BGD,national,1974,402.0431407792055
BGD,national,1975,395.374443901095
BGD,national,1976,402.5945451517735
BGD,national,1977,412.54386818978503
BGD,national,1978,426.76044268545
BGD,national,1979,428.2838269638405
BGD,national,1980,434.292478109987
BGD,national,1981,442.367889360546
BGD,national,1982,443.2531918779195
BGD,national,1983,450.03405356547
BGD,national,1984,456.1826106367215
BGD,national,1985,461.7846460531215
BGD,national,1986,469.1760437364975
BGD,national,1987,473.153950496609
BGD,national,1988,475.28077856498453
BGD,national,1989,484.987241405914
BGD,national,1990,496.7944462335095
BGD,national,1991,509.30183175343996
BGD,national,1992,525.181281776543
BGD,national,1993,537.3535832379505
BGD,national,1994,551.071838624754
BGD,national,1995,567.2625250336475
BGD,national,1996,582.4193040418005
BGD,national,1997,599.5081756716545
BGD,national,1998,617.188708326565
BGD,national,1999,635.70080871709
BGD,national,2000,656.052759394439
BGD,national,2001,672.4676321166701
BGD,national,2002,688.7997972477369
BGD,national,2003,710.9799620153365
BGD,national,2004,741.0589058171211
BGD,national,2005,779.3357239728996
BGD,national,2006,823.5317114975114
BGD,national,2007,868.7890577093344
BGD,national,2008,908.6571270260686
BGD,national,2009,947.2895838037525
BGD,national,2010,992.5944057926711
BGD,national,2011,1044.1114473570801
BGD,national,2012,1095.640249156355
BGD,national,2013,1147.28916720169
BGD,national,2014,1204.9486961758
BGD,national,2015,1271.8683601021698
BGD,national,2016,1342.1679269340798
BGD,national,2017,1418.45387682188
BGD,national,2018,1509.134277528615
BGD,national,2019,1575.6558636745299
BGD,national,2020,1638.89043966921
BGD,national,2021,1734.5861795432402
BGD,national,2022,1827.670608474188
BGD,national,2023,1918.1749239512587
BGD,national,2024,2035.8773713880846
BGD,national,2025,2093.7195425268424
BGD,national,2026,2178.2636989700486
BGD,national,2027,2282.7388785669505
BGD,national,2028,2400.607491070474
BGD,national,2029,2558.9717670947357
BGD,national,2030,2705.5264574810226
BGR,national,1960,1653.427637670019
BGR,national,1961,1744.255739265421
BGR,national,1962,1870.7027042315685
BGR,national,1963,1940.5156764382302
BGR,national,1964,2076.223545880772
BGR,national,1965,2185.929645062669
BGR,national,1966,2341.9402666265355
BGR,national,1967,2452.714931709555
BGR,national,1968,2480.1414565050295
BGR,national,1969,2580.94283984424
BGR,national,1970,2709.88312524634
BGR,national,1971,2783.2579837900767
BGR,national,1972,2901.1564215472454
BGR,national,1973,3000.1768617179187
BGR,national,1974,3073.9079088953627
BGR,national,1975,3310.773350310822
BGR,national,1976,3396.258622400612
BGR,national,1977,3347.4607795826896
BGR,national,1978,3417.2737517893515
BGR,national,1979,3545.5016599240366
BGR,national,1980,3431.52129713765
BGR,national,1981,3587.69478063472
BGR,national,1982,3660.6072922889
BGR,national,1983,3776.74082304142
BGR,national,1984,3895.88972071386
BGR,national,1985,4000.49254405428
BGR,national,1986,4169.92305521461
BGR,national,1987,4415.89065755722
BGR,national,1988,4893.69403838899
BGR,national,1989,4788.39687862608
BGR,national,1990,4431.02887629317
BGR,national,1991,4097.19211002501
BGR,national,1992,3840.24638175715
BGR,national,1993,3813.70207811926
BGR,national,1994,3896.24427725466
BGR,national,1995,4025.64582657018
BGR,national,1996,4257.09509997779
BGR,national,1997,3678.51659777581
BGR,national,1998,3843.46219983665
BGR,national,1999,3540.55607978555
BGR,national,2000,3721.30349088753
BGR,national,2001,3941.27569082129
BGR,national,2002,4264.27170075693
BGR,national,2003,4523.28622301352
BGR,national,2004,4854.27338684105
BGR,national,2005,5236.08637234369
BGR,national,2006,5634.91120941322
BGR,national,2007,6054.23248486193
BGR,national,2008,6470.5897344519
BGR,national,2009,6294.43339163401
BGR,national,2010,6434.55243121679
BGR,national,2011,6611.30384465112
BGR,national,2012,6699.50300142444
BGR,national,2013,6700.53598752466
BGR,national,2014,6802.71032404882
BGR,national,2015,7078.86032298969
BGR,national,2016,7344.44350277757
BGR,national,2017,7601.43847400596
BGR,national,2018,7862.86182980047
BGR,national,2019,8237.92678290482
BGR,national,2020,7958.82683957222
BGR,national,2021,8638.7183764058
BGR,national,2022,9550.94254965707
BGR,national,2023,9768.39552333839
BGR,national,2024,10137.97849545617
BGR,national,2025,10407.158694106747
BGR,national,2026,10710.932083627256
BGR,national,2027,11055.25471428142
BGR,national,2028,11446.4820258916
BGR,national,2029,11844.147405735657
BGR,national,2030,12245.768882715374
BHR,national,1960,13796.190326138281
BHR,national,1961,13984.929028746528
BHR,national,1962,14222.374493318193
BHR,national,1963,14526.79175558956
BHR,national,1964,14910.357506051481
BHR,national,1965,15397.425125685666
BHR,national,1966,15930.155334660556
BHR,national,1967,16508.54813297615
BHR,national,1968,17080.852586046316
BHR,national,1969,17692.73128321176
BHR,national,1970,18380.714295945047
BHR,national,1971,19327.451981608992
BHR,national,1972,20371.603191199774
BHR,national,1973,21233.10404342774
BHR,national,1974,22195.062592205253
BHR,national,1975,19032.16723720577
BHR,national,1976,20928.686781156375
BHR,national,1977,21564.91885930353
BHR,national,1978,21421.84274603599
BHR,national,1979,20487.281750862894
BHR,national,1980,21290.9433232593
BHR,national,1981,19366.613973183
BHR,national,1982,17281.1316943346
BHR,national,1983,17758.347520025
BHR,national,1984,18004.3939420241
BHR,national,1985,16549.30853768
BHR,national,1986,16156.6221522385
BHR,national,1987,17210.9649504564
BHR,national,1988,17776.6973393422
BHR,national,1989,17234.7932116813
BHR,national,1990,17405.8852025117
BHR,national,1991,18709.7957397915
BHR,national,1992,19275.4814977002
BHR,national,1993,21024.9686175308
BHR,national,1994,20283.0874092638
BHR,national,1995,20403.3705327835
BHR,national,1996,20576.5153881187
BHR,national,1997,20566.5570149467
BHR,national,1998,20915.8334128566
BHR,national,1999,21195.9007780378
BHR,national,2000,21713.5380502274
BHR,national,2001,21681.0282978646
BHR,national,2002,21866.0492284432
BHR,national,2003,22348.9048094348
BHR,national,2004,22325.7030750547
BHR,national,2005,22027.331306682
BHR,national,2006,21783.8515343462
BHR,national,2007,22013.7584157719
BHR,national,2008,21918.0050610342
BHR,national,2009,21157.7934203336
BHR,national,2010,21452.9215198243
BHR,national,2011,21906.7464253804
BHR,national,2012,22484.8548156338
BHR,national,2013,23012.7083415266
BHR,national,2014,23107.9565925844
BHR,national,2015,22795.4488576612
BHR,national,2016,22810.7749240924
BHR,national,2017,23019.2557426695
BHR,national,2018,23023.1197800625
BHR,national,2019,23414.2190743533
BHR,national,2020,22579.3620055846
BHR,national,2021,23407.195851022
BHR,national,2022,24395.4724708891
BHR,national,2023,24451.98653071474
BHR,national,2024,24712.075445143913
BHR,national,2025,25012.285274834532
BHR,national,2026,25266.949208023667
BHR,national,2027,25596.753112040224
BHR,national,2028,25713.46941469161
BHR,national,2029,25850.12920457673
BHR,national,2030,26009.480232197875
BHS,national,1960,19072.9047388231
BHS,national,1961,20103.81931618
BHS,national,1962,21134.5875247244
BHS,national,1963,22243.334433806
BHS,national,1964,23490.7584060194
BHS,national,1965,24853.8584549197
BHS,national,1966,25948.8055779926
BHS,national,1967,27203.6483043595
BHS,national,1968,28200.664465849
BHS,national,1969,29436.7463252079
BHS,national,1970,26783.8440399315
BHS,national,1971,26436.4097746796
BHS,national,1972,24871.8220015978
BHS,national,1973,26148.3401769565
BHS,national,1974,21304.6706498443
BHS,national,1975,17781.0278290989
BHS,national,1976,18320.4999540415
BHS,national,1977,19576.18202312
BHS,national,1978,21886.0643350924
BHS,national,1979,27052.0863842428
BHS,national,1980,28252.2013970059
BHS,national,1981,25172.5798366264
BHS,national,1982,26370.5684917297
BHS,national,1983,26810.0141111997
BHS,national,1984,30027.9977270479
BHS,national,1985,30867.7023863167
BHS,national,1986,30812.3743287536
BHS,national,1987,31134.3739823476
BHS,national,1988,31262.2849539939
BHS,national,1989,32731.8824707099
BHS,national,1990,31592.292935832
BHS,national,1991,29681.336309354
BHS,national,1992,27947.0407143278
BHS,national,1993,27430.7929793885
BHS,national,1994,27733.1918413397
BHS,national,1995,28410.5559033936
BHS,national,1996,29088.1571735194
BHS,national,1997,28965.1900261316
BHS,national,1998,29828.7458287381
BHS,national,1999,31473.3690154197
BHS,national,2000,32300.7658710303
BHS,national,2001,32685.179299654
BHS,national,2002,33129.4836103624
BHS,national,2003,32276.7195057418
BHS,national,2004,32125.0438720896
BHS,national,2005,32765.7446722491
BHS,national,2006,33127.4225467241
BHS,national,2007,33136.4877264182
BHS,national,2008,31908.9320770256
BHS,national,2009,30139.4531745426
BHS,national,2010,30175.6389755738
BHS,national,2011,29984.8841204381
BHS,national,2012,30577.7338128462
BHS,national,2013,29426.0226914783
BHS,national,2014,29701.458031932
BHS,national,2015,29724.9533355233
BHS,national,2016,29253.8913286468
BHS,national,2017,29763.5048408093
BHS,national,2018,30412.1328178751
BHS,national,2019,29988.1653487195
BHS,national,2020,22830.5036025133
BHS,national,2021,26614.1899180299
BHS,national,2022,30283.8969865035
BHS,national,2023,31244.140732227
BHS,national,2024,31469.163956674343
BHS,national,2025,31677.180804318225
BHS,national,2026,31930.938919826014
BHS,national,2027,32213.22977848232
BHS,national,2028,32388.64850935328
BHS,national,2029,32548.9888020578
BHS,national,2030,32710.121968966097
BIH,national,1960,616.147746199201
BIH,national,1961,627.7367320211296
BIH,national,1962,615.5039136535383
BIH,national,1963,681.1748333111335
BIH,national,1964,744.485033634632
BIH,national,1965,765.9461184900553
BIH,national,1966,817.6673329916252
BIH,national,1967,799.2108000159612
BIH,national,1968,826.0371560852403
BIH,national,1969,886.7720262260881
BIH,national,1970,912.3107172040417
BIH,national,1971,963.6027100085032
BIH,national,1972,1000.3011651112769
BIH,national,1973,1030.3466839088694
BIH,national,1974,1097.0906578092356
BIH,national,1975,1126.0631223640569
BIH,national,1976,1130.5699501836957
BIH,national,1977,1211.9074617857498
BIH,national,1978,1282.7290418086463
BIH,national,1979,1368.358770381785
BIH,national,1980,1413.8562702752822
BIH,national,1981,1451.1985579237187
BIH,national,1982,1468.1528149595028
BIH,national,1983,1453.5592772578152
BIH,national,1984,1468.5820366566115
BIH,national,1985,1475.449583810347
BIH,national,1986,1516.4402558842053
BIH,national,1987,1477.8103031444434
BIH,national,1988,1431.0251381596206
BIH,national,1989,1440.2534046474525
BIH,national,1990,1264.7017305300906
BIH,national,1991,1100.7260368172347
BIH,national,1992,822.0065711996276
BIH,national,1993,607.5717464633796
BIH,national,1994,647.481166160052
BIH,national,1995,784.618700705416
BIH,national,1996,1422.94654228381
BIH,national,1997,1846.15252299245
BIH,national,1998,2099.24341873074
BIH,national,1999,2279.74370160852
BIH,national,2000,2554.56412722302
BIH,national,2001,2606.75038802225
BIH,national,2002,2735.53528891356
BIH,national,2003,2851.27355293672
BIH,national,2004,3061.5514269136
BIH,national,2005,3218.59420346468
BIH,national,2006,3423.12398437087
BIH,national,2007,3669.01679463491
BIH,national,2008,3932.01532284236
BIH,national,2009,3878.44046719839
BIH,national,2010,3980.44230694868
BIH,national,2011,4091.58188509905
BIH,national,2012,4133.9027239173
BIH,national,2013,4297.49349638782
BIH,national,2014,4403.67391492671
BIH,national,2015,4654.60862038896
BIH,national,2016,4865.35129060464
BIH,national,2017,5082.997253877
BIH,national,2018,5339.47706826984
BIH,national,2019,5558.08143990697
BIH,national,2020,5459.21962930891
BIH,national,2021,5947.81931821362
BIH,national,2022,6263.70207336802
BIH,national,2023,6405.525028491585
BIH,national,2024,6614.820723796999
BIH,national,2025,6845.685375656725
BIH,national,2026,7116.492871345005
BIH,national,2027,7427.939506589106
BIH,national,2028,7673.10226741062
BIH,national,2029,7928.745496379692
BIH,national,2030,8192.990000750717
BLR,national,1973,2102.554530811969
BLR,national,1980,2391.432062560023
BLR,national,1981,2481.4227072668773
BLR,national,1982,2575.446546134263
BLR,national,1983,2688.8801318992055
BLR,national,1984,2761.9817760588353
BLR,national,1985,2772.820985365263
BLR,national,1986,2830.7981514229004
BLR,national,1987,2847.6871519701253
BLR,national,1988,2822.731763101838
BLR,national,1989,2997.923634449916
BLR,national,1990,2890.53983992577
BLR,national,1991,2854.53622737143
BLR,national,1992,2574.83781487933
BLR,national,1993,2373.90339347031
BLR,national,1994,2098.63564378197
BLR,national,1995,1886.48765500704
BLR,national,1996,1945.84949874724
BLR,national,1997,2176.70415422606
BLR,national,1998,2370.19931902576
BLR,national,1999,2461.84020141509
BLR,national,2000,2616.92718207462
BLR,national,2001,2754.67940755159
BLR,national,2002,2912.1391533393
BLR,national,2003,3139.138008459
BLR,national,2004,3522.50895051924
BLR,national,2005,3880.03540993424
BLR,national,2006,4294.25195442984
BLR,national,2007,4685.00569510858
BLR,national,2008,5180.74043814711
BLR,national,2009,5203.88310280701
BLR,national,2010,5621.96765833161
BLR,national,2011,5938.25288220092
BLR,national,2012,6047.90392508586
BLR,national,2013,6110.9378011916
BLR,national,2014,6212.93577948099
BLR,national,2015,5967.06856034227
BLR,national,2016,5811.25053972855
BLR,national,2017,5964.91436287762
BLR,national,2018,6165.95788671048
BLR,national,2019,6267.76513932041
BLR,national,2020,6252.00881913912
BLR,national,2021,6457.75126990834
BLR,national,2022,6204.09666224383
BLR,national,2023,6336.862717752201
BLR,national,2024,6453.320486615435
BLR,national,2025,6638.608682612891
BLR,national,2026,6763.815876211137
BLR,national,2027,6863.209690572582
BLR,national,2028,6962.6644141562
BLR,national,2029,7056.025221648792
BLR,national,2030,7149.8500498561325
BLZ,national,1960,1558.79146139489
BLZ,national,1961,1593.99986397467
BLZ,national,1962,1629.73185477127
BLZ,national,1963,1664.2429446185
BLZ,national,1964,1697.4875968494
BLZ,national,1965,1729.09200808346
BLZ,national,1966,1757.53619084464
BLZ,national,1967,1788.45913472421
BLZ,national,1968,1863.1266152242
BLZ,national,1969,1903.2355207645
BLZ,national,1970,1949.2017057622
BLZ,national,1971,1990.39228732307
BLZ,national,1972,2159.34042724342
BLZ,national,1973,2242.25497518472
BLZ,national,1974,2511.75845863186
BLZ,national,1975,2558.61527701577
BLZ,national,1976,2506.57880100683
BLZ,national,1977,2616.26119112696
BLZ,national,1978,2767.60283932013
BLZ,national,1979,2915.00791355973
BLZ,national,1980,3231.27371254092
BLZ,national,1981,3188.14652605399
BLZ,national,1982,3108.54725928843
BLZ,national,1983,2970.89337005879
BLZ,national,1984,2959.90914344308
BLZ,national,1985,2921.91686971687
BLZ,national,1986,2985.95270708503
BLZ,national,1987,3233.23007802175
BLZ,national,1988,3471.77836217117
BLZ,national,1989,3838.28426926129
BLZ,national,1990,4112.3351346481
BLZ,national,1991,4501.23662633497
BLZ,national,1992,4972.20639290369
BLZ,national,1993,5171.99742590505
BLZ,national,1994,5060.49017950617
BLZ,national,1995,4968.7931887733
BLZ,national,1996,4873.27030403234
BLZ,national,1997,4909.38308472894
BLZ,national,1998,4923.84254351543
BLZ,national,1999,5206.65184289169
BLZ,national,2000,5657.45668410412
BLZ,national,2001,5755.75700733671
BLZ,national,2002,5879.60420677488
BLZ,national,2003,6252.22071808097
BLZ,national,2004,6355.39959263598
BLZ,national,2005,6305.35056027776
BLZ,national,2006,6399.14591076674
BLZ,national,2007,6422.30432705668
BLZ,national,2008,6147.69092738349
BLZ,national,2009,5954.4055819312
BLZ,national,2010,5879.73330072552
BLZ,national,2011,5729.99205705659
BLZ,national,2012,5807.26305278482
BLZ,national,2013,5930.7323907739
BLZ,national,2014,6034.40219556644
BLZ,national,2015,6098.60007958976
BLZ,national,2016,5974.37916958583
BLZ,national,2017,5750.50356874356
BLZ,national,2018,5699.06280152249
BLZ,national,2019,5833.17356188628
BLZ,national,2020,4957.94386791141
BLZ,national,2021,5768.90838784117
BLZ,national,2022,6191.66283746796
BLZ,national,2023,6312.5659076173615
BLZ,national,2024,6373.377314452096
BLZ,national,2025,6461.17396484865
BLZ,national,2026,6527.952472108596
BLZ,national,2027,6614.82052969862
BLZ,national,2028,6659.43178558132
BLZ,national,2029,6697.93060869648
BLZ,national,2030,6730.92539652342
BMU,national,1960,37935.8868025746
BMU,national,1961,38751.2332290275
BMU,national,1962,39527.7963005175
BMU,national,1963,39029.4477442819
BMU,national,1964,42301.4324101366
BMU,national,1965,43253.5439321124
BMU,national,1966,48593.3905379125
BMU,national,1967,53985.6404754291
BMU,national,1968,54082.1391378599
BMU,national,1969,54904.694262487
BMU,national,1970,57309.1583731722
BMU,national,1971,59713.4402581616
BMU,national,1972,61244.5370420643
BMU,national,1973,62615.315346966
BMU,national,1974,63637.715364399
BMU,national,1975,66534.0405871464
BMU,national,1976,72208.7316209556
BMU,national,1977,76180.8012896717
BMU,national,1978,76999.157806954
BMU,national,1979,78360.6870414336
BMU,national,1980,83239.5346082661
BMU,national,1981,84633.160483289
BMU,national,1982,79583.1339569096
BMU,national,1983,80483.7350107827
BMU,national,1984,80164.5663042104
BMU,national,1985,77902.6541876943
BMU,national,1986,82395.2731829964
BMU,national,1987,84794.9968804905
BMU,national,1988,87481.3787979104
BMU,national,1989,87131.9494123899
BMU,national,1990,86436.2343086978
BMU,national,1991,83812.1328015956
BMU,national,1992,84371.0356555145
BMU,national,1993,86444.678219915
BMU,national,1994,86361.9528113298
BMU,national,1995,89518.2776350258
BMU,national,1996,91261.1514849131
BMU,national,1997,94878.4922499734
BMU,national,1998,97857.323281354
BMU,national,1999,100602.927482617
BMU,national,2000,109001.586029756
BMU,national,2001,115619.474683728
BMU,national,2002,113172.120633639
BMU,national,2003,116268.816861242
BMU,national,2004,118193.148720988
BMU,national,2005,119396.449407765
BMU,national,2006,125294.959387025
BMU,national,2007,128757.880688002
BMU,national,2008,125610.033442692
BMU,national,2009,117886.737990193
BMU,national,2010,115839.79601113
BMU,national,2011,112471.34754245
BMU,national,2012,106119.795030798
BMU,national,2013,105492.480708055
BMU,national,2014,101374.469787793
BMU,national,2015,102005.62564189
BMU,national,2016,102407.394383438
BMU,national,2017,107237.031768386
BMU,national,2018,106697.737486296
BMU,national,2019,107036.239271085
BMU,national,2020,99745.2416064214
BMU,national,2021,102959.254883442
BMU,national,2022,106359.970454024
BOL,national,1960,1275.17751015749
BOL,national,1961,1275.25566351313
BOL,national,1962,1318.73679430981
BOL,national,1963,1379.25739341185
BOL,national,1964,1404.03031424731
BOL,national,1965,1442.22159976987
BOL,national,1966,1513.08024298728
BOL,national,1967,1574.50710651458
BOL,national,1968,1672.21589924873
BOL,national,1969,1709.31631566674
BOL,national,1970,1759.66516466574
BOL,national,1971,1808.31408206939
BOL,national,1972,1909.4087737791
BOL,national,1973,1974.33012210023
BOL,national,1974,1987.16265028233
BOL,national,1975,2085.03168196662
BOL,national,1976,2132.75901059484
BOL,national,1977,2188.88046496916
BOL,national,1978,2184.04869854282
BOL,national,1979,2138.52835477203
BOL,national,1980,2062.96904633706
BOL,national,1981,2023.87974429444
BOL,national,1982,1902.5858918619
BOL,national,1983,1787.05272718654
BOL,national,1984,1746.00948707974
BOL,national,1985,1680.79401809447
BOL,national,1986,1603.29696498391
BOL,national,1987,1608.4035574091
BOL,national,1988,1620.50103683865
BOL,national,1989,1646.80916412334
BOL,national,1990,1687.44272404907
BOL,national,1991,1739.85461002935
BOL,national,1992,1732.73911582417
BOL,national,1993,1770.77689865406
BOL,national,1994,1817.47340246193
BOL,national,1995,1866.65293258167
BOL,national,1996,1912.00225931629
BOL,national,1997,1970.1680814491
BOL,national,1998,2031.97220585345
BOL,national,1999,2003.86130834366
BOL,national,2000,2017.39460861999
BOL,national,2001,2015.37747944243
BOL,national,2002,2029.61794375322
BOL,national,2003,2048.55981761044
BOL,national,2004,2097.25835323189
BOL,national,2005,2152.36196979617
BOL,national,2006,2216.54470883828
BOL,national,2007,2277.50382618283
BOL,national,2008,2376.0780894158
BOL,national,2009,2414.12994536401
BOL,national,2010,2471.47363280645
BOL,national,2011,2556.83026947588
BOL,national,2012,2643.6908163643
BOL,national,2013,2777.72053240937
BOL,national,2014,2882.80689613638
BOL,national,2015,2975.64881143063
BOL,national,2016,3054.89254761291
BOL,national,2017,3135.031645714
BOL,national,2018,3219.20089192093
BOL,national,2019,3242.94884532224
BOL,national,2020,2920.19744733394
BOL,national,2021,3061.8992959744
BOL,national,2022,3134.7663209328002
BOL,national,2023,3146.4666016240644
BOL,national,2024,3161.4039227230687
BOL,national,2025,3156.486931451523
BOL,national,2026,3149.2952456028306
BOL,national,2027,3143.8038150740595
BOL,national,2028,NA
BOL,national,2029,NA
BOL,national,2030,NA
BRA,national,1960,2578.42902491216
BRA,national,1961,2717.00162738988
BRA,national,1962,2811.62743306117
BRA,national,1963,2746.51375008997
BRA,national,1964,2758.86328946951
BRA,national,1965,2746.25804166686
BRA,national,1966,2850.90134598625
BRA,national,1967,2892.6842447479
BRA,national,1968,3095.22191072326
BRA,national,1969,3304.85627138929
BRA,national,1970,3558.85233348657
BRA,national,1971,3866.38544006014
BRA,national,1972,4224.19616113049
BRA,national,1973,4699.43968925884
BRA,national,1974,4962.92236615534
BRA,national,1975,5097.70833229032
BRA,national,1976,5489.98006420902
BRA,national,1977,5626.71699634148
BRA,national,1978,5768.42621601034
BRA,national,1979,6014.86735299888
BRA,national,1980,6415.63781307471
BRA,national,1981,6001.64498975535
BRA,national,1982,5914.56507751669
BRA,national,1983,5613.61151866736
BRA,national,1984,5788.08717052091
BRA,national,1985,6110.35840131311
BRA,national,1986,6433.49798224459
BRA,national,1987,6528.62346899947
BRA,national,1988,6399.48436752405
BRA,national,1989,6479.069095695
BRA,national,1990,6086.07755287989
BRA,national,1991,6043.43263411812
BRA,national,1992,5911.68702310619
BRA,national,1993,6103.37721528216
BRA,national,1994,6358.67878741759
BRA,national,1995,6524.51885337322
BRA,national,1996,6567.3524607614
BRA,national,1997,6689.19937656168
BRA,national,1998,6613.98318082927
BRA,national,1999,6551.22667109972
BRA,national,2000,6745.85777056386
BRA,national,2001,6749.88160346537
BRA,national,2002,6868.69590695211
BRA,national,2003,6865.17325047655
BRA,national,2004,7178.34748516711
BRA,national,2005,7325.90355034829
BRA,national,2006,7534.54250017952
BRA,national,2007,7909.82524736396
BRA,national,2008,8231.10037274506
BRA,national,2009,8142.76104834465
BRA,national,2010,8673.89838344205
BRA,national,2011,8935.27731401951
BRA,national,2012,9025.31399621852
BRA,national,2013,9216.13227969168
BRA,national,2014,9183.4597265639
BRA,national,2015,8783.2154236384
BRA,national,2016,8426.84322068885
BRA,national,2017,8470.94060378721
BRA,national,2018,8553.86590205122
BRA,national,2019,8592.21120694388
BRA,national,2020,8255.56801342826
BRA,national,2021,8621.7315820454
BRA,national,2022,8831.12772868621
BRA,national,2023,9050.746028270885
BRA,national,2024,9136.60685092258
BRA,national,2025,9320.106389823655
BRA,national,2026,9491.686258462752
BRA,national,2027,9631.437509231737
BRA,national,2028,9824.877496134897
BRA,national,2029,10036.731928901581
BRA,national,2030,10260.999441915012
BRB,national,1960,6117.1947837528305
BRB,national,1961,6539.5067637447955
BRB,national,1962,6815.678085810386
BRB,national,1963,6942.2566084237815
BRB,national,1964,7312.786465528448
BRB,national,1965,7442.817129667665
BRB,national,1966,7908.856235653348
BRB,national,1967,8621.148103814185
BRB,national,1968,9699.366973711927
BRB,national,1969,10640.650896418814
BRB,national,1970,11733.829046261777
BRB,national,1971,12098.605334156744
BRB,national,1972,12159.593167779562
BRB,national,1973,12237.841709031478
BRB,national,1974,11599.1955267548
BRB,national,1975,11321.7532755255
BRB,national,1976,11755.0343318513
BRB,national,1977,12119.5436422899
BRB,national,1978,12642.4476148815
BRB,national,1979,13568.6920443994
BRB,national,1980,14092.7504009081
BRB,national,1981,13764.8232563452
BRB,national,1982,13041.1630879555
BRB,national,1983,13062.4359642462
BRB,national,1984,13492.0205507774
BRB,national,1985,13606.7705694931
BRB,national,1986,14275.8762731567
BRB,national,1987,14629.6785924564
BRB,national,1988,15136.1846967335
BRB,national,1989,15681.2691492006
BRB,national,1990,15156.2121164658
BRB,national,1991,14535.1504588051
BRB,national,1992,13665.0639280762
BRB,national,1993,13732.1160739054
BRB,national,1994,13969.8613442244
BRB,national,1995,14219.1043842434
BRB,national,1996,14756.9568171189
BRB,national,1997,15431.1434538548
BRB,national,1998,15981.1102008708
BRB,national,1999,16002.5433073633
BRB,national,2000,16683.4506469959
BRB,national,2001,16244.6160740962
BRB,national,2002,16306.287921942
BRB,national,2003,16596.003114101
BRB,national,2004,16767.2145688566
BRB,national,2005,17367.5632836121
BRB,national,2006,18352.9594164871
BRB,national,2007,18664.2188958837
BRB,national,2008,18703.9335518807
BRB,national,2009,17687.1046763664
BRB,national,2010,17227.3326395674
BRB,national,2011,17050.3440652183
BRB,national,2012,16954.4562899944
BRB,national,2013,16693.8075675886
BRB,national,2014,16655.8392822213
BRB,national,2015,17023.6943646321
BRB,national,2016,17419.7888783615
BRB,national,2017,17466.652539458
BRB,national,2018,17283.3779200865
BRB,national,2019,17298.5067988704
BRB,national,2020,15067.4369830702
BRB,national,2021,14922.5290785462
BRB,national,2022,16588.1488079926
BRB,national,2023,17290.74851715688
BRB,national,2024,17919.630550763584
BRB,national,2025,18411.213073720854
BRB,national,2026,18772.728583730615
BRB,national,2027,19086.50445455241
BRB,national,2028,19418.971225888512
BRB,national,2029,19757.22896518222
BRB,national,2030,20101.378793035157
BRN,national,1974,43472.2337053609
BRN,national,1975,42167.8268809833
BRN,national,1976,49005.9950570554
BRN,national,1977,52604.3087524594
BRN,national,1978,54378.188290733
BRN,national,1979,64531.8909523468
BRN,national,1980,58110.1328118678
BRN,national,1981,45105.9214117011
BRN,national,1982,45364.2024790729
BRN,national,1983,44077.3334367864
BRN,national,1984,42863.0790508749
BRN,national,1985,40810.3486286266
BRN,national,1986,38372.6178035944
BRN,national,1987,37843.1898506465
BRN,national,1988,37010.2718262524
BRN,national,1989,35445.4751443422
BRN,national,1990,34722.5916974606
BRN,national,1991,34762.2347541801
BRN,national,1992,35424.5469847034
BRN,national,1993,34621.7683295107
BRN,national,1994,34827.3340381554
BRN,national,1995,35515.8432525883
BRN,national,1996,35690.9845831718
BRN,national,1997,34377.8575776624
BRN,national,1998,33445.12082804
BRN,national,1999,33739.4937412866
BRN,national,2000,33985.8154780123
BRN,national,2001,34219.3105953449
BRN,national,2002,34857.3931964509
BRN,national,2003,35202.7890912753
BRN,national,2004,34750.5736293603
BRN,national,2005,34290.1107712521
BRN,national,2006,35213.2184254304
BRN,national,2007,34714.5402186574
BRN,national,2008,33526.0026376697
BRN,national,2009,32449.8303270739
BRN,national,2010,32810.5036446723
BRN,national,2011,33577.060427373
BRN,national,2012,33456.2652923041
BRN,national,2013,32341.8890079242
BRN,national,2014,31155.7441054529
BRN,national,2015,30681.4339698653
BRN,national,2016,29601.0965040494
BRN,national,2017,29695.8808249919
BRN,national,2018,29437.8651779688
BRN,national,2019,30313.4138627573
BRN,national,2020,30401.843825384
BRN,national,2021,29673.1658770638
BRN,national,2022,28954.0640896097
BRN,national,2023,28731.57347971379
BRN,national,2024,29741.478659312525
BRN,national,2025,30255.69297312391
BRN,national,2026,30809.934759142914
BRN,national,2027,31416.290019079508
BRN,national,2028,32113.58576025223
BRN,national,2029,32892.86376272699
BRN,national,2030,33659.7329882065
BTN,national,1980,393.637141332232
BTN,national,1981,439.014394364296
BTN,national,1982,440.190141176262
BTN,national,1983,471.362283160345
BTN,national,1984,478.027080756544
BTN,national,1985,482.543413169189
BTN,national,1986,521.768789495768
BTN,national,1987,653.879190207853
BTN,national,1988,665.596634757488
BTN,national,1989,694.652349021801
BTN,national,1990,747.236042599938
BTN,national,1991,732.039199316904
BTN,national,1992,796.247661494132
BTN,national,1993,851.208054395293
BTN,national,1994,892.632412444128
BTN,national,1995,944.40755556375
BTN,national,1996,978.494970025706
BTN,national,1997,1013.40931027108
BTN,national,1998,1053.54195950238
BTN,national,1999,1110.06730448795
BTN,national,2000,1115.62533387989
BTN,national,2001,1176.65326750603
BTN,national,2002,1272.63180270053
BTN,national,2003,1338.50864576213
BTN,national,2004,1385.39643035784
BTN,national,2005,1456.47978828836
BTN,national,2006,1535.42787375135
BTN,national,2007,1795.07178766561
BTN,national,2008,1859.07044679758
BTN,national,2009,1961.9387594802
BTN,national,2010,2171.90980023969
BTN,national,2011,2319.59093567142
BTN,national,2012,2411.89640250588
BTN,national,2013,2436.85978008213
BTN,national,2014,2551.48307297316
BTN,national,2015,2695.63692363803
BTN,national,2016,2889.4938865077
BTN,national,2017,2998.47320692901
BTN,national,2018,3079.1439631488
BTN,national,2019,3233.59788910645
BTN,national,2020,2884.20873698574
BTN,national,2021,2992.43928680985
BTN,national,2022,3104.683629806476
BTN,national,2023,3238.6885558521813
BTN,national,2024,3304.982489632134
BTN,national,2025,3552.8388020615957
BTN,national,2026,3775.3223037808166
BTN,national,2027,3952.1003737861
BTN,national,2028,4146.589228516382
BTN,national,2029,4412.628944799747
BTN,national,2030,4625.377676105373
BWA,national,1960,396.396022936149
BWA,national,1961,412.265743719186
BWA,national,1962,429.892339952098
BWA,national,1963,444.885883662716
BWA,national,1964,464.09616849979
BWA,national,1965,483.59504144703
BWA,national,1966,510.803293666558
BWA,national,1967,537.449827418116
BWA,national,1968,590.232257357247
BWA,national,1969,674.768138488358
BWA,national,1970,782.941710498566
BWA,national,1971,965.710003546954
BWA,national,1972,1176.54571658517
BWA,national,1973,1360.64283750817
BWA,national,1974,1406.87874527908
BWA,national,1975,1449.49629067387
BWA,national,1976,1523.27653634479
BWA,national,1977,1620.5268916926
BWA,national,1978,1760.24942933862
BWA,national,1979,1876.64729771738
BWA,national,1980,2000.66360841295
BWA,national,1981,2083.9512350124
BWA,national,1982,2245.48027477219
BWA,national,1983,2450.36721449737
BWA,national,1984,2566.71231149868
BWA,national,1985,2654.13585360684
BWA,national,1986,2772.31064752819
BWA,national,1987,2997.25841115849
BWA,national,1988,3464.09502152414
BWA,national,1989,3794.93219493997
BWA,national,1990,3931.73022592075
BWA,national,1991,4105.29863318769
BWA,national,1992,4105.76561154666
BWA,national,1993,4065.48756598901
BWA,national,1994,4097.30651586225
BWA,national,1995,4271.47088591569
BWA,national,1996,4410.38894425459
BWA,national,1997,4667.8859110853
BWA,national,1998,4585.67413124652
BWA,national,1999,4922.3738968436
BWA,national,2000,4917.23208888654
BWA,national,2001,4831.78376206822
BWA,national,2002,5030.2652160805
BWA,national,2003,5171.54125291768
BWA,national,2004,5219.41450446759
BWA,national,2005,5360.01917590494
BWA,national,2006,5700.21985600028
BWA,national,2007,5913.06993071736
BWA,national,2008,5982.66196430474
BWA,national,2009,5031.98361361697
BWA,national,2010,5428.29615842458
BWA,national,2011,5684.35789175524
BWA,national,2012,5566.68178544504
BWA,national,2013,6067.99843683077
BWA,national,2014,6291.27181141172
BWA,national,2015,5869.73757890628
BWA,national,2016,6166.23992710298
BWA,national,2017,6287.83474936723
BWA,national,2018,6418.70635422259
BWA,national,2019,6485.56819794359
BWA,national,2020,5810.89847606742
BWA,national,2021,6395.13966315715
BWA,national,2022,6657.58508921651
BWA,national,2023,6796.86297586599
BWA,national,2024,6960.831111334709
BWA,national,2025,6890.583949063625
BWA,national,2026,7066.1794147276905
BWA,national,2027,7221.910730863493
BWA,national,2028,7475.019686689303
BWA,national,2029,7734.262459047627
BWA,national,2030,7971.024088157116
CAF,national,1960,583.648968011105
CAF,national,1961,601.5881672512
CAF,national,1962,568.562999452563
CAF,national,1963,553.828340194447
CAF,national,1964,554.278024733747
CAF,national,1965,548.190290802574
CAF,national,1966,540.134010034164
CAF,national,1967,553.093221276461
CAF,national,1968,548.253367873413
CAF,national,1969,573.696584446321
CAF,national,1970,574.063617706203
CAF,national,1971,568.488723601313
CAF,national,1972,557.29447635351
CAF,national,1973,556.885485840387
CAF,national,1974,580.709466743638
CAF,national,1975,571.669762851224
CAF,national,1976,593.776778049133
CAF,national,1977,610.140243364448
CAF,national,1978,611.277990943683
CAF,national,1979,590.130146503661
CAF,national,1980,557.877977651788
CAF,national,1981,543.471230189675
CAF,national,1982,579.087967503791
CAF,national,1983,526.172596368677
CAF,national,1984,569.570449533484
CAF,national,1985,585.090482119641
CAF,national,1986,598.857583355886
CAF,national,1987,562.323381236797
CAF,national,1988,562.977282124823
CAF,national,1989,560.015098939387
CAF,national,1990,531.386005186624
CAF,national,1991,512.251839994438
CAF,national,1992,464.335463318982
CAF,national,1993,451.199935173444
CAF,national,1994,458.654523583543
CAF,national,1995,478.343894844851
CAF,national,1996,447.350630664551
CAF,national,1997,458.133835282113
CAF,national,1998,466.634108539465
CAF,national,1999,470.168358919745
CAF,national,2000,445.803292984421
CAF,national,2001,455.338380225211
CAF,national,2002,461.498085646823
CAF,national,2003,426.159580840432
CAF,national,2004,442.015236050639
CAF,national,2005,436.100265100646
CAF,national,2006,447.808106503381
CAF,national,2007,459.746066353429
CAF,national,2008,459.562457200129
CAF,national,2009,488.388025038458
CAF,national,2010,500.529277355033
CAF,national,2011,513.594266750323
CAF,national,2012,534.883562611355
CAF,national,2013,338.165705774485
CAF,national,2014,338.700384843051
CAF,national,2015,351.879754769554
CAF,national,2016,362.218331167884
CAF,national,2017,371.603131036313
CAF,national,2018,378.263077805926
CAF,national,2019,381.414046354948
CAF,national,2020,375.216924073281
CAF,national,2021,370.98037302326
CAF,national,2022,364.690753381785
CAF,national,2023,360.855022423108
CAF,national,2024,362.0589903068252
CAF,national,2025,357.41955119855595
CAF,national,2026,353.379982563806
CAF,national,2027,352.29022057441415
CAF,national,2028,353.96114425819854
CAF,national,2029,355.60953911244997
CAF,national,2030,357.0537953010015
CAN,national,1960,14229.8321040337
CAN,national,1961,14389.3977893
CAN,national,1962,15173.0239939878
CAN,national,1963,15689.6977668917
CAN,national,1964,16419.3872458637
CAN,national,1965,17143.4031340177
CAN,national,1966,17955.2591232598
CAN,national,1967,18180.2056313891
CAN,national,1968,18782.9249050158
CAN,national,1969,19464.131488795
CAN,national,1970,21428.9091562301
CAN,national,1971,21642.5407785898
CAN,national,1972,22573.5662845611
CAN,national,1973,23799.6955335027
CAN,national,1974,24257.8167998797
CAN,national,1975,24275.8127521832
CAN,national,1976,25369.4634276064
CAN,national,1977,25960.6392190527
CAN,national,1978,26663.7707119666
CAN,national,1979,27384.677926987
CAN,national,1980,27622.3733827823
CAN,national,1981,28215.5308546984
CAN,national,1982,26999.0790715116
CAN,national,1983,27418.4916003319
CAN,national,1984,28762.9721968164
CAN,national,1985,29851.643282805
CAN,national,1986,30183.4087849598
CAN,national,1987,31001.1298424264
CAN,national,1988,31951.5504814006
CAN,national,1989,32116.9233356971
CAN,national,1990,31700.5462697892
CAN,national,1991,30654.3331377446
CAN,national,1992,30563.3788184233
CAN,national,1993,31032.7546013139
CAN,national,1994,32074.1562430473
CAN,national,1995,32595.4515181692
CAN,national,1996,32801.3018549155
CAN,national,1997,33867.0079131743
CAN,national,1998,34894.6134280252
CAN,national,1999,36391.5353258957
CAN,national,2000,37906.8601153293
CAN,national,2001,38200.3982353399
CAN,national,2002,38920.5751086257
CAN,national,2003,39268.0788180685
CAN,national,2004,40106.4381545615
CAN,national,2005,41004.9244679643
CAN,national,2006,41663.5366093432
CAN,national,2007,42106.6944690279
CAN,national,2008,42067.7964538098
CAN,national,2009,40377.8249267047
CAN,national,2010,41165.5661851203
CAN,national,2011,42043.5109543613
CAN,national,2012,42319.6349197717
CAN,national,2013,42848.7740986587
CAN,national,2014,43639.08653057221
CAN,national,2015,43596.1355365546
CAN,national,2016,43552.9298181401
CAN,national,2017,44339.1933321435
CAN,national,2018,44916.4741565439
CAN,national,2019,45120.9997632359
CAN,national,2020,42390.0630981047
CAN,national,2021,44375.1271884764
CAN,national,2022,45237.7794727723
CAN,national,2023,44753.82795406599
CAN,national,2024,44863.21990250852
CAN,national,2025,44884.77065229809
CAN,national,2026,45666.87835511254
CAN,national,2027,46171.53037808959
CAN,national,2028,46616.96982033704
CAN,national,2029,47005.815531146705
CAN,national,2030,47342.90756046925
CHE,national,1960,35677.314232920704
CHE,national,1961,37747.51110150309
CHE,national,1962,38808.371641700614
CHE,national,1963,40212.62500268022
CHE,national,1964,41864.95478401813
CHE,national,1965,43188.955798577226
CHE,national,1966,44109.386946047205
CHE,national,1967,45238.51336467673
CHE,national,1968,46662.98771547703
CHE,national,1969,48652.66964720861
CHE,national,1970,51207.297005637905
CHE,national,1971,53405.6986355458
CHE,national,1972,55303.00784047283
CHE,national,1973,56713.67743722373
CHE,national,1974,56091.12699822597
CHE,national,1975,53364.289607758335
CHE,national,1976,53985.685870213674
CHE,national,1977,55463.651461971764
CHE,national,1978,57051.91550317207
CHE,national,1979,58103.79235365699
CHE,national,1980,59771.4492156252
CHE,national,1981,60397.2730635793
CHE,national,1982,59259.1607670029
CHE,national,1983,59382.7014168699
CHE,national,1984,60949.9323053047
CHE,national,1985,62910.6581375252
CHE,national,1986,63747.3357624833
CHE,national,1987,64352.5553398685
CHE,national,1988,65975.1065122222
CHE,national,1989,68278.0620563222
CHE,national,1990,70063.8516904882
CHE,national,1991,68559.9381759437
CHE,national,1992,67778.5474864057
CHE,national,1993,67079.4643889041
CHE,national,1994,67391.8443342897
CHE,national,1995,67264.9112941914
CHE,national,1996,67284.1091295952
CHE,national,1997,68640.0744509045
CHE,national,1998,70510.0254673626
CHE,national,1999,71341.3428528522
CHE,national,2000,73749.9388039148
CHE,national,2001,74439.463600957
CHE,national,2002,73824.3848823894
CHE,national,2003,73254.952914928
CHE,national,2004,74718.6836114474
CHE,national,2005,76282.9839647849
CHE,national,2006,78893.8077357762
CHE,national,2007,81254.1700504637
CHE,national,2008,82481.068036134
CHE,national,2009,79585.5215942023
CHE,national,2010,81315.4228645667
CHE,national,2011,81874.3361860796
CHE,national,2012,81964.8864216996
CHE,national,2013,82479.9215356402
CHE,national,2014,83394.3711423724
CHE,national,2015,83806.4476003837
CHE,national,2016,84611.0998479606
CHE,national,2017,84967.5885484699
CHE,national,2018,86756.6021294513
CHE,national,2019,87123.6604363226
CHE,national,2020,84637.0132313179
CHE,national,2021,88520.3220012179
CHE,national,2022,90057.0359422233
CHE,national,2023,90160.47058721929
CHE,national,2024,91099.40717515205
CHE,national,2025,91239.73419673096
CHE,national,2026,92071.4161801055
CHE,national,2027,92484.23728601789
CHE,national,2028,93485.20852122124
CHE,national,2029,93940.0570264788
CHE,national,2030,94956.78463650512
CHL,national,1960,3288.60746837947
CHL,national,1961,3389.61521440604
CHL,national,1962,3454.39282439108
CHL,national,1963,3584.3775536804
CHL,national,1964,3605.62504951176
CHL,national,1965,3571.1406726069
CHL,national,1966,3900.11754719019
CHL,national,1967,3969.8150754591
CHL,national,1968,4040.8199344475
CHL,national,1969,4128.26932527641
CHL,national,1970,4133.49394459911
CHL,national,1971,4448.73383393642
CHL,national,1972,4333.31556939234
CHL,national,1973,4050.6734954174
CHL,national,1974,4081.86641524948
CHL,national,1975,3499.08556462715
CHL,national,1976,3577.59523318418
CHL,national,1977,3891.83492149666
CHL,national,1978,4128.36703336192
CHL,national,1979,4409.94766295588
CHL,national,1980,4693.44082285576
CHL,national,1981,4927.62209209809
CHL,national,1982,4321.82254494704
CHL,national,1983,4047.01738947962
CHL,national,1984,4153.70284975561
CHL,national,1985,4257.6522479627
CHL,national,1986,4419.17717906346
CHL,national,1987,4631.29762497081
CHL,national,1988,4892.34717965475
CHL,national,1989,5291.71769146141
CHL,national,1990,5380.31790088782
CHL,national,1991,5706.52341028346
CHL,national,1992,6242.32996648293
CHL,national,1993,6550.9135478083
CHL,national,1994,6777.65315953877
CHL,national,1995,7277.56189356649
CHL,national,1996,7666.98478435409
CHL,national,1997,8125.95552843634
CHL,national,1998,8359.87490225593
CHL,national,1999,8238.30095198812
CHL,national,2000,8549.07907277501
CHL,national,2001,8720.91013452207
CHL,national,2002,8902.83797477025
CHL,national,2003,9226.15045327464
CHL,national,2004,9744.32243851806
CHL,national,2005,10212.7824998686
CHL,national,2006,10725.0547635292
CHL,national,2007,11169.2867807371
CHL,national,2008,11477.0900930207
CHL,national,2009,11232.8231190015
CHL,national,2010,11770.7565803284
CHL,national,2011,12380.0152958743
CHL,national,2012,13014.5824913304
CHL,national,2013,13316.0522954787
CHL,national,2014,13418.9757682399
CHL,national,2015,13567.3572174332
CHL,national,2016,13642.0180926986
CHL,national,2017,13612.9242460618
CHL,national,2018,13904.1153384034
CHL,national,2019,13758.7470143212
CHL,national,2020,12738.7248380454
CHL,national,2021,14093.0909316533
CHL,national,2022,14355.606236598
CHL,national,2023,14184.548230315026
CHL,national,2024,14322.617431222054
CHL,national,2025,14553.330907913165
CHL,national,2026,14809.42678875956
CHL,national,2027,15037.143051211313
CHL,national,2028,15305.920870803
CHL,national,2029,15582.495631389105
CHL,national,2030,15857.2353489448
CHN,national,1960,238.217052030436
CHN,national,1961,175.02368145812
CHN,national,1962,163.907043816563
CHN,national,1963,176.400455775786
CHN,national,1964,203.687834198539
CHN,national,1965,232.607206828193
CHN,national,1966,250.304902689984
CHN,national,1967,229.876274101085
CHN,national,1968,214.770065975685
CHN,national,1969,244.363964322491
CHN,national,1970,283.585356324256
CHN,national,1971,295.380170974906
CHN,national,1972,299.190888197799
CHN,national,1973,315.129663483101
CHN,national,1974,315.816664009024
CHN,national,1975,337.344119020111
CHN,national,1976,326.949460515882
CHN,national,1977,346.939156011652
CHN,national,1978,381.099329479755
CHN,national,1979,404.596632533962
CHN,national,1980,430.85540978433
CHN,national,1981,447.11978643755
CHN,national,1982,480.311322412971
CHN,national,1983,524.409363188345
CHN,national,1984,596.201109056481
CHN,national,1985,667.128541913455
CHN,national,1986,716.105339985997
CHN,national,1987,786.864881580875
CHN,national,1988,861.193486642097
CHN,national,1989,883.764155150579
CHN,national,1990,905.032457182581
CHN,national,1991,975.462915544481
CHN,national,1992,1100.64611587843
CHN,national,1993,1239.12937323978
CHN,national,1994,1384.93015733986
CHN,national,1995,1520.02946936629
CHN,national,1996,1653.43378890252
CHN,national,1997,1787.76697705867
CHN,national,1998,1909.62232838775
CHN,national,1999,2038.20647410648
CHN,national,2000,2193.89686642786
CHN,national,2001,2359.57238508918
CHN,national,2002,2557.8916119735
CHN,national,2003,2797.17665915912
CHN,national,2004,3061.83317270117
CHN,national,2005,3390.71615949399
CHN,national,2006,3800.76579592557
CHN,national,2007,4319.03139754429
CHN,national,2008,4711.64344920235
CHN,national,2009,5128.9041276874
CHN,national,2010,5647.06872715225
CHN,national,2011,6152.69687273613
CHN,national,2012,6591.66249406498
CHN,national,2013,7056.42309150833
CHN,national,2014,7532.78530126065
CHN,national,2015,8016.44559491162
CHN,national,2016,8516.52874232698
CHN,national,2017,9053.22872457598
CHN,national,2018,9619.20947506207
CHN,national,2019,10155.510883076
CHN,national,2020,10358.1699972413
CHN,national,2021,11223.255347703
CHN,national,2022,11560.2421221288
CHN,national,2023,12142.458054677909
CHN,national,2024,12653.128585436503
CHN,national,2025,13252.634248020855
CHN,national,2026,13813.779553551012
CHN,national,2027,14385.968197499684
CHN,national,2028,15006.96699896179
CHN,national,2029,15604.355862320108
CHN,national,2030,16179.04971426098
CHN,rural,1960,238.217052030436
CHN,rural,1961,175.02368145812
CHN,rural,1962,163.907043816563
CHN,rural,1963,176.400455775786
CHN,rural,1964,203.687834198539
CHN,rural,1965,232.607206828193
CHN,rural,1966,250.304902689984
CHN,rural,1967,229.876274101085
CHN,rural,1968,214.770065975685
CHN,rural,1969,244.363964322491
CHN,rural,1970,283.585356324256
CHN,rural,1971,295.380170974906
CHN,rural,1972,299.190888197799
CHN,rural,1973,315.129663483101
CHN,rural,1974,315.816664009024
CHN,rural,1975,337.344119020111
CHN,rural,1976,326.949460515882
CHN,rural,1977,346.939156011652
CHN,rural,1978,381.099329479755
CHN,rural,1979,404.596632533962
CHN,rural,1980,430.85540978433
CHN,rural,1981,447.11978643755
CHN,rural,1982,480.311322412971
CHN,rural,1983,524.409363188345
CHN,rural,1984,596.201109056481
CHN,rural,1985,667.128541913455
CHN,rural,1986,716.105339985997
CHN,rural,1987,786.864881580875
CHN,rural,1988,861.193486642097
CHN,rural,1989,883.764155150579
CHN,rural,1990,905.032457182581
CHN,rural,1991,975.462915544481
CHN,rural,1992,1100.64611587843
CHN,rural,1993,1239.12937323978
CHN,rural,1994,1384.93015733986
CHN,rural,1995,1520.02946936629
CHN,rural,1996,1653.43378890252
CHN,rural,1997,1787.76697705867
CHN,rural,1998,1909.62232838775
CHN,rural,1999,2038.20647410648
CHN,rural,2000,2193.89686642786
CHN,rural,2001,2359.57238508918
CHN,rural,2002,2557.8916119735
CHN,rural,2003,2797.17665915912
CHN,rural,2004,3061.83317270117
CHN,rural,2005,3390.71615949399
CHN,rural,2006,3800.76579592557
CHN,rural,2007,4319.03139754429
CHN,rural,2008,4711.64344920235
CHN,rural,2009,5128.9041276874
CHN,rural,2010,5647.06872715225
CHN,rural,2011,6152.69687273613
CHN,rural,2012,6591.66249406498
CHN,rural,2013,7056.42309150833
CHN,rural,2014,7532.78530126065
CHN,rural,2015,8016.44559491162
CHN,rural,2016,8516.52874232698
CHN,rural,2017,9053.22872457598
CHN,rural,2018,9619.20947506207
CHN,rural,2019,10155.510883076
CHN,rural,2020,10358.1699972413
CHN,rural,2021,11223.255347703
CHN,rural,2022,11560.2421221288
CHN,rural,2023,12142.458054677909
CHN,rural,2024,12653.128585436503
CHN,rural,2025,13252.634248020855
CHN,rural,2026,13813.779553551012
CHN,rural,2027,14385.968197499684
CHN,rural,2028,15006.96699896179
CHN,rural,2029,15604.355862320108
CHN,rural,2030,16179.04971426098
CHN,urban,1960,238.217052030436
CHN,urban,1961,175.02368145812
CHN,urban,1962,163.907043816563
CHN,urban,1963,176.400455775786
CHN,urban,1964,203.687834198539
CHN,urban,1965,232.607206828193
CHN,urban,1966,250.304902689984
CHN,urban,1967,229.876274101085
CHN,urban,1968,214.770065975685
CHN,urban,1969,244.363964322491
CHN,urban,1970,283.585356324256
CHN,urban,1971,295.380170974906
CHN,urban,1972,299.190888197799
CHN,urban,1973,315.129663483101
CHN,urban,1974,315.816664009024
CHN,urban,1975,337.344119020111
CHN,urban,1976,326.949460515882
CHN,urban,1977,346.939156011652
CHN,urban,1978,381.099329479755
CHN,urban,1979,404.596632533962
CHN,urban,1980,430.85540978433
CHN,urban,1981,447.11978643755
CHN,urban,1982,480.311322412971
CHN,urban,1983,524.409363188345
CHN,urban,1984,596.201109056481
CHN,urban,1985,667.128541913455
CHN,urban,1986,716.105339985997
CHN,urban,1987,786.864881580875
CHN,urban,1988,861.193486642097
CHN,urban,1989,883.764155150579
CHN,urban,1990,905.032457182581
CHN,urban,1991,975.462915544481
CHN,urban,1992,1100.64611587843
CHN,urban,1993,1239.12937323978
CHN,urban,1994,1384.93015733986
CHN,urban,1995,1520.02946936629
CHN,urban,1996,1653.43378890252
CHN,urban,1997,1787.76697705867
CHN,urban,1998,1909.62232838775
CHN,urban,1999,2038.20647410648
CHN,urban,2000,2193.89686642786
CHN,urban,2001,2359.57238508918
CHN,urban,2002,2557.8916119735
CHN,urban,2003,2797.17665915912
CHN,urban,2004,3061.83317270117
CHN,urban,2005,3390.71615949399
CHN,urban,2006,3800.76579592557
CHN,urban,2007,4319.03139754429
CHN,urban,2008,4711.64344920235
CHN,urban,2009,5128.9041276874
CHN,urban,2010,5647.06872715225
CHN,urban,2011,6152.69687273613
CHN,urban,2012,6591.66249406498
CHN,urban,2013,7056.42309150833
CHN,urban,2014,7532.78530126065
CHN,urban,2015,8016.44559491162
CHN,urban,2016,8516.52874232698
CHN,urban,2017,9053.22872457598
CHN,urban,2018,9619.20947506207
CHN,urban,2019,10155.510883076
CHN,urban,2020,10358.1699972413
CHN,urban,2021,11223.255347703
CHN,urban,2022,11560.2421221288
CHN,urban,2023,12142.458054677909
CHN,urban,2024,12653.128585436503
CHN,urban,2025,13252.634248020855
CHN,urban,2026,13813.779553551012
CHN,urban,2027,14385.968197499684
CHN,urban,2028,15006.96699896179
CHN,urban,2029,15604.355862320108
CHN,urban,2030,16179.04971426098
CIV,national,1960,1481.05903721066
CIV,national,1961,1569.07190669174
CIV,national,1962,1528.75611694691
CIV,national,1963,1683.67476973345
CIV,national,1964,1904.65130427955
CIV,national,1965,1774.9717683168
CIV,national,1966,1904.86948879064
CIV,national,1967,1916.35971418604
CIV,national,1968,2074.22361362656
CIV,national,1969,2183.43703823923
CIV,national,1970,2312.31495997052
CIV,national,1971,2423.97789877528
CIV,national,1972,2416.34516501982
CIV,national,1973,2446.37837218568
CIV,national,1974,2438.61978429264
CIV,national,1975,2522.38029906485
CIV,national,1976,2733.05690258961
CIV,national,1977,2824.91153369897
CIV,national,1978,3017.17524615181
CIV,national,1979,2975.23138931803
CIV,national,1980,2551.12946696018
CIV,national,1981,2543.09988476104
CIV,national,1982,2455.22829581221
CIV,national,1983,2274.58425836364
CIV,national,1984,2135.08242933815
CIV,national,1985,2154.45550210105
CIV,national,1986,2150.15031835307
CIV,national,1987,2071.50499870503
CIV,national,1988,2023.0138978755
CIV,national,1989,2006.38988876195
CIV,national,1990,1909.8280596927
CIV,national,1991,1839.75243654871
CIV,national,1992,1768.20255431668
CIV,national,1993,1701.43299976845
CIV,national,1994,1654.85928756342
CIV,national,1995,1711.11094917997
CIV,national,1996,1779.74207000664
CIV,national,1997,1884.72198894703
CIV,national,1998,1900.21338096894
CIV,national,1999,1865.12305097609
CIV,national,2000,1809.92080078093
CIV,national,2001,1725.1559416399
CIV,national,2002,1636.44695143854
CIV,national,2003,1521.88484252732
CIV,national,2004,1534.07671711286
CIV,national,2005,1514.62055823505
CIV,national,2006,1523.2330581289
CIV,national,2007,1507.08959602948
CIV,national,2008,1545.88009295392
CIV,national,2009,1568.02113631923
CIV,national,2010,1640.31503441648
CIV,national,2011,1520.34230282865
CIV,national,2012,1602.910923651
CIV,national,2013,1739.15519495016
CIV,national,2014,1858.6153535295
CIV,national,2015,1941.58189772117
CIV,national,2016,2027.83397587404
CIV,national,2017,2122.50261948555
CIV,national,2018,2168.91344210728
CIV,national,2019,2252.54331623304
CIV,national,2020,2234.90947297008
CIV,national,2021,2333.35312221006
CIV,national,2022,2430.30692104788
CIV,national,2023,2515.5801494982397
CIV,national,2024,2613.6534324241297
CIV,national,2025,2699.535433969006
CIV,national,2026,2797.2675116479386
CIV,national,2027,2907.9834912305373
CIV,national,2028,3013.7369985585233
CIV,national,2029,3135.056235150088
CIV,national,2030,3255.163424735823
CMR,national,1960,943.278461690029
CMR,national,1961,939.256949493969
CMR,national,1962,948.941267278626
CMR,national,1963,962.024289793892
CMR,national,1964,973.075116458638
CMR,national,1965,969.431660007868
CMR,national,1966,989.902766346372
CMR,national,1967,860.408041661786
CMR,national,1968,892.297375438933
CMR,national,1969,912.351907441442
CMR,national,1970,916.28528528468
CMR,national,1971,923.194755823632
CMR,national,1972,922.528668726601
CMR,national,1973,945.658605844593
CMR,national,1974,1018.63951742643
CMR,national,1975,1102.13211571735
CMR,national,1976,1014.06786279944
CMR,national,1977,1123.99105750513
CMR,national,1978,1334.26135070701
CMR,national,1979,1375.29459126441
CMR,national,1980,1304.50791850874
CMR,national,1981,1473.87123678908
CMR,national,1982,1546.47683915219
CMR,national,1983,1618.03053287793
CMR,national,1984,1689.97696962039
CMR,national,1985,1771.16536097953
CMR,national,1986,1833.42028601338
CMR,national,1987,1738.83546979405
CMR,national,1988,1554.2823818476
CMR,national,1989,1480.64451068788
CMR,national,1990,1348.73034978672
CMR,national,1991,1259.11726270818
CMR,national,1992,1184.78708873022
CMR,national,1993,1059.52036255805
CMR,national,1994,1048.98721255161
CMR,national,1995,1049.70666322338
CMR,national,1996,1064.64604530905
CMR,national,1997,1083.64160979466
CMR,national,1998,1105.24520404864
CMR,national,1999,1124.90047670042
CMR,national,2000,1137.62452691047
CMR,national,2001,1156.0503908101
CMR,national,2002,1175.87167372501
CMR,national,2003,1206.6105120184
CMR,national,2004,1256.69364973857
CMR,national,2005,1250.05888278874
CMR,national,2006,1262.87190619928
CMR,national,2007,1281.39248461374
CMR,national,2008,1281.01983709035
CMR,national,2009,1277.18161920932
CMR,national,2010,1277.26569338387
CMR,national,2011,1283.56704125931
CMR,national,2012,1305.66803322188
CMR,national,2013,1332.86000415064
CMR,national,2014,1366.96659460157
CMR,national,2015,1399.67533591995
CMR,national,2016,1420.02987198496
CMR,national,2017,1429.23468501772
CMR,national,2018,1445.26777131721
CMR,national,2019,1454.56406897808
CMR,national,2020,1419.32820833604
CMR,national,2021,1428.56258538397
CMR,national,2022,1441.79490493379
CMR,national,2023,1462.682743998105
CMR,national,2024,1487.0320402993061
CMR,national,2025,1503.0565206203776
CMR,national,2026,1521.3995262958942
CMR,national,2027,1542.0055851257762
CMR,national,2028,1576.0350254380016
CMR,national,2029,1610.8057323901533
CMR,national,2030,1646.5416363626653
COD,national,1960,1254.73391008502
COD,national,1961,1090.26429421993
COD,national,1962,1287.49804840923
COD,national,1963,1319.20738060992
COD,national,1964,1253.04148092305
COD,national,1965,1231.25547186112
COD,national,1966,1277.78626710236
COD,national,1967,1228.86475973932
COD,national,1968,1244.99182500109
COD,national,1969,1322.1894791744
COD,national,1970,1281.73332205116
COD,national,1971,1321.88751599491
COD,national,1972,1289.00703517087
COD,national,1973,1356.87153504608
COD,national,1974,1362.29011387722
COD,national,1975,1260.49398538464
COD,national,1976,1163.18369604146
COD,national,1977,1142.97212822281
COD,national,1978,1049.06068267248
COD,national,1979,1017.47361665406
COD,national,1980,1008.43045697768
COD,national,1981,1003.97541614583
COD,national,1982,972.414275748265
COD,national,1983,959.42030303537
COD,national,1984,982.941026228639
COD,national,1985,958.035453646271
COD,national,1986,973.974620396511
COD,national,1987,969.848255418567
COD,national,1988,944.456829346782
COD,national,1989,903.692817173234
COD,national,1990,817.080969190176
COD,national,1991,723.98664124724
COD,national,1992,628.739888075039
COD,national,1993,526.892883644427
COD,national,1994,482.788909339966
COD,national,1995,466.245757410296
COD,national,1996,452.763057634669
COD,national,1997,420.62413949497
COD,national,1998,404.115483123004
COD,national,1999,375.950524825927
COD,national,2000,339.969449284409
COD,national,2001,322.93003714483
COD,national,2002,322.440051961766
COD,national,2003,330.548987183774
COD,national,2004,342.459997388541
COD,national,2005,352.321229809401
COD,national,2006,359.428071688367
COD,national,2007,369.840754154091
COD,national,2008,380.494910456936
COD,national,2009,379.054881049662
COD,national,2010,393.02745089116
COD,national,2011,406.201028743869
COD,national,2012,420.629365516991
COD,national,2013,441.012978269866
COD,national,2014,466.424946756231
COD,national,2015,482.064568638238
COD,national,2016,476.814904653245
COD,national,2017,477.847891218238
COD,national,2018,489.382374635897
COD,national,2019,494.81924776865
COD,national,2020,487.433133172625
COD,national,2021,501.239088458485
COD,national,2022,528.788834504898
COD,national,2023,546.6258277321156
COD,national,2024,554.2322592375593
COD,national,2025,562.5288855977257
COD,national,2026,572.2959536946487
COD,national,2027,584.4009791508602
COD,national,2028,597.9342009954729
COD,national,2029,610.8732489623214
COD,national,2030,621.9910504624484
COG,national,1960,1194.03358893268
COG,national,1961,1260.621635788
COG,national,1962,1291.72661246596
COG,national,1963,1206.85675716811
COG,national,1964,1219.12987212711
COG,national,1965,1229.25582030838
COG,national,1966,1211.14975890995
COG,national,1967,1201.76095292841
COG,national,1968,1256.30433384463
COG,national,1969,1311.7009411517
COG,national,1970,1353.87073713191
COG,national,1971,1415.10693710435
COG,national,1972,1490.36667121838
COG,national,1973,1563.77336905315
COG,national,1974,1635.61564755836
COG,national,1975,1713.65110120527
COG,national,1976,1687.31592504735
COG,national,1977,1499.54035299664
COG,national,1978,1557.45745982226
COG,national,1979,1671.07036396078
COG,national,1980,1921.68940236199
COG,national,1981,2210.39980695193
COG,national,1982,2673.27401199954
COG,national,1983,2771.46043106572
COG,national,1984,2890.91139029232
COG,national,1985,2772.40493438902
COG,national,1986,2506.45772020835
COG,national,1987,2438.01224038523
COG,national,1988,2409.85474185518
COG,national,1989,2402.31395138247
COG,national,1990,2358.94307501345
COG,national,1991,2349.22899479059
COG,national,1992,2345.29608786532
COG,national,1993,2256.78144755963
COG,national,1994,2072.84514985323
COG,national,1995,2098.0068021576
COG,national,1996,2130.31364802974
COG,national,1997,2073.97003880679
COG,national,1998,2105.97602411824
COG,national,1999,1997.5332382683
COG,national,2000,2068.38985347064
COG,national,2001,2067.82013227868
COG,national,2002,2112.54008707665
COG,national,2003,2071.57801683645
COG,national,2004,2071.9893895073
COG,national,2005,2153.76715281203
COG,national,2006,2240.08996600029
COG,national,2007,2016.31532974407
COG,national,2008,2073.61974699859
COG,national,2009,2223.78261971405
COG,national,2010,2345.11814251536
COG,national,2011,2320.34011978018
COG,national,2012,2481.30179281886
COG,national,2013,2405.04039133647
COG,national,2014,2504.29981818699
COG,national,2015,2455.34791009784
COG,national,2016,2189.16900991329
COG,national,2017,2017.85975144848
COG,national,2018,1924.72432958555
COG,national,2019,1901.06145297263
COG,national,2020,1740.83234154052
COG,national,2021,1718.23570373313
COG,national,2022,1704.27235187544
COG,national,2023,1729.759457171468
COG,national,2024,1762.2676249918093
COG,national,2025,1769.2920337899523
COG,national,2026,1783.7267078366453
COG,national,2027,1796.873117932656
COG,national,2028,1815.275059048858
COG,national,2029,1833.747633875625
COG,national,2030,1852.5250171030098
COL,national,1960,1951.04287671768
COL,national,1961,1987.65316949541
COL,national,1962,2031.345597316
COL,national,1963,2034.75887405049
COL,national,1964,2095.84739863459
COL,national,1965,2107.61036033076
COL,national,1966,2154.83064578929
COL,national,1967,2182.15286258284
COL,national,1968,2250.14115129589
COL,national,1969,2326.60456736365
COL,national,1970,2410.39919207232
COL,national,1971,2494.39796382417
COL,national,1972,2625.27671941178
COL,national,1973,2739.44033417718
COL,national,1974,2833.38974738395
COL,national,1975,2836.55149962492
COL,national,1976,2907.40818947494
COL,national,1977,2962.53772225153
COL,national,1978,3141.53144307377
COL,national,1979,3236.00817291859
COL,national,1980,3291.47155013186
COL,national,1981,3289.77723245289
COL,national,1982,3245.94167483251
COL,national,1983,3222.12125512874
COL,national,1984,3255.01818558546
COL,national,1985,3283.22942768346
COL,national,1986,3400.94121234001
COL,national,1987,3508.24805661439
COL,national,1988,3574.47871602159
COL,national,1989,3619.35069398516
COL,national,1990,3695.80580378598
COL,national,1991,3693.7305576407002
COL,national,1992,3767.67727641853
COL,national,1993,3893.07450141373
COL,national,1994,4039.99396139227
COL,national,1995,4170.45769529609
COL,national,1996,4179.22620007783
COL,national,1997,4246.15665565482
COL,national,1998,4196.9203491882
COL,national,1999,3953.72999414163
COL,national,2000,4003.98516919597
COL,national,2001,4007.52804953144
COL,national,2002,4045.30674689779
COL,national,2003,4142.00770281053
COL,national,2004,4301.03504219091
COL,national,2005,4447.5668178445
COL,national,2006,4685.05458591468
COL,national,2007,4939.1179569661
COL,national,2008,5042.06114578491
COL,national,2009,5042.14495892913
COL,national,2010,5209.73247075707
COL,national,2011,5511.09985278238
COL,national,2012,5667.49875072847
COL,national,2013,5899.76791990325
COL,national,2014,6107.08301998517
COL,national,2015,6228.65162186089
COL,national,2016,6291.07969821527
COL,national,2017,6280.8910508698
COL,national,2018,6320.99074757592
COL,national,2019,6404.10876575117
COL,national,2020,5852.98323540006
COL,national,2021,6423.85989537142
COL,national,2022,6842.53251183401
COL,national,2023,6868.422718155695
COL,national,2024,6933.115865807313
COL,national,2025,7034.712130288856
COL,national,2026,7156.256908651001
COL,national,2027,7297.978983938254
COL,national,2028,7456.230717473182
COL,national,2029,7620.198002938076
COL,national,2030,7789.154656161394
COM,national,1960,769.9943473231349
COM,national,1961,760.9222489747033
COM,national,1962,809.6847775975233
COM,national,1963,959.3744003466452
COM,national,1964,1007.0029166759113
COM,national,1965,986.59069539194
COM,national,1966,1062.569519060055
COM,national,1967,1079.5797034633642
COM,national,1968,1052.3634084180692
COM,national,1969,1041.0232854825297
COM,national,1970,1089.7858141053496
COM,national,1971,1104.527973921551
COM,national,1972,1095.4558755731193
COM,national,1973,1140.8163673152774
COM,national,1974,1138.5483427281695
COM,national,1975,1177.1047607090038
COM,national,1976,1144.218404195939
COM,national,1977,1095.4558755731189
COM,national,1978,1093.187850986011
COM,national,1979,1160.094576305694
COM,national,1980,1207.72309263496
COM,national,1981,1218.55604548451
COM,national,1982,1262.47255153912
COM,national,1983,1289.58690682078
COM,national,1984,1307.61292075161
COM,national,1985,1301.87284560423
COM,national,1986,1290.39978548043
COM,national,1987,1275.78180041555
COM,national,1988,1274.16502279537
COM,national,1989,1199.79032598227
COM,national,1990,1227.13858853151
COM,national,1991,1131.63816657112
COM,national,1992,1199.13218132561
COM,national,1993,1207.64498278803
COM,national,1994,1119.37367496735
COM,national,1995,1135.1349015254
COM,national,1996,1096.607183706
COM,national,1997,1116.53061751639
COM,national,1998,1106.90329864776
COM,national,1999,1105.73668747636
COM,national,2000,1202.13138231996
COM,national,2001,1205.50918120476
COM,national,2002,1208.58992811189
COM,national,2003,1210.02852441185
COM,national,2004,1209.86311395012
COM,national,2005,1219.99123235995
COM,national,2006,1227.48289656666
COM,national,2007,1212.75172502378
COM,national,2008,1235.65281861627
COM,national,2009,1249.83940349468
COM,national,2010,1270.30265439101
COM,national,2011,1295.20439077747
COM,national,2012,1307.97303071376
COM,national,2013,1337.39772510543
COM,national,2014,1336.48970178674
COM,national,2015,1322.93677459988
COM,national,2016,1337.52786859797
COM,national,2017,1360.43118532431
COM,national,2018,1383.37787194688
COM,national,2019,1381.6222379875
COM,national,2020,1352.95549152759
COM,national,2021,1355.53881127312
COM,national,2022,1362.77802062384
COM,national,2023,1353.6258872156602
COM,national,2024,1351.018509950915
COM,national,2025,1375.2679330799128
COM,national,2026,1401.8630775363415
COM,national,2027,1432.0700362168855
COM,national,2028,1462.2550938746617
COM,national,2029,1486.317226722896
COM,national,2030,1511.3221939213179
CPV,national,1960,497.7218014340213
CPV,national,1961,514.3856150503145
CPV,national,1962,529.2953430227874
CPV,national,1963,542.45098535144
CPV,national,1964,553.4140206253171
CPV,national,1965,563.9385344882392
CPV,national,1966,574.0245269402061
CPV,national,1967,582.3564337483527
CPV,national,1968,590.6883405564994
CPV,national,1969,599.020247364646
CPV,national,1970,607.3521541727927
CPV,national,1971,629.278224720547
CPV,national,1972,638.9256957615588
CPV,national,1973,644.6264741039749
CPV,national,1974,656.4665521997623
CPV,national,1975,542.4509853514402
CPV,national,1976,548.5902851048113
CPV,national,1977,515.70117928318
CPV,national,1978,559.1147989677333
CPV,national,1979,570.5163556525656
CPV,national,1980,592.880947611275
CPV,national,1981,634.192472462498
CPV,national,1982,642.746201241337
CPV,national,1983,694.046144561773
CPV,national,1984,710.637414349992
CPV,national,1985,762.054087319923
CPV,national,1986,773.92376500443
CPV,national,1987,796.977949866343
CPV,national,1988,833.97374902213
CPV,national,1989,869.391233274696
CPV,national,1990,860.009663241964
CPV,national,1991,852.99753068612
CPV,national,1992,923.437450328772
CPV,national,1993,978.735724489747
CPV,national,1994,1137.71416870768
CPV,national,1995,1268.6780107411
CPV,national,1996,1380.33356220467
CPV,national,1997,1499.44645030039
CPV,national,1998,1650.497393898
CPV,national,1999,1797.29573118934
CPV,national,2000,2015.38136368472
CPV,national,2001,2026.27915512892
CPV,national,2002,2099.90015072115
CPV,national,2003,2156.34792254415
CPV,national,2004,2344.51878131302
CPV,national,2005,2474.82485473499
CPV,national,2006,2639.96271680401
CPV,national,2007,3005.22940770099
CPV,national,2008,3181.45081827626
CPV,national,2009,3101.39384055614
CPV,national,2010,3124.57209013277
CPV,national,2011,3208.36712575247
CPV,national,2012,3204.60188290062
CPV,national,2013,3188.56967655225
CPV,national,2014,3174.70531655831
CPV,national,2015,3169.07890082563
CPV,national,2016,3267.87901544887
CPV,national,2017,3376.93828299
CPV,national,2018,3463.81281811327
CPV,national,2019,3667.05736430958
CPV,national,2020,2876.1534287362
CPV,national,2021,3010.34563345157
CPV,national,2022,3494.5692436774
CPV,national,2023,3605.723597907503
CPV,national,2024,3722.8156276280574
CPV,national,2025,3924.152395147541
CPV,national,2026,4114.156714798669
CPV,national,2027,4297.740088594519
CPV,national,2028,4477.0398968940835
CPV,national,2029,4665.6192642887145
CPV,national,2030,4848.9029755738675
CRI,national,1960,3558.99068188782
CRI,national,1961,3496.44617029928
CRI,national,1962,3557.05684164856
CRI,national,1963,3671.50753703801
CRI,national,1964,3678.18971572266
CRI,national,1965,3850.15520356721
CRI,national,1966,3989.34368519075
CRI,national,1967,4087.6590938024
CRI,national,1968,4307.10527823452
CRI,national,1969,4418.76596727306
CRI,national,1970,4623.01297405337
CRI,national,1971,4807.39993648805
CRI,national,1972,5067.41982834721
CRI,national,1973,5320.13188848874
CRI,national,1974,5473.29797912269
CRI,national,1975,5446.3685739083
CRI,national,1976,5599.21226800595
CRI,national,1977,5938.64836674409
CRI,national,1978,6143.63894665042
CRI,national,1979,6274.05793682458
CRI,national,1980,6150.92866440821
CRI,national,1981,5849.41206468554
CRI,national,1982,5275.59900731003
CRI,national,1983,5278.16716222117
CRI,national,1984,5545.90620972792
CRI,national,1985,5434.23185080373
CRI,national,1986,5581.2561174697
CRI,national,1987,5693.73774894725
CRI,national,1988,5738.33673346259
CRI,national,1989,5910.77014849123
CRI,national,1990,5967.19094183268
CRI,national,1991,5949.49634023273
CRI,national,1992,6335.51657007134
CRI,national,1993,6618.92110773187
CRI,national,1994,6751.91925524745
CRI,national,1995,6867.63767218811
CRI,national,1996,6801.65542072361
CRI,national,1997,7014.53006065402
CRI,national,1998,7355.15363564155
CRI,national,1999,7507.96538102022
CRI,national,2000,7646.02737177608
CRI,national,2001,7768.43895498405
CRI,national,2002,7898.63313789409
CRI,national,2003,8109.82489719484
CRI,national,2004,8340.82985214551
CRI,national,2005,8545.74727395582
CRI,national,2006,9041.38679579351
CRI,national,2007,9647.86089474902
CRI,national,2008,9966.0484404789
CRI,national,2009,9746.49069601726
CRI,national,2010,10137.5821702895
CRI,national,2011,10453.5225661682
CRI,national,2012,10832.7567617685
CRI,national,2013,10975.6963726441
CRI,national,2014,11240.7115867772
CRI,national,2015,11529.9551730192
CRI,national,2016,11893.323254213
CRI,national,2017,12267.1620386503
CRI,national,2018,12470.9574208108
CRI,national,2019,12662.4228535715
CRI,national,2020,12030.0485934011
CRI,national,2021,12906.9970447313
CRI,national,2022,13424.4647013731
CRI,national,2023,13885.140482960138
CRI,national,2024,14193.301697513827
CRI,national,2025,14624.38519852726
CRI,national,2026,15101.484589519443
CRI,national,2027,15589.34061643625
CRI,national,2028,15997.035437406405
CRI,national,2029,16412.164553886498
CRI,national,2030,16836.66799655291
CUB,national,1960,2622.4861407467192
CUB,national,1961,2687.303767471922
CUB,national,1962,2604.967863253421
CUB,national,1963,2590.9532412587823
CUB,national,1964,2766.136016191763
CUB,national,1965,2704.8220449652194
CUB,national,1966,2789.7856908077147
CUB,national,1967,3056.0635087058454
CUB,national,1968,2828.3259012929707
CUB,national,1969,2747.7418248237996
CUB,national,1970,2606.71969100275
CUB,national,1971,2781.53209071568
CUB,national,1972,2870.13018659684
CUB,national,1973,2927.63302021864
CUB,national,1974,2920.27943450467
CUB,national,1975,3163.01211099284
CUB,national,1976,3304.6350285439
CUB,national,1977,3565.82836398039
CUB,national,1978,3778.59134881009
CUB,national,1979,3802.23195232565
CUB,national,1980,3605.15877475296
CUB,national,1981,4297.66892509031
CUB,national,1982,4652.45284648604
CUB,national,1983,4867.02838846967
CUB,national,1984,5210.72506996613
CUB,national,1985,5250.36568770702
CUB,national,1986,5210.98921848802
CUB,national,1987,5040.78468175497
CUB,national,1988,5178.17107243879
CUB,national,1989,5162.99523370574
CUB,national,1990,4963.84738250901
CUB,national,1991,4397.02541230959
CUB,national,1992,3862.60959378507
CUB,national,1993,3270.57973992997
CUB,national,1994,3280.02718332131
CUB,national,1995,3348.47663366952
CUB,national,1996,3598.98978079738
CUB,national,1997,3687.35992978072
CUB,national,1998,3681.3024503628
CUB,national,1999,3896.29809354724
CUB,national,2000,4113.4902753527
CUB,national,2001,4231.80366203398
CUB,national,2002,4280.2167334089
CUB,national,2003,4430.98453902849
CUB,national,2004,4675.78877189456
CUB,national,2005,5189.92860406232
CUB,national,2006,5808.64073457228
CUB,national,2007,6225.3545178506
CUB,national,2008,6477.77794405304
CUB,national,2009,6567.96015470346
CUB,national,2010,6720.64991517329
CUB,national,2011,6903.91170541987
CUB,national,2012,7105.4043292251
CUB,national,2013,7292.70813411035
CUB,national,2014,7362.31125920052
CUB,national,2015,7683.74025365669
CUB,national,2016,7721.70356978028
CUB,national,2017,7865.33860875385
CUB,national,2018,8047.94103064616
CUB,national,2019,8043.01419726511
CUB,national,2020,7172.51792767657
CUB,national,2021,7291.0377716217
CUB,national,2022,7449.68287994077
CUW,national,2000,21523.645846078
CUW,national,2001,22171.0654932071
CUW,national,2002,22231.8792561824
CUW,national,2003,21840.8912647914
CUW,national,2004,21512.1115522523
CUW,national,2005,21112.3218717015
CUW,national,2006,20913.6629896021
CUW,national,2007,21011.1570121301
CUW,national,2008,21202.4304610307
CUW,national,2009,20952.8997952543
CUW,national,2010,20706.437408421
CUW,national,2011,20518.0985782641
CUW,national,2012,20277.5112566223
CUW,national,2013,19921.4771792975
CUW,national,2014,19529.5285930905
CUW,national,2015,19361.8129630226
CUW,national,2016,18953.0538552203
CUW,national,2017,18651.4796966993
CUW,national,2018,18355.1765793615
CUW,national,2019,17980.5297947929
CUW,national,2020,14974.3254785313
CUW,national,2021,15864.7652461076
CUW,national,2022,17387.285399541
CYM,national,2006,96176.301013816
CYM,national,2007,96280.2473483143
CYM,national,2008,93166.3159784497
CYM,national,2009,84026.9723574617
CYM,national,2010,79519.8446540725
CYM,national,2011,78393.7367710835
CYM,national,2012,77448.5102864787
CYM,national,2013,76617.5441531286
CYM,national,2014,76872.5806984022
CYM,national,2015,77295.8452934434
CYM,national,2016,78077.4338260794
CYM,national,2017,78883.2811989684
CYM,national,2018,80597.7091117538
CYM,national,2019,82170.5926918061
CYM,national,2020,76609.7693797558
CYM,national,2021,78731.1479643946
CYM,national,2022,80946.9660025177
CYP,national,1960,3903.854788265421
CYP,national,1961,4293.5702691305905
CYP,national,1962,4702.269025567989
CYP,national,1963,4939.001638586373
CYP,national,1964,4434.269841018876
CYP,national,1965,5387.900272706138
CYP,national,1966,5675.999396096435
CYP,national,1967,6400.713857647996
CYP,national,1968,6640.796460473243
CYP,national,1969,7198.011431681609
CYP,national,1970,7358.810942411077
CYP,national,1971,8243.208251423152
CYP,national,1972,8720.023467266783
CYP,national,1973,8836.156447238067
CYP,national,1974,7261.661238012024
CYP,national,1975,6172.91455078125
CYP,national,1976,7484.34228515625
CYP,national,1977,8707.880859375
CYP,national,1978,9350.37890625
CYP,national,1979,10196.994140625
CYP,national,1980,10667.1416015625
CYP,national,1981,10755.552734375
CYP,national,1982,11269.078125
CYP,national,1983,11800.419921875
CYP,national,1984,12668.666015625
CYP,national,1985,13126.6689453125
CYP,national,1986,13457.6455078125
CYP,national,1987,14252.625
CYP,national,1988,15321.6845703125
CYP,national,1989,16305.26171875
CYP,national,1990,17143.34765625
CYP,national,1991,16828.810546875
CYP,national,1992,17927.3671875
CYP,national,1993,17622.130859375
CYP,national,1994,18279.82421875
CYP,national,1995,19452.57421875
CYP,national,1996,19384.025390625
CYP,national,1997,19615.90234375
CYP,national,1998,20560.9453125
CYP,national,1999,21348.34765625
CYP,national,2000,22382.49609375
CYP,national,2001,23017.740234375
CYP,national,2002,23602.634765625
CYP,national,2003,23929.205078125
CYP,national,2004,24798.029296875
CYP,national,2005,25629.697265625
CYP,national,2006,26393.794921875
CYP,national,2007,27155.021484375
CYP,national,2008,27447.36328125
CYP,national,2009,26181.859375
CYP,national,2010,26019.87890625
CYP,national,2011,25466.220703125
CYP,national,2012,24216.63671875
CYP,national,2013,22682.3671875
CYP,national,2014,22513.87890625
CYP,national,2015,23408.44140625
CYP,national,2016,24805.3125
CYP,national,2017,26013.94921875
CYP,national,2018,27161.5234375
CYP,national,2019,28360.359375
CYP,national,2020,27089.8828125
CYP,national,2021,29498.708984375
CYP,national,2022,30571.55078125
CYP,national,2023,30715.543596204123
CYP,national,2024,31521.63284616132
CYP,national,2025,31984.463751897827
CYP,national,2026,32350.857458505085
CYP,national,2027,32929.86663512592
CYP,national,2028,33820.11421880256
CYP,national,2029,34747.90144598708
CYP,national,2030,35687.212312287134
CZE,national,1970,7173.770850981711
CZE,national,1971,7525.570999023682
CZE,national,1972,7893.772086368308
CZE,national,1973,8221.790872421427
CZE,national,1974,8564.570503846937
CZE,national,1975,8982.794456064663
CZE,national,1976,9280.471504407868
CZE,national,1977,9540.426392354964
CZE,national,1978,9885.666164675871
CZE,national,1979,9975.051283875348
CZE,national,1980,10116.099361878189
CZE,national,1981,10091.497952924203
CZE,national,1982,9929.948700793042
CZE,national,1983,10087.397718098538
CZE,national,1984,10310.45049261466
CZE,national,1985,10541.703736782109
CZE,national,1986,10833.640456369385
CZE,national,1987,11082.114686804623
CZE,national,1988,11309.267696146408
CZE,national,1989,11502.798779917748
CZE,national,1990,11626.6258716528
CZE,national,1991,10300.8991599512
CZE,national,1992,10238.2476845601
CZE,national,1993,10233.9421858953
CZE,national,1994,10527.8756898085
CZE,national,1995,11219.1500652457
CZE,national,1996,11711.3154124611
CZE,national,1997,11663.17381617
CZE,national,1998,11632.6028956161
CZE,national,1999,11805.6718407762
CZE,national,2000,12312.497769842
CZE,national,2001,12734.9220286548
CZE,national,2002,12959.8174813078
CZE,national,2003,13428.099616179
CZE,national,2004,14070.2804589818
CZE,national,2005,14978.4131869153
CZE,national,2006,15948.7452897204
CZE,national,2007,16739.1787158121
CZE,national,2008,17046.8850268926
CZE,national,2009,16160.6205565942
CZE,national,2010,16505.9537034372
CZE,national,2011,16761.8273125123
CZE,national,2012,16606.9925391504
CZE,national,2013,16593.8642307285
CZE,national,2014,16951.3791150445
CZE,national,2015,17829.6983223668
CZE,national,2016,18247.0117295456
CZE,national,2017,19139.2398841383
CZE,national,2018,19689.5827032979
CZE,national,2019,20206.4256384905
CZE,national,2020,19048.0868543829
CZE,national,2021,20085.5160696325
CZE,national,2022,20237.2945527073
CZE,national,2023,19955.03041125696
CZE,national,2024,20254.779104189245
CZE,national,2025,20910.00166234793
CZE,national,2026,21596.712421721528
CZE,national,2027,22082.612038430972
CZE,national,2028,22596.90560564792
CZE,national,2029,23117.626619509152
CZE,national,2030,23650.55157903255
DEU,national,1960,12720.828378268316
DEU,national,1961,13127.87002886752
DEU,national,1962,13574.269396318557
DEU,national,1963,13844.594767327191
DEU,national,1964,14564.426693959374
DEU,national,1965,15165.149740645225
DEU,national,1966,15498.654604494957
DEU,national,1967,15514.190545357524
DEU,national,1968,16284.773212140753
DEU,national,1969,17235.57279292974
DEU,national,1970,17894.2966855025
DEU,national,1971,18421.0421814761
DEU,national,1972,19121.4978922895
DEU,national,1973,19972.0254072346
DEU,national,1974,20141.9394753194
DEU,national,1975,20041.9479922639
DEU,national,1976,21124.2556950912
DEU,national,1977,21880.8076281356
DEU,national,1978,22558.714790358
DEU,national,1979,23484.5991918307
DEU,national,1980,23766.107651563
DEU,national,1981,23855.5258569738
DEU,national,1982,23783.9454870064
DEU,national,1983,24221.3403747435
DEU,national,1984,24991.3336835112
DEU,national,1985,25630.3329976336
DEU,national,1986,26204.5895785314
DEU,national,1987,26531.229705288
DEU,national,1988,27407.5200661963
DEU,national,1989,28256.1062209731
DEU,national,1990,29485.7099744881
DEU,national,1991,30766.9289577727
DEU,national,1992,31121.0705650076
DEU,national,1993,30615.1402117435
DEU,national,1994,31238.8790596628
DEU,national,1995,31628.1598130943
DEU,national,1996,31790.8668596056
DEU,national,1997,32313.2970704344
DEU,national,1998,32959.0735691418
DEU,national,1999,33559.3993737499
DEU,national,2000,34490.0757688619
DEU,national,2001,35011.068457503
DEU,national,2002,34883.0580735445
DEU,national,2003,34619.6640670185
DEU,national,2004,35034.0806086181
DEU,national,2005,35310.4704669272
DEU,national,2006,36699.446781036
DEU,national,2007,37842.3577913563
DEU,national,2008,38278.3130082531
DEU,national,2009,36190.3928860698
DEU,national,2010,37760.9136283996
DEU,national,2011,39977.3417095357
DEU,national,2012,40069.3539560742
DEU,national,2013,40135.0158319837
DEU,national,2014,40851.1617304855
DEU,national,2015,41103.2564363768
DEU,national,2016,41682.0322433511
DEU,national,2017,42639.5544087286
DEU,national,2018,42928.7412368012
DEU,national,2019,43292.6838917385
DEU,national,2020,41601.9731563516
DEU,national,2021,42900.0225187383
DEU,national,2022,43361.1771204321
DEU,national,2023,43096.81272671049
DEU,national,2024,43476.57040872544
DEU,national,2025,43651.593412157235
DEU,national,2026,43839.43072781935
DEU,national,2027,44337.527193921625
DEU,national,2028,44854.791619992415
DEU,national,2029,45273.55429941485
DEU,national,2030,45586.17043742061
DJI,national,1960,4076.8727243127164
DJI,national,1961,4103.805820362739
DJI,national,1962,4046.947062034913
DJI,national,1963,4081.86033469235
DJI,national,1964,4044.95201788306
DJI,national,1965,4036.971841275646
DJI,national,1966,4052.9321944904746
DJI,national,1967,4044.9520178830603
DJI,national,1968,4018.018921833037
DJI,national,1969,4008.0437010737696
DJI,national,1970,4762.170390474409
DJI,national,1971,4833.991979941136
DJI,national,1972,4775.1381774614565
DJI,national,1973,4789.103486524432
DJI,national,1974,4403.0624431407705
DJI,national,1975,4679.376058172486
DJI,national,1976,4865.912686370793
DJI,national,1977,4025.9990984404512
DJI,national,1978,3410.527977593633
DJI,national,1979,3299.8030271657613
DJI,national,1980,3159.1524144600867
DJI,national,1981,3083.340736689652
DJI,national,1982,3035.4596770451667
DJI,national,1983,2955.657910971025
DJI,national,1984,2936.704991528416
DJI,national,1985,2872.863578669103
DJI,national,1986,2736.203054267135
DJI,national,1987,2663.3839427244807
DJI,national,1988,2645.428545357799
DJI,national,1989,2429.9637769576166
DJI,national,1990,2302.28095123899
DJI,national,1991,2140.0535381989503
DJI,national,1992,2123.3634530229438
DJI,national,1993,1968.9627068967895
DJI,national,1994,1930.135563140054
DJI,national,1995,1839.2452376884821
DJI,national,1996,1734.1089817937916
DJI,national,1997,1668.417623049863
DJI,national,1998,1622.1881821020957
DJI,national,1999,1623.0154344732268
DJI,national,2000,1594.496714743771
DJI,national,2001,1588.888588279738
DJI,national,2002,1609.6934482368263
DJI,national,2003,1633.237910202207
DJI,national,2004,1652.5977643941376
DJI,national,2005,1678.6669576220615
DJI,national,2006,1734.6246715835878
DJI,national,2007,1796.985533768416
DJI,national,2008,1875.9129304504459
DJI,national,2009,1879.8504368662852
DJI,national,2010,1928.980632881656
DJI,national,2011,2036.980041463444
DJI,national,2012,2100.0284900346674
DJI,national,2013,2167.20245692426
DJI,national,2014,2279.57759541412
DJI,national,2015,2409.31190224284
DJI,national,2016,2538.05401932202
DJI,national,2017,2632.91333316916
DJI,national,2018,2714.35164845975
DJI,national,2019,2820.06286565541
DJI,national,2020,2814.82622084057
DJI,national,2021,2901.13711251222
DJI,national,2022,2950.94647464779
DJI,national,2023,3057.5643226899674
DJI,national,2024,3199.4142333987425
DJI,national,2025,3322.1396393469718
DJI,national,2026,3446.7895577014183
DJI,national,2027,3567.76242697335
DJI,national,2028,3722.200376783254
DJI,national,2029,3883.323491547293
DJI,national,2030,4056.3239531664467
DMA,national,1960,1723.9991714344687
DMA,national,1961,1628.4522294031608
DMA,national,1962,1845.8561409816439
DMA,national,1963,1899.8609343036874
DMA,national,1964,1964.9436339482013
DMA,national,1965,1665.8401632414984
DMA,national,1966,1832.0087580785557
DMA,national,1967,1834.7782346591732
DMA,national,1968,1783.5429179177472
DMA,national,1969,1922.0167469486282
DMA,national,1970,2066.0295291407447
DMA,national,1971,2185.117022107302
DMA,national,1972,2318.0518979769477
DMA,national,1973,2482.835754523696
DMA,national,1974,2622.6943218448855
DMA,national,1975,2686.392283199091
DMA,national,1976,2860.869307778001
DMA,national,1977,2931.49096058375
DMA,national,1978,3225.32351321543
DMA,national,1979,2622.68324411657
DMA,national,1980,2965.12471738526
DMA,national,1981,3288.300591944
DMA,national,1982,3438.45793337226
DMA,national,1983,3543.77561929708
DMA,national,1984,3709.58835131412
DMA,national,1985,3780.16578876989
DMA,national,1986,4069.20477156817
DMA,national,1987,4350.73719589022
DMA,national,1988,4718.20440266233
DMA,national,1989,4737.58599975448
DMA,national,1990,5029.77616119257
DMA,national,1991,5122.63293934719
DMA,national,1992,5228.78584308185
DMA,national,1993,5337.39954687062
DMA,national,1994,5337.00235404821
DMA,national,1995,5498.52118036443
DMA,national,1996,5672.07518197498
DMA,national,1997,5803.17731264038
DMA,national,1998,6034.69440926883
DMA,national,1999,6077.21916000036
DMA,national,2000,6251.47117702852
DMA,national,2001,6265.1719532047
DMA,national,2002,6078.27172051108
DMA,national,2003,6447.43143200502
DMA,national,2004,6631.33314056172
DMA,national,2005,6665.10597083414
DMA,national,2006,6968.76324824362
DMA,national,2007,7407.93063625493
DMA,national,2008,7934.64607484249
DMA,national,2009,7841.27318767384
DMA,national,2010,7897.69032712761
DMA,national,2011,7881.52520243285
DMA,national,2012,7781.5327622706
DMA,national,2013,7711.44603797089
DMA,national,2014,8013.75308524294
DMA,national,2015,7724.04241057376
DMA,national,2016,7929.80528358816
DMA,national,2017,7370.43311670808
DMA,national,2018,7586.64614100055
DMA,national,2019,7936.3048182003
DMA,national,2020,6566.42735674195
DMA,national,2021,6978.47049678221
DMA,national,2022,7339.69510708724
DMA,national,2023,7640.850420579561
DMA,national,2024,7952.514714813294
DMA,national,2025,8336.530389630792
DMA,national,2026,8667.341030388232
DMA,national,2027,8962.162828374168
DMA,national,2028,9161.816666923758
DMA,national,2029,9336.145616405967
DMA,national,2030,9524.264170469989
DNK,national,1960,18107.3759290293
DNK,national,1961,19128.4044219207
DNK,national,1962,20055.6436817272
DNK,national,1963,20025.0367527905
DNK,national,1964,21707.1637228444
DNK,national,1965,22519.8115263793
DNK,national,1966,22952.0113025231
DNK,national,1967,24031.1274153613
DNK,national,1968,25211.6295441511
DNK,national,1969,26704.6332242614
DNK,national,1970,26927.9590369218
DNK,national,1971,27545.0669177612
DNK,national,1972,28464.1397778596
DNK,national,1973,29450.5970790465
DNK,national,1974,28984.7792237673
DNK,national,1975,28480.3554790863
DNK,national,1976,30091.9728338229
DNK,national,1977,30559.4558828137
DNK,national,1978,31142.924578691
DNK,national,1979,32268.5203006998
DNK,national,1980,32073.6413237087
DNK,national,1981,31869.0422345814
DNK,national,1982,33067.5698057741
DNK,national,1983,33949.3314179257
DNK,national,1984,35382.234592759
DNK,national,1985,36783.9410443123
DNK,national,1986,38536.322876642
DNK,national,1987,38585.402852645
DNK,national,1988,38561.4119234317
DNK,national,1989,38786.930952318
DNK,national,1990,39295.2434424919
DNK,national,1991,39739.6098511225
DNK,national,1992,40383.5587756081
DNK,national,1993,40253.5398981286
DNK,national,1994,42257.0983305221
DNK,national,1995,43310.2500901054
DNK,national,1996,44314.7904987137
DNK,national,1997,45570.0798221242
DNK,national,1998,46412.038971456
DNK,national,1999,47622.4390779319
DNK,national,2000,49241.9280041345
DNK,national,2001,49469.6888088275
DNK,national,2002,49541.8555503286
DNK,national,2003,49599.9969640753
DNK,national,2004,50792.00095345
DNK,national,2005,51835.8327062445
DNK,national,2006,53687.4415474978
DNK,national,2007,53935.8702479631
DNK,national,2008,53345.3576182976
DNK,national,2009,50457.2324892863
DNK,national,2010,51173.4661587111
DNK,national,2011,51644.4635097775
DNK,national,2012,51567.0401502519
DNK,national,2013,51831.7979309232
DNK,national,2014,52404.7639713382
DNK,national,2015,53254.8563700916
DNK,national,2016,54556.0689545694
DNK,national,2017,55735.7649011485
DNK,national,2018,56563.4884729669
DNK,national,2019,57203.0277943447
DNK,national,2020,55653.587445315
DNK,national,2021,59205.6466881475
DNK,national,2022,60345.5573176803
DNK,national,2023,61163.5366616378
DNK,national,2024,61820.87484732589
DNK,national,2025,62487.1656467039
DNK,national,2026,63893.53735194587
DNK,national,2027,64393.655619957426
DNK,national,2028,64726.58253271857
DNK,national,2029,65302.42401115102
DNK,national,2030,65796.49605850324
DOM,national,1960,1373.82933524027
DOM,national,1961,1298.58206647004
DOM,national,1962,1471.28496404776
DOM,national,1963,1517.55607468599
DOM,national,1964,1569.9065146288
DOM,national,1965,1332.6148779800899
DOM,national,1966,1467.13676877822
DOM,national,1967,1471.00949837112
DOM,national,1968,1432.017947938
DOM,national,1969,1543.45093812534
DOM,national,1970,1774.65873195809
DOM,national,1971,1914.56176624552
DOM,national,1972,2057.6655922904
DOM,national,1973,2262.49852720879
DOM,national,1974,2336.92061615949
DOM,national,1975,2396.72481486198
DOM,national,1976,2495.01588633753
DOM,national,1977,2555.96329928976
DOM,national,1978,2548.74500221006
DOM,national,1979,2602.47537742792
DOM,national,1980,2746.42782769308
DOM,national,1981,2800.97919535457
DOM,national,1982,2787.12007317352
DOM,national,1983,2853.37751077569
DOM,national,1984,2827.09125524333
DOM,national,1985,2708.5796944514
DOM,national,1986,2745.56869801084
DOM,national,1987,2960.82985382038
DOM,national,1988,2962.04533819508
DOM,national,1989,3027.78543045284
DOM,national,1990,2802.82147927053
DOM,national,1991,2771.20953225026
DOM,national,1992,3020.35944967255
DOM,national,1993,3179.13145868126
DOM,national,1994,3199.35919031071
DOM,national,1995,3318.60508970862
DOM,national,1996,3454.40869834502
DOM,national,1997,3697.76365454191
DOM,national,1998,3883.1334663421
DOM,national,1999,4050.58152494283
DOM,national,2000,4175.17102394888
DOM,national,2001,4214.57376104824
DOM,national,2002,4340.8999356515
DOM,national,2003,4222.59033728834
DOM,national,2004,4272.07523234141
DOM,national,2005,4612.80874879234
DOM,national,2006,4971.23816601656
DOM,national,2007,5272.86411165654
DOM,national,2008,5373.09625339146
DOM,national,2009,5353.59822158028
DOM,national,2010,5724.30729059668
DOM,national,2011,5827.3832526434
DOM,national,2012,5909.86337640133
DOM,national,2013,6120.9911643647
DOM,national,2014,6472.84908582725
DOM,national,2015,6838.93674590634
DOM,national,2016,7209.99020214435
DOM,national,2017,7461.65326899816
DOM,national,2018,7894.95519223748
DOM,national,2019,8205.14259161047
DOM,national,2020,7571.78282025612
DOM,national,2021,8410.60584349772
DOM,national,2022,8732.08073884782
DOM,national,2023,8913.468252207811
DOM,national,2024,9299.290796711419
DOM,national,2025,9593.24935758697
DOM,national,2026,9919.522598632046
DOM,national,2027,10216.436020624975
DOM,national,2028,10638.012298044594
DOM,national,2029,11076.915728577687
DOM,national,2030,11533.88535773505
DZA,national,1960,2106.22857452789
DZA,national,1961,1787.61477992447
DZA,national,1962,1413.82321357679
DZA,national,1963,1868.62614010156
DZA,national,1964,1943.69855987689
DZA,national,1965,2030.63606723792
DZA,national,1966,1897.4890575299
DZA,national,1967,2031.16880771534
DZA,national,1968,2200.32437759495
DZA,national,1969,2332.82169934138
DZA,national,1970,2483.44544524939
DZA,national,1971,2152.97044128122
DZA,national,1972,2680.80322991627
DZA,national,1973,2717.76908435454
DZA,national,1974,2850.6840523296
DZA,national,1975,2885.75603668933
DZA,national,1976,2980.71501278158
DZA,national,1977,3021.42544928791
DZA,national,1978,3206.56232024146
DZA,national,1979,3344.97797329696
DZA,national,1980,3268.44298284817
DZA,national,1981,3260.03203739444
DZA,national,1982,3356.16154969079
DZA,national,1983,3420.74496590267
DZA,national,1984,3492.18316701329
DZA,national,1985,3500.41704584317
DZA,national,1986,3399.2840005519
DZA,national,1987,3274.80189094257
DZA,national,1988,3154.20323625704
DZA,national,1989,3207.45498659379
DZA,national,1990,3153.47583014697
DZA,national,1991,3042.21590935767
DZA,national,1992,3025.83954817452
DZA,national,1993,2896.66841067658
DZA,national,1994,2810.72674407805
DZA,national,1995,2862.10786827821
DZA,national,1996,2927.37743717948
DZA,national,1997,2910.23924301648
DZA,national,1998,3012.80544365147
DZA,national,1999,3066.03770033307
DZA,national,2000,3138.23001912134
DZA,national,2001,3188.20622592292
DZA,national,2002,3321.63776080143
DZA,national,2003,3512.89904839883
DZA,national,2004,3612.75298037776
DZA,national,2005,3774.07125446926
DZA,national,2006,3783.31296401603
DZA,national,2007,3848.77825112227
DZA,national,2008,3874.36806857968
DZA,national,2009,3866.29575828418
DZA,national,2010,3931.72005910031
DZA,national,2011,3969.66027593824
DZA,national,2012,4025.64148367191
DZA,national,2013,4057.76480695524
DZA,national,2014,4129.42254868204
DZA,national,2015,4197.41998491398
DZA,national,2016,4246.24217385308
DZA,national,2017,4218.0823188856
DZA,national,2018,4188.22038483483
DZA,national,2019,4153.00345481624
DZA,national,2020,3873.50874565769
DZA,national,2021,3939.36086434716
DZA,national,2022,3999.75769667754
DZA,national,2023,4091.5067785582983
DZA,national,2024,4160.624273806431
DZA,national,2025,4241.658335464656
DZA,national,2026,4323.3419860267
DZA,national,2027,4392.8464485422355
DZA,national,2028,4462.049550425527
DZA,national,2029,4515.151161675366
DZA,national,2030,4524.039939746161
ECU,national,1960,2529.87134084601
ECU,national,1961,2584.87437156002
ECU,national,1962,2634.98994302934
ECU,national,1963,2613.58343586511
ECU,national,1964,2726.50972694072
ECU,national,1965,2734.52412379126
ECU,national,1966,2646.68731207496
ECU,national,1967,2689.38186095382
ECU,national,1968,2662.06525533342
ECU,national,1969,2706.73905541982
ECU,national,1970,2810.6432296182
ECU,national,1971,2903.43120223365
ECU,national,1972,2963.85903158771
ECU,national,1973,3283.45529580353
ECU,national,1974,3550.73620047189
ECU,national,1975,3832.38315098038
ECU,national,1976,4003.98497754249
ECU,national,1977,3958.59730969677
ECU,national,1978,4072.7142112342
ECU,national,1979,4112.92714106463
ECU,national,1980,4153.60476409969
ECU,national,1981,4272.9013629163
ECU,national,1982,4188.84031662054
ECU,national,1983,4068.76209602003
ECU,national,1984,4070.48001794595
ECU,national,1985,4124.89891067213
ECU,national,1986,4161.78215332128
ECU,national,1987,4048.91118259069
ECU,national,1988,4184.02411438431
ECU,national,1989,4126.60318537067
ECU,national,1990,4180.33833324889
ECU,national,1991,4263.26862167195
ECU,national,1992,4262.48666242169
ECU,national,1993,4261.2440025695
ECU,national,1994,4358.59348609316
ECU,national,1995,4374.26871635925
ECU,national,1996,4369.32102204706
ECU,national,1997,4477.57093364963
ECU,national,1998,4543.5364817125
ECU,national,1999,4254.15120970197
ECU,national,2000,4227.55251585272
ECU,national,2001,4322.34188168488
ECU,national,2002,4421.93441736922
ECU,national,2003,4463.59718352141
ECU,national,2004,4746.80717276471
ECU,national,2005,4912.52749083596
ECU,national,2006,5041.3337999674
ECU,national,2007,5063.98447847376
ECU,national,2008,5294.89931349652
ECU,national,2009,5236.0536835699
ECU,national,2010,5331.38377418858
ECU,national,2011,5657.21301645404
ECU,national,2012,5881.38116724978
ECU,national,2013,6078.43956295669
ECU,national,2014,6215.83809210677
ECU,national,2015,6130.58667556768
ECU,national,2016,5965.64327318051
ECU,national,2017,6012.80331742787
ECU,national,2018,5976.24534526558
ECU,national,2019,5863.91056629908
ECU,national,2020,5331.97661096757
ECU,national,2021,5492.48927051545
ECU,national,2022,5590.54163412359
ECU,national,2023,5588.703192402208
ECU,national,2024,5611.567845743759
ECU,national,2025,5669.909807124206
ECU,national,2026,5734.829860512362
ECU,national,2027,5805.760220478311
ECU,national,2028,5904.803830801488
ECU,national,2029,6007.361475184803
ECU,national,2030,6109.68834145392
EGY,national,1960,750.812313976642
EGY,national,1961,769.263784185792
EGY,national,1962,778.398422659198
EGY,national,1963,837.88875540598406
EGY,national,1964,910.016811367107
EGY,national,1965,930.205340824404
EGY,national,1966,952.584592668647
EGY,national,1967,936.691353601912
EGY,national,1968,899.540613660042
EGY,national,1969,924.987893574056
EGY,national,1970,954.69957546058
EGY,national,1971,971.809930955396
EGY,national,1972,980.146986630449
EGY,national,1973,992.927982178461
EGY,national,1974,986.883356306535
EGY,national,1975,1051.66779113806
EGY,national,1976,1165.08117308789
EGY,national,1977,1240.92019492629
EGY,national,1978,1315.59769214568
EGY,national,1979,1341.36360114666
EGY,national,1980,1471.055534437825
EGY,national,1981,1557.28760557082
EGY,national,1982,1628.88456462553
EGY,national,1983,1703.0063644460101
EGY,national,1984,1784.3668776352151
EGY,national,1985,1827.363986231285
EGY,national,1986,1854.3770371668402
EGY,national,1987,1888.57001106273
EGY,national,1988,1933.755195111975
EGY,national,1989,1983.64842856788
EGY,national,1990,1999.958314233595
EGY,national,1991,2007.63069555122
EGY,national,1992,2033.9593012067999
EGY,national,1993,2056.673592422795
EGY,national,1994,2098.26693245043
EGY,national,1995,2152.066657013885
EGY,national,1996,2216.62070339092
EGY,national,1997,2289.545087629195
EGY,national,1998,2371.7319334827853
EGY,national,1999,2466.971415916205
EGY,national,2000,2535.554457361675
EGY,national,2001,2556.99290898024
EGY,national,2002,2574.04395848559
EGY,national,2003,2613.4887883376
EGY,national,2004,2671.2848260277
EGY,national,2005,2767.885391826465
EGY,national,2006,2903.618035835235
EGY,national,2007,3050.21770080611
EGY,national,2008,3167.0998987836947
EGY,national,2009,3257.167757277045
EGY,national,2010,3298.3225374396297
EGY,national,2011,3289.77809135201
EGY,national,2012,3286.267537451985
EGY,national,2013,3292.47258171692
EGY,national,2014,3335.79344532108
EGY,national,2015,3407.325354540265
EGY,national,2016,3480.9280782437654
EGY,national,2017,3576.5042384245253
EGY,national,2018,3702.22817611345
EGY,national,2019,3802.4099924214497
EGY,national,2020,3866.31353385506
EGY,national,2021,3992.86994910279
EGY,national,2022,4196.850202286248
EGY,national,2023,4285.592152136129
EGY,national,2024,4352.948284766282
EGY,national,2025,4457.1620107103545
EGY,national,2026,4586.048360568032
EGY,national,2027,4711.579928043245
EGY,national,2028,4853.787905381559
EGY,national,2029,5009.237471921138
EGY,national,2030,5129.932103375445
ERI,national,1992,601.163023409692
ERI,national,1993,661.303195287694
ERI,national,1994,777.667974773477
ERI,national,1995,757.358524045248
ERI,national,1996,788.428128012409
ERI,national,1997,840.577017163512
ERI,national,1998,843.988835455269
ERI,national,1999,832.022489632134
ERI,national,2000,793.620561604165
ERI,national,2001,838.898913154417
ERI,national,2002,835.109997639776
ERI,national,2003,780.468139189714
ERI,national,2004,760.348787829391
ERI,national,2005,761.031782421962
ERI,national,2006,741.000743297441
ERI,national,2007,739.739343408004
ERI,national,2008,649.694462305529
ERI,national,2009,657.786458197831
ERI,national,2010,658.586271536765
ERI,national,2011,702.396632469693
ERI,national,2012,707.7185955722449
ERI,national,2013,627.7275190434441
ERI,national,2014,814.465348824764
ERI,national,2015,640.3228317194837
ERI,national,2016,680.7263871550798
ERI,national,2017,606.092753482848
ERI,national,2018,677.1429319993614
ERI,national,2019,694.2717687997971
ERI,national,2020,679.8631809006728
ERI,national,2021,687.0225304370226
ERI,national,2022,691.7038803182107
ERI,national,2023,697.2254277089896
ERI,national,2024,704.2119423377525
ERI,national,2025,711.6706411524677
ERI,national,2026,720.7479439583867
ERI,national,2027,732.8154094861312
ERI,national,2028,NA
ERI,national,2029,NA
ERI,national,2030,NA
ESP,national,1960,6215.03628303374
ESP,national,1961,6886.53906136078
ESP,national,1962,7502.64123248001
ESP,national,1963,8150.83139574788
ESP,national,1964,8498.64737489621
ESP,national,1965,8932.55704709902
ESP,national,1966,9482.21611422722
ESP,national,1967,9772.76322009005
ESP,national,1968,10282.1364767468
ESP,national,1969,11088.1616945848
ESP,national,1970,11436.0331188603
ESP,national,1971,11824.3924635801
ESP,national,1972,12647.6294952165
ESP,national,1973,13482.8822077544
ESP,national,1974,14085.7110758222
ESP,national,1975,14009.7754794436
ESP,national,1976,14320.4804389576
ESP,national,1977,14576.1951146606
ESP,national,1978,14647.7246126266
ESP,national,1979,14525.1922827734
ESP,national,1980,14727.283522557
ESP,national,1981,14603.5909310161
ESP,national,1982,14697.1136411382
ESP,national,1983,14884.5774725596
ESP,national,1984,15087.438954457
ESP,national,1985,15381.8445670239
ESP,national,1986,15834.8828670987
ESP,national,1987,16669.9770385052
ESP,national,1988,17482.0869882871
ESP,national,1989,18297.2443971757
ESP,national,1990,18969.8086426392
ESP,national,1991,19403.3303796801
ESP,national,1992,19487.9512119662
ESP,national,1993,19187.1823103537
ESP,national,1994,19551.1452944731
ESP,national,1995,20001.790799896
ESP,national,1996,20448.6014871574
ESP,national,1997,21117.0185808291
ESP,national,1998,21953.667519614
ESP,national,1999,22846.7177460286
ESP,national,2000,23937.9685518675
ESP,national,2001,24707.3670736861
ESP,national,2002,25026.0864710207
ESP,national,2003,25310.4563874129
ESP,national,2004,25654.3365515924
ESP,national,2005,26145.8085786196
ESP,national,2006,26762.2672557942
ESP,national,2007,27218.4492597353
ESP,national,2008,27025.2949432871
ESP,national,2009,25778.9564650653
ESP,national,2010,25702.3468448149
ESP,national,2011,25402.6050717462
ESP,national,2012,24634.9620884239
ESP,national,2013,24368.9682370919
ESP,national,2014,24783.0829468685
ESP,national,2015,25754.36102944
ESP,national,2016,26514.3248119679
ESP,national,2017,27239.3524364815
ESP,national,2018,27739.8647682529
ESP,national,2019,28087.8979203438
ESP,national,2020,24829.6485910222
ESP,national,2021,26391.5972251563
ESP,national,2022,27702.7452993409
ESP,national,2023,28266.401035093986
ESP,national,2024,28625.95052613376
ESP,national,2025,29076.73625074653
ESP,national,2026,29487.96937476619
ESP,national,2027,29877.35535644273
ESP,national,2028,30096.33604265287
ESP,national,2029,30351.999433381956
ESP,national,2030,30651.792323593352
EST,national,1973,7693.974748234832
EST,national,1980,8388.155381726561
EST,national,1981,8630.142847538136
EST,national,1982,8880.493935439974
EST,national,1983,9122.481401251549
EST,national,1984,9289.196268250767
EST,national,1985,9222.844866334692
EST,national,1986,9404.056678290364
EST,national,1987,9421.899072082922
EST,national,1988,9847.32864907424
EST,national,1989,10470.69728220175
EST,national,1990,9616.492679383013
EST,national,1991,8559.127276612244
EST,national,1992,7368.009602709438
EST,national,1993,6806.418362334319
EST,national,1994,6850.329908919398
EST,national,1995,7137.53077576403
EST,national,1996,7601.66901867365
EST,national,1997,8692.29643761449
EST,national,1998,9157.06484706853
EST,national,1999,9091.33319428774
EST,national,2000,9960.13903877452
EST,national,2001,10625.5792686752
EST,national,2002,11417.1679687727
EST,national,2003,12362.2482843024
EST,national,2004,13282.545519845
EST,national,2005,14631.3873257137
EST,national,2006,16155.2074300393
EST,national,2007,17459.0983144278
EST,national,2008,16607.5680643985
EST,national,2009,14205.3948829766
EST,national,2010,14585.8386603429
EST,national,2011,15692.788829336
EST,national,2012,16257.4722043516
EST,national,2013,16553.383261103
EST,national,2014,17096.6445771582
EST,national,2015,17402.0376128079
EST,national,2016,17945.9449641749
EST,national,2017,18962.4103006448
EST,national,2018,19611.6109936281
EST,national,2019,20269.575137379
EST,national,2020,20118.1050729983
EST,national,2021,21707.2407508041
EST,national,2022,21143.2913626518
EST,national,2023,20669.98986357008
EST,national,2024,21171.824932514774
EST,national,2025,21691.165881321747
EST,national,2026,22087.06113253756
EST,national,2027,22557.276155092062
EST,national,2028,23020.07995522914
EST,national,2029,23466.314697868234
EST,national,2030,23909.636020804774
ETH,national,1960,208.94120553659124
ETH,national,1961,215.2004998536646
ETH,national,1962,219.3733627317135
ETH,national,1963,243.8144167317142
ETH,national,1964,250.3717726829339
ETH,national,1965,259.9097449756171
ETH,national,1966,264.6787311219587
ETH,national,1967,270.3419021707394
ETH,national,1968,268.8515940000076
ETH,national,1969,273.32251851220286
ETH,national,1970,282.56242917073973
ETH,national,1971,288.52366185366674
ETH,national,1972,296.5713259756182
ETH,national,1973,299.25388068293535
ETH,national,1974,295.9752027073255
ETH,national,1975,289.7159083902521
ETH,national,1976,290.31203165854475
ETH,national,1977,291.2062165609838
ETH,national,1978,283.7546757073251
ETH,national,1979,297.76357251220355
ETH,national,1980,307.89766807317943
ETH,national,1981,300.64669621950986
ETH,national,1982,303.7265000679821
ETH,national,1983,304.0598415783156
ETH,national,1984,276.32227421327053
ETH,national,1985,263.6470327620799
ETH,national,1986,285.6560370784395
ETH,national,1987,295.3138851680309
ETH,national,1988,284.6869298576687
ETH,national,1989,277.48838920698745
ETH,national,1990,261.6361162298987
ETH,national,1991,231.34799102593115
ETH,national,1992,225.38833875377702
ETH,national,1993,235.67331287943756
ETH,national,1994,238.48405337839392
ETH,national,1995,252.1147531382474
ETH,national,1996,263.2022385453681
ETH,national,1997,255.0811620137166
ETH,national,1998,248.78859602498136
ETH,national,1999,254.98313096755186
ETH,national,2000,265.32704820903064
ETH,national,2001,270.42880386895627
ETH,national,2002,262.012641762361
ETH,national,2003,267.81314393553964
ETH,national,2004,293.2895895869282
ETH,national,2005,317.38335055183336
ETH,national,2006,342.88228638747717
ETH,national,2007,370.3286737143551
ETH,national,2008,395.2954654987526
ETH,national,2009,425.29845473665796
ETH,national,2010,462.4353957428418
ETH,national,2011,494.0431948420578
ETH,national,2012,526.6042995658154
ETH,national,2013,565.8308977938113
ETH,national,2014,607.6200706338228
ETH,national,2015,650.0305070424557
ETH,national,2016,692.6830770455833
ETH,national,2017,729.5196019851348
ETH,national,2018,764.1525306741414
ETH,national,2019,797.8853259330197
ETH,national,2020,822.6767751553547
ETH,national,2021,845.7333095451413
ETH,national,2022,880.6434891813086
ETH,national,2023,919.72521126793
ETH,national,2024,961.3195460061314
ETH,national,2025,998.0176524280816
ETH,national,2026,1040.5345856779486
ETH,national,2027,1103.2619125073118
ETH,national,2028,1172.8407115102154
ETH,national,2029,1243.9297724702221
ETH,national,2030,1316.1146763299116
FIN,national,1960,11425.2934343628
FIN,national,1961,12207.6935506106
FIN,national,1962,12486.5232001728
FIN,national,1963,12805.86258029
FIN,national,1964,13401.9566364657
FIN,national,1965,14065.6736797713
FIN,national,1966,14345.5590620831
FIN,national,1967,14577.530893058
FIN,national,1968,14846.4872428791
FIN,national,1969,16280.1982852207
FIN,national,1970,17128.6307481716
FIN,national,1971,17510.2265992012
FIN,national,1972,18752.7791597409
FIN,national,1973,19948.8274409539
FIN,national,1974,20486.9386386163
FIN,national,1975,20764.3369697856
FIN,national,1976,20773.1309102233
FIN,national,1977,20764.7166189384
FIN,national,1978,21309.7127150633
FIN,national,1979,22769.1072735656
FIN,national,1980,23921.6145223365
FIN,national,1981,24133.242113004
FIN,national,1982,24744.2967772251
FIN,national,1983,25363.8552151954
FIN,national,1984,26045.5138711526
FIN,national,1985,26857.5936382327
FIN,national,1986,27508.199993585
FIN,national,1987,28410.8750981037
FIN,national,1988,29806.3433292906
FIN,national,1989,31209.7581140566
FIN,national,1990,31279.9519664591
FIN,national,1991,29278.3636555028
FIN,national,1992,28155.0895566487
FIN,national,1993,27833.7025701733
FIN,national,1994,28812.303619992
FIN,national,1995,29912.8979739158
FIN,national,1996,30908.3003090879
FIN,national,1997,32768.3781282619
FIN,national,1998,34464.9908824671
FIN,national,1999,35891.0056383953
FIN,national,2000,37884.3913209153
FIN,national,2001,38784.7725522584
FIN,national,2002,39351.3903956183
FIN,national,2003,40044.3048555829
FIN,national,2004,41522.1750841224
FIN,national,2005,42530.6196771877
FIN,national,2006,44074.0309204141
FIN,national,2007,46212.6409741216
FIN,national,2008,46358.6204112971
FIN,national,2009,42412.0978494183
FIN,national,2010,43563.5721974365
FIN,national,2011,44466.8176978572
FIN,national,2012,43637.2486713657
FIN,national,2013,43044.99712014741
FIN,national,2014,42710.9212889729
FIN,national,2015,42801.9081167285
FIN,national,2016,43878.9667273579
FIN,national,2017,45173.6294067199
FIN,national,2018,45627.9198947233
FIN,national,2019,46135.8814242631
FIN,national,2020,44984.7344505487
FIN,national,2021,46165.6865537387
FIN,national,2022,46792.7535188876
FIN,national,2023,46232.52072246616
FIN,national,2024,46515.62910015932
FIN,national,2025,46937.79326049477
FIN,national,2026,47324.85476101114
FIN,national,2027,48019.904065494375
FIN,national,2028,48690.96330496747
FIN,national,2029,49324.88035359075
FIN,national,2030,49947.65565171175
FJI,national,1960,2151.18462664436
FJI,national,1961,2158.66819790837
FJI,national,1962,2167.69019122501
FJI,national,1963,2234.02037547919
FJI,national,1964,2271.80215946284
FJI,national,1965,2145.43649697061
FJI,national,1966,2086.06713570457
FJI,national,1967,2305.91920856691
FJI,national,1968,2432.65507664654
FJI,national,1969,2442.8397278229
FJI,national,1970,2697.40888963962
FJI,national,1971,2827.67988044119
FJI,national,1972,2984.32370189762
FJI,national,1973,3275.14373874035
FJI,national,1974,3306.6216133675
FJI,national,1975,3269.26339289036
FJI,national,1976,3296.86140612272
FJI,national,1977,3417.62208737088
FJI,national,1978,3400.05061108367
FJI,national,1979,3723.18103747278
FJI,national,1980,3574.11977129926
FJI,national,1981,3708.04297822692
FJI,national,1982,3402.22311920639
FJI,national,1983,3189.16642923814
FJI,national,1984,3374.28571026312
FJI,national,1985,3143.84070374839
FJI,national,1986,3318.16739844645
FJI,national,1987,3048.91244355037
FJI,national,1988,3039.42640971118
FJI,national,1989,3230.29791799279
FJI,national,1990,3383.8216232257
FJI,national,1991,3273.99142922149
FJI,national,1992,3464.75647883265
FJI,national,1993,3528.06945240733
FJI,national,1994,3700.47528643872
FJI,national,1995,3786.07855277359
FJI,national,1996,3946.43051593599
FJI,national,1997,3821.06920076886
FJI,national,1998,3826.16009597647
FJI,national,1999,4114.9606720958
FJI,national,2000,4000.85436279596
FJI,national,2001,4038.13318939188
FJI,national,2002,4125.32639558042
FJI,national,2003,4125.72967036183
FJI,national,2004,4302.34761300208
FJI,national,2005,4291.7155099865
FJI,national,2006,4330.82723575759
FJI,national,2007,4257.51453398165
FJI,national,2008,4272.30664725047
FJI,national,2009,4191.34728021161
FJI,national,2010,4297.13896630085
FJI,national,2011,4397.9030496145
FJI,national,2012,4446.7342062099
FJI,national,2013,4645.04652256231
FJI,national,2014,4894.04363789162
FJI,national,2015,5105.18961191892
FJI,national,2016,5223.37603869381
FJI,national,2017,5499.12225485195
FJI,national,2018,5708.91097062488
FJI,national,2019,5679.05188089258
FJI,national,2020,4701.33150822866
FJI,national,2021,4451.60264374629
FJI,national,2022,5313.02847064593
FJI,national,2023,5677.830115095854
FJI,national,2024,5867.454794581074
FJI,national,2025,5991.816819129548
FJI,national,2026,6138.424664961812
FJI,national,2027,6299.781174062946
FJI,national,2028,6461.993218949343
FJI,national,2029,6627.341790294775
FJI,national,2030,6799.254009097043
FRA,national,1960,11169.6472407002
FRA,national,1961,11598.6795279916
FRA,national,1962,12257.7593043478
FRA,national,1963,12884.0170413058
FRA,national,1964,13587.6716700526
FRA,national,1965,14089.584548366
FRA,national,1966,14670.5005053054
FRA,national,1967,15234.3646960717
FRA,national,1968,15767.2833368207
FRA,national,1969,16738.1676626458
FRA,national,1970,17605.6389691523
FRA,national,1971,18377.8689100373
FRA,national,1972,19041.7897266489
FRA,national,1973,20091.194013856
FRA,national,1974,20813.444898838
FRA,national,1975,20498.348081584
FRA,national,1976,21291.988987842
FRA,national,1977,21925.8324016685
FRA,national,1978,22687.6115069004
FRA,national,1979,23378.2949932212
FRA,national,1980,23618.3996174718
FRA,national,1981,23733.5935655434
FRA,national,1982,24187.0947668643
FRA,national,1983,24356.6592918128
FRA,national,1984,24600.9923558634
FRA,national,1985,24870.5058201409
FRA,national,1986,25319.3150945387
FRA,national,1987,25830.2389767847
FRA,national,1988,26912.1812064054
FRA,national,1989,27938.4697567247
FRA,national,1990,28617.4435701151
FRA,national,1991,28664.1318783352
FRA,national,1992,28977.8889025405
FRA,national,1993,28670.8863286782
FRA,national,1994,29237.535511328
FRA,national,1995,29745.1287289494
FRA,national,1996,30057.9655533345
FRA,national,1997,30650.7444765253
FRA,national,1998,31633.1477495769
FRA,national,1999,32546.9340522187
FRA,national,2000,33592.4668300573
FRA,national,2001,34009.8623977368
FRA,national,2002,34146.3062683243
FRA,national,2003,34183.6633444538
FRA,national,2004,34893.5298119974
FRA,national,2005,35208.855797143
FRA,national,2006,35821.8719947773
FRA,national,2007,36464.9592682158
FRA,national,2008,36354.6586641081
FRA,national,2009,35129.3622360858
FRA,national,2010,35638.1215603451
FRA,national,2011,36244.1871625918
FRA,national,2012,36182.1511275816
FRA,national,2013,36203.1908693774
FRA,national,2014,36378.6186614699
FRA,national,2015,36652.9223052178
FRA,national,2016,36956.7958003293
FRA,national,2017,37694.0833027304
FRA,national,2018,38259.6977698474
FRA,national,2019,38832.0242014303
FRA,national,2020,35806.6178917772
FRA,national,2021,38002.1942362252
FRA,national,2022,38816.4792795643
FRA,national,2023,39075.51900193849
FRA,national,2024,39490.67608708222
FRA,national,2025,39398.07256835825
FRA,national,2026,39509.40106912777
FRA,national,2027,39860.43149725467
FRA,national,2028,40249.44620954782
FRA,national,2029,40622.186433555624
FRA,national,2030,40998.69989961133
FRO,national,2008,44678.6695847262
FRO,national,2009,42740.2539424795
FRO,national,2010,42510.3466529249
FRO,national,2011,44108.5803549041
FRO,national,2012,47197.6740900316
FRO,national,2013,49933.3503218017
FRO,national,2014,52595.0254279963
FRO,national,2015,52726.6873782078
FRO,national,2016,52762.4287215325
FRO,national,2017,53822.909900023304
FRO,national,2018,54506.387071933
FRO,national,2019,56099.9689639995
FRO,national,2020,54248.5497985303
FRO,national,2021,56856.6853862924
FRO,national,2022,59699.2008265596
FSM,national,1986,2404.557421408665
FSM,national,1987,2379.3814303615973
FSM,national,1988,2393.0793709835225
FSM,national,1989,2432.663481330057
FSM,national,1990,2499.8381506439423
FSM,national,1991,2610.977226298535
FSM,national,1992,2673.1568357250526
FSM,national,1993,2749.4954420814524
FSM,national,1994,2722.3652236255975
FSM,national,1995,2809.24774939309
FSM,national,1996,2689.677831482835
FSM,national,1997,2576.035884324005
FSM,national,1998,2634.1445583061977
FSM,national,1999,2689.903493949595
FSM,national,2000,2796.6802697117428
FSM,national,2001,2840.972423785195
FSM,national,2002,2864.191517890605
FSM,national,2003,2881.4229095515025
FSM,national,2004,2838.9747308910846
FSM,national,2005,2895.4722165776675
FSM,national,2006,2897.935285711947
FSM,national,2007,2860.97456295492
FSM,national,2008,2838.3497373777673
FSM,national,2009,2896.2832212143276
FSM,national,2010,2972.211168234123
FSM,national,2011,3019.9026674582074
FSM,national,2012,2940.4577497975724
FSM,national,2013,2831.95025412331
FSM,national,2014,2803.851561225465
FSM,national,2015,2894.756939960495
FSM,national,2016,2921.1309224329175
FSM,national,2017,2967.564145838925
FSM,national,2018,2967.9114669177925
FSM,national,2019,2959.571060670987
FSM,national,2020,2862.5021789239677
FSM,national,2021,2787.4624922225
FSM,national,2022,2767.151242410084
FSM,national,2023,2834.250906968958
FSM,national,2024,2917.6898042819844
FSM,national,2025,2942.0223811227474
FSM,national,2026,2970.147381345899
FSM,national,2027,2992.737423858833
FSM,national,2028,3013.466959001615
FSM,national,2029,3033.40251863018
FSM,national,2030,3053.474895880669
GAB,national,1960,3304.69163158981
GAB,national,1961,3748.95224303109
GAB,national,1962,3978.99259223019
GAB,national,1963,4167.2110493626
GAB,national,1964,4298.5863528481505
GAB,national,1965,4591.27072076886
GAB,national,1966,4727.33559643049
GAB,national,1967,4846.11346434975
GAB,national,1968,4888.2337580239
GAB,national,1969,5183.78351564504
GAB,national,1970,5515.17741415999
GAB,national,1971,5956.28197463856
GAB,national,1972,6497.31218890148
GAB,national,1973,7012.41430978041
GAB,national,1974,9575.90329240365
GAB,national,1975,11165.451810742
GAB,national,1976,14801.3411499309
GAB,national,1977,12636.0707605251
GAB,national,1978,9365.34373127687
GAB,national,1979,9177.12834487776
GAB,national,1980,9174.08073787856
GAB,national,1981,9392.92587741963
GAB,national,1982,8863.5768859361
GAB,national,1983,9112.39176428592
GAB,national,1984,9534.27745509018
GAB,national,1985,9061.08019230873
GAB,national,1986,8744.67553556087
GAB,national,1987,7047.7604913068
GAB,national,1988,7735.55537933855
GAB,national,1989,8167.95011926977
GAB,national,1990,8360.26303074447
GAB,national,1991,8634.41993361965
GAB,national,1992,8146.1955429979
GAB,national,1993,8245.59150835073
GAB,national,1994,8331.04983207138
GAB,national,1995,8524.41915552865
GAB,national,1996,8613.58056832401
GAB,national,1997,8882.40287878037
GAB,national,1998,8963.20497907413
GAB,national,1999,7959.06479578159
GAB,national,2000,7611.83571417727
GAB,national,2001,7574.11491452898
GAB,national,2002,7357.56671357805
GAB,national,2003,7322.60614092637
GAB,national,2004,7171.68353286183
GAB,national,2005,7155.365484793
GAB,national,2006,6750.05084879234
GAB,national,2007,6937.48513442107
GAB,national,2008,6497.48123897495
GAB,national,2009,6295.19905485629
GAB,national,2010,6514.7311629822
GAB,national,2011,6735.08287919822
GAB,national,2012,6840.94861246714
GAB,national,2013,6977.77026945239
GAB,national,2014,7039.68214859312
GAB,national,2015,7090.45463394942
GAB,national,2016,7038.57727823083
GAB,national,2017,6893.384326889
GAB,national,2018,6786.89034991238
GAB,national,2019,6893.32310548088
GAB,national,2020,6619.68860295977
GAB,national,2021,6581.22740957772
GAB,national,2022,6637.06610643483
GAB,national,2023,6738.773122435304
GAB,national,2024,6830.278876092001
GAB,national,2025,6828.013631041837
GAB,national,2026,6835.183706988952
GAB,national,2027,6900.018485245005
GAB,national,2028,6943.853295279067
GAB,national,2029,6983.049261197388
GAB,national,2030,7031.598312738541
GBR,national,1960,14914.8807611199
GBR,national,1961,15198.1534210409
GBR,national,1962,15235.9236991883
GBR,national,1963,15859.4491137533
GBR,national,1964,16628.5760831549
GBR,national,1965,16876.0173572894
GBR,national,1966,17047.2524596601
GBR,national,1967,17428.1583772499
GBR,national,1968,18287.2056960878
GBR,national,1969,18561.7282872709
GBR,national,1970,19284.4869197438
GBR,national,1971,19877.1598176267
GBR,national,1972,20665.9960556535
GBR,national,1973,21971.7243074805
GBR,national,1974,21412.3512148024
GBR,national,1975,21098.3743618178
GBR,national,1976,21717.7359378902
GBR,national,1977,22258.8198333192
GBR,national,1978,23193.3954328959
GBR,national,1979,24041.338024567
GBR,national,1980,23524.8369726649
GBR,national,1981,23331.3956961222
GBR,national,1982,23805.3626651459
GBR,national,1983,24801.9316298985
GBR,national,1984,25324.6026235794
GBR,national,1985,26315.1286500244
GBR,national,1986,27081.3489722657
GBR,national,1987,28481.1492719879
GBR,national,1988,30047.0088495828
GBR,national,1989,30741.373836081
GBR,national,1990,30874.5089314482
GBR,national,1991,30439.6458572767
GBR,national,1992,30479.1970018521
GBR,national,1993,31163.2753403968
GBR,national,1994,32279.5337364039
GBR,national,1995,33009.3041509745
GBR,national,1996,33775.5009001382
GBR,national,1997,35347.7635433746
GBR,national,1998,36448.2642198935
GBR,national,1999,37440.7940592239
GBR,national,2000,38918.4550574708
GBR,national,2001,39768.6663463971
GBR,national,2002,40310.3049399328
GBR,national,2003,41385.5404684913
GBR,national,2004,42149.2703352153
GBR,national,2005,43007.3629245892
GBR,national,2006,43711.1550172471
GBR,national,2007,44508.6057952919
GBR,national,2008,44060.0030980603
GBR,national,2009,41709.9661677375
GBR,national,2010,42310.749912752
GBR,national,2011,42462.1067349807
GBR,national,2012,42805.8425172666
GBR,national,2013,43282.2097513788
GBR,national,2014,44337.6786402733
GBR,national,2015,44964.3911437292
GBR,national,2016,45482.1782886254
GBR,national,2017,46373.6385314155
GBR,national,2018,46740.5535926377
GBR,national,2019,47240.599622327
GBR,national,2020,42191.9173665785
GBR,national,2021,45889.6110228554
GBR,national,2022,47923.4822383348
GBR,national,2023,47919.456965678626
GBR,national,2024,48004.58632175067
GBR,national,2025,48026.37655445297
GBR,national,2026,48169.2907419187
GBR,national,2027,48461.92460703801
GBR,national,2028,48929.06455767919
GBR,national,2029,49399.08932047861
GBR,national,2030,49877.009356152026
GEO,national,1965,1796.1381010253
GEO,national,1966,1909.52809368263
GEO,national,1967,2009.0700665566
GEO,national,1968,2079.6516109559
GEO,national,1969,2158.72717222122
GEO,national,1970,2395.64929977151
GEO,national,1971,2429.4289892896
GEO,national,1972,2473.21859419998
GEO,national,1973,2610.4593864848
GEO,national,1974,2815.83861179398
GEO,national,1975,3001.44122155483
GEO,national,1976,3161.57581700822
GEO,national,1977,3356.65750010601
GEO,national,1978,3585.03637341007
GEO,national,1979,3821.02769987918
GEO,national,1980,3962.34829311031
GEO,national,1981,4136.98602251672
GEO,national,1982,4184.21266999711
GEO,national,1983,4326.02625981884
GEO,national,1984,4522.01845349038
GEO,national,1985,4704.06021720526
GEO,national,1986,4281.29480202605
GEO,national,1987,4300.53170672924
GEO,national,1988,4494.72566216604
GEO,national,1989,4160.3788810854
GEO,national,1990,3546.09239403506
GEO,national,1991,2778.25362901391
GEO,national,1992,1519.00720801126
GEO,national,1993,1065.71586103606
GEO,national,1994,969.694937687127
GEO,national,1995,1033.00406092498
GEO,national,1996,1191.15901582127
GEO,national,1997,1359.36763397381
GEO,national,1998,1436.68532598583
GEO,national,1999,1508.62858897747
GEO,national,2000,1566.53126389572
GEO,national,2001,1667.47714500649
GEO,national,2002,1774.60359826317
GEO,national,2003,1984.20760764244
GEO,national,2004,2112.22222631857
GEO,national,2005,2329.52773947656
GEO,national,2006,2563.49564607288
GEO,national,2007,2901.05040181259
GEO,national,2008,2980.2543769201
GEO,national,2009,2897.07725785236
GEO,national,2010,3100.1647485974
GEO,national,2011,3355.16364274781
GEO,national,2012,3596.85284808292
GEO,national,2013,3738.13281955969
GEO,national,2014,3902.33107128505
GEO,national,2015,4014.11165137641
GEO,national,2016,4128.30919621657
GEO,national,2017,4327.64748959023
GEO,national,2018,4539.00351483654
GEO,national,2019,4773.33496439541
GEO,national,2020,4447.58193544814
GEO,national,2021,4931.732444914
GEO,national,2022,5438.60417739969
GEO,national,2023,5793.48946449649
GEO,national,2024,6090.596531281321
GEO,national,2025,6427.265991127412
GEO,national,2026,6752.228206139184
GEO,national,2027,7093.9820071671875
GEO,national,2028,7454.998312690892
GEO,national,2029,7834.387277072805
GEO,national,2030,8233.14259445856
GHA,national,1960,1107.98868275505
GHA,national,1961,1114.14864180752
GHA,national,1962,1132.50433842493
GHA,national,1963,1154.33317841195
GHA,national,1964,1151.73811268377
GHA,national,1965,1139.53529345437
GHA,national,1966,1064.89975247124
GHA,national,1967,1071.40698903322
GHA,national,1968,1049.54649149736
GHA,national,1969,1085.29077064284
GHA,national,1970,1159.63830483024
GHA,national,1971,1187.04331982807
GHA,national,1972,1125.74266209533
GHA,national,1973,1125.61694537457
GHA,national,1974,1168.5818710682
GHA,national,1975,994.155019176362
GHA,national,1976,931.758152996468
GHA,national,1977,925.087334222927
GHA,national,1978,973.137191048094
GHA,national,1979,919.62887878892
GHA,national,1980,896.745047164177
GHA,national,1981,840.694699500077
GHA,national,1982,759.35733854452894
GHA,national,1983,702.423642031605
GHA,national,1984,742.66889688416
GHA,national,1985,762.819066707159
GHA,national,1986,784.085968862727
GHA,national,1987,802.211546749392
GHA,national,1988,826.518370685042
GHA,national,1989,846.582909337317
GHA,national,1990,852.421556696864
GHA,national,1991,874.986075094989
GHA,national,1992,886.652753468394
GHA,national,1993,907.19634814082406
GHA,national,1994,915.289307661093
GHA,national,1995,931.180433733447
GHA,national,1996,951.922795128615
GHA,national,1997,968.846038255838
GHA,national,1998,990.175027031246
GHA,national,1999,1008.83368429588
GHA,national,2000,1020.16220403856
GHA,national,2001,1033.12135939933
GHA,national,2002,1050.34401909221
GHA,national,2003,1075.37187835743
GHA,national,2004,1105.6856359916
GHA,national,2005,1140.18642699141
GHA,national,2006,1181.55898050199
GHA,national,2007,1201.2108175251
GHA,national,2008,1277.82299577108
GHA,national,2009,1306.18514637913
GHA,national,2010,1374.98502713764
GHA,national,2011,1530.35933474113
GHA,national,2012,1631.91936249588
GHA,national,2013,1708.82800496177
GHA,national,2014,1715.82396299869
GHA,national,2015,1711.27131722255
GHA,national,2016,1728.09707714194
GHA,national,2017,1827.27391826699
GHA,national,2018,1899.80842221694
GHA,national,2019,1981.61375017189
GHA,national,2020,1951.06446878734
GHA,national,2021,2009.35908341569
GHA,national,2022,2031.42833926476
GHA,national,2023,2003.7763737971304
GHA,national,2024,2006.4726535748705
GHA,national,2025,2046.8609697092963
GHA,national,2026,2103.034514540478
GHA,national,2027,2166.37870275638
GHA,national,2028,2235.748761471355
GHA,national,2029,2308.1671254147986
GHA,national,2030,2383.477794647791
GIN,national,1960,427.7916190669266
GIN,national,1961,448.1930077556623
GIN,national,1962,472.41965682353595
GIN,national,1963,439.26740020434045
GIN,national,1964,459.03124549655314
GIN,national,1965,481.9828077713808
GIN,national,1966,483.8954379609498
GIN,national,1967,488.9957851331337
GIN,national,1968,494.73367570184064
GIN,national,1969,499.8340228740246
GIN,national,1970,506.8470002357775
GIN,national,1971,524.0606719418982
GIN,national,1972,526.61084552799025
GIN,national,1973,523.4231285453753
GIN,national,1974,540.6368002514961
GIN,national,1975,544.462060630634
GIN,national,1976,576.9767738533066
GIN,national,1977,547.0122342167259
GIN,national,1978,571.8764266811226
GIN,national,1979,554.0252115784788
GIN,national,1980,555.9378417680477
GIN,national,1981,547.6497776132488
GIN,national,1982,547.0122342167258
GIN,national,1983,541.9118870445418
GIN,national,1984,525.335758734944
GIN,national,1985,523.423128545375
GIN,national,1986,522.148041752329
GIN,national,1987,525.535100434974
GIN,national,1988,544.067668487074
GIN,national,1989,551.187861030178
GIN,national,1990,555.29545003059
GIN,national,1991,547.277225978923
GIN,national,1992,547.272113249682
GIN,national,1993,557.42546274362
GIN,national,1994,562.316640997032
GIN,national,1995,571.982751388816
GIN,national,1996,580.800065860057
GIN,national,1997,598.456110162993
GIN,national,1998,608.644022818827
GIN,national,1999,617.75139815389
GIN,national,2000,620.904456367342
GIN,national,2001,635.331825962708
GIN,national,2002,657.856757056142
GIN,national,2003,651.305256969143
GIN,national,2004,652.504219951449
GIN,national,2005,658.894381308167
GIN,national,2006,653.119378097401
GIN,national,2007,681.828175840118
GIN,national,2008,693.114105391017
GIN,national,2009,668.814742536723
GIN,national,2010,683.98458475279
GIN,national,2011,704.737323732554
GIN,national,2012,728.368437274107
GIN,national,2013,738.840592841207
GIN,national,2014,747.363410943931
GIN,national,2015,756.425589810936
GIN,national,2016,816.847079288487
GIN,national,2017,878.179271511856
GIN,national,2018,910.652641922598
GIN,national,2019,937.703131488194
GIN,national,2020,959.43197301356
GIN,national,2021,972.779029847709
GIN,national,2022,994.436997186227
GIN,national,2023,1027.6986286599663
GIN,national,2024,1058.8680650859353
GIN,national,2025,1101.9331409783842
GIN,national,2026,1172.3300118655438
GIN,national,2027,1273.1712287072817
GIN,national,2028,1359.8818602389003
GIN,national,2029,1474.0555204401144
GIN,national,2030,1548.9921944350035
GMB,national,1960,405.8950559079094
GMB,national,1961,458.41446759779313
GMB,national,1962,438.93706988498855
GMB,national,1963,428.5027496817004
GMB,national,1964,443.1107979663038
GMB,national,1965,475.80500126993996
GMB,national,1966,537.36749046934
GMB,national,1967,522.547936914866
GMB,national,1968,556.506351720259
GMB,national,1969,553.930055565569
GMB,national,1970,571.286052528367
GMB,national,1971,554.562249321205
GMB,national,1972,539.80134665515
GMB,national,1973,572.440609148119
GMB,national,1974,588.34964345939
GMB,national,1975,641.840779513619
GMB,national,1976,668.322497965008
GMB,national,1977,670.059568887792
GMB,national,1978,690.111414261425
GMB,national,1979,659.217868205414
GMB,national,1980,677.708410704325
GMB,national,1981,677.353215409594
GMB,national,1982,649.928648807009
GMB,national,1983,695.940273197942
GMB,national,1984,695.003855822604
GMB,national,1985,664.263412788223
GMB,national,1986,665.754749302431
GMB,national,1987,656.30398964424
GMB,national,1988,659.33608930659
GMB,national,1989,671.044603529708
GMB,national,1990,667.623822073813
GMB,national,1991,661.10020941191
GMB,national,1992,656.990626466905
GMB,national,1993,652.938359340974
GMB,national,1994,633.570419622116
GMB,national,1995,620.493081596351
GMB,national,1996,615.983902591464
GMB,national,1997,627.556346352962
GMB,national,1998,630.75294538312
GMB,national,1999,651.749189451799
GMB,national,2000,667.965379243152
GMB,national,2001,686.687685807015
GMB,national,2002,645.701732092516
GMB,national,2003,670.660940904494
GMB,national,2004,697.472452389695
GMB,national,2005,661.32191108006
GMB,national,2006,638.076946483833
GMB,national,2007,637.531000666533
GMB,national,2008,656.703909479127
GMB,national,2009,679.003612436129
GMB,national,2010,697.162567788712
GMB,national,2011,620.948222949223
GMB,national,2012,633.58272085887
GMB,national,2013,632.197151619908
GMB,national,2014,605.033694011003
GMB,national,2015,611.67121911225
GMB,national,2016,606.316200252264
GMB,national,2017,618.480768713502
GMB,national,2018,645.938187151588
GMB,national,2019,668.63512259134
GMB,national,2020,655.576119206423
GMB,national,2021,666.471086820304
GMB,national,2022,678.3617221291
GMB,national,2023,695.1556454327534
GMB,national,2024,716.8716669934696
GMB,national,2025,740.3570487779542
GMB,national,2026,762.8405314694882
GMB,national,2027,787.716343164097
GMB,national,2028,802.9818880978638
GMB,national,2029,818.543959738825
GMB,national,2030,834.4074390852946
GNB,national,1960,353.27816224596523
GNB,national,1961,375.79964508914554
GNB,national,1962,396.99633482390345
GNB,national,1963,411.56905901654955
GNB,national,1964,453.52084078325794
GNB,national,1965,484.4326799797799
GNB,national,1966,514.4613237706869
GNB,national,1967,544.0483698587866
GNB,national,1968,560.82908256547
GNB,national,1969,588.6497378423397
GNB,national,1970,616.028795416402
GNB,national,1971,589.110353843216
GNB,national,1972,625.141637813201
GNB,national,1973,624.479818081833
GNB,national,1974,631.618628960997
GNB,national,1975,643.936435458034
GNB,national,1976,635.87846808745
GNB,national,1977,554.254295544307
GNB,national,1978,589.322196617111
GNB,national,1979,581.123631150416
GNB,national,1980,482.624673689775
GNB,national,1981,561.197166239126
GNB,national,1982,575.45594420713
GNB,national,1983,547.129705362472
GNB,national,1984,587.662233366104
GNB,national,1985,602.708752565103
GNB,national,1986,588.744570661699
GNB,national,1987,596.496056723704
GNB,national,1988,614.227986675193
GNB,national,1989,641.386296850909
GNB,national,1990,669.807793131267
GNB,national,1991,689.585554996563
GNB,national,1992,677.373025527346
GNB,national,1993,669.440125463761
GNB,national,1994,670.030147745019
GNB,national,1995,682.227519769513
GNB,national,1996,745.758165829905
GNB,national,1997,779.311076355433
GNB,national,1998,550.090042666442
GNB,national,1999,545.412052297446
GNB,national,2000,563.624310528176
GNB,national,2001,563.808604193369
GNB,national,2002,545.966817390934
GNB,national,2003,536.561017315188
GNB,national,2004,538.542522769372
GNB,national,2005,548.207365769529
GNB,national,2006,547.232174801996
GNB,national,2007,550.87649584118
GNB,national,2008,554.06349291754
GNB,national,2009,558.192084939013
GNB,national,2010,569.017626071806
GNB,national,2011,599.04520176056
GNB,national,2012,573.217198486537
GNB,national,2013,576.179887416557
GNB,national,2014,566.535578630061
GNB,national,2015,585.957012587988
GNB,national,2016,607.166336824833
GNB,national,2017,627.616937231807
GNB,national,2018,620.771030397279
GNB,national,2019,633.725745938027
GNB,national,2020,604.595148098772
GNB,national,2021,613.898112015004
GNB,national,2022,621.85222608006
GNB,national,2023,636.2914997340562
GNB,national,2024,654.1734997701842
GNB,national,2025,672.8158712263674
GNB,national,2026,692.9264634338915
GNB,national,2027,713.7713627926126
GNB,national,2028,731.2418212452786
GNB,national,2029,749.4289680141445
GNB,national,2030,768.0511424844094
GNQ,national,1960,197.00288120026246
GNQ,national,1961,213.10665895505232
GNQ,national,1962,234.39943176416335
GNQ,national,1963,265.8912638179746
GNQ,national,1964,302.39316006216495
GNQ,national,1965,339.6107797621237
GNQ,national,1966,349.4519772789397
GNQ,national,1967,368.2397179928612
GNQ,national,1968,376.11267600631396
GNQ,national,1969,360.5456908433505
GNQ,national,1970,346.0522908640396
GNQ,national,1971,355.8934883808556
GNQ,national,1972,359.1142439318136
GNQ,national,1973,394.36362412840913
GNQ,national,1974,441.2435104812418
GNQ,national,1975,551.107060941697
GNQ,national,1976,617.8482731921039
GNQ,national,1977,656.3184089396574
GNQ,national,1978,617.4904114642197
GNQ,national,1979,515.6787498811594
GNQ,national,1980,467.546347480732
GNQ,national,1981,470.47196764808
GNQ,national,1982,452.214120177881
GNQ,national,1983,445.228213701238
GNQ,national,1984,423.03460437531197
GNQ,national,1985,451.897244654204
GNQ,national,1986,420.371343515855
GNQ,national,1987,420.506233942114
GNQ,national,1988,414.850473375469
GNQ,national,1989,394.36978898403
GNQ,national,1990,373.179618046871
GNQ,national,1991,355.914881474211
GNQ,national,1992,462.176086643316
GNQ,national,1993,494.523729301224
GNQ,national,1994,555.846755422364
GNQ,national,1995,628.880250319212
GNQ,national,1996,1008.32838048719
GNQ,national,1997,2424.82851662555
GNQ,national,1998,2886.15306275781
GNQ,national,1999,3486.7989501592
GNQ,national,2000,3941.66353561464
GNQ,national,2001,6132.84731734498
GNQ,national,2002,6987.94267118469
GNQ,national,2003,7604.48072336393
GNQ,national,2004,10028.3543832106
GNQ,national,2005,11188.4485807816
GNQ,national,2006,11508.9259622671
GNQ,national,2007,12660.905512569
GNQ,national,2008,14222.5488866674
GNQ,national,2009,13740.8400178391
GNQ,national,2010,11933.3110754293
GNQ,national,2011,12155.8187807638
GNQ,national,2012,12625.2959661477
GNQ,national,2013,11614.0029473336
GNQ,national,2014,11200.8107170317
GNQ,national,2015,9788.98380398528
GNQ,national,2016,8594.45021949134
GNQ,national,2017,7818.0535902583
GNQ,national,2018,7079.65052642928
GNQ,national,2019,6472.07088282743
GNQ,national,2020,5995.90584463831
GNQ,national,2021,5870.40138961147
GNQ,national,2022,5945.20168113974
GNQ,national,2023,5409.55172654107
GNQ,national,2024,4965.454739635532
GNQ,national,2025,4697.55653934082
GNQ,national,2026,4616.111088553671
GNQ,national,2027,4460.670836486035
GNQ,national,2028,4372.662019455036
GNQ,national,2029,4319.058889420453
GNQ,national,2030,4321.159756111609
GRC,national,1960,5030.74356154497
GRC,national,1961,5650.01778015425
GRC,national,1962,5636.9457674511395
GRC,national,1963,6281.29445901077
GRC,national,1964,6847.46910178831
GRC,national,1965,7549.40736621996
GRC,national,1966,7980.60482744046
GRC,national,1967,8364.6631239502
GRC,national,1968,8909.08449498238
GRC,national,1969,9903.04739387074
GRC,national,1970,10726.7154325989
GRC,national,1971,11517.7385202112
GRC,national,1972,12605.7491780217
GRC,national,1973,13564.1148852194
GRC,national,1974,12644.1849831287
GRC,national,1975,13323.5642560848
GRC,national,1976,14017.0667233476
GRC,national,1977,14242.7838502574
GRC,national,1978,15078.1618417048
GRC,national,1979,15380.0956481624
GRC,national,1980,15332.8943087831
GRC,national,1981,14959.927561412
GRC,national,1982,14699.5871267613
GRC,national,1983,14456.6907810839
GRC,national,1984,14674.0719359958
GRC,national,1985,14984.0316186103
GRC,national,1986,15011.8627048934
GRC,national,1987,14623.7874981262
GRC,national,1988,15195.5449654326
GRC,national,1989,15690.8786863707
GRC,national,1990,15525.774098793
GRC,national,1991,15816.0804116595
GRC,national,1992,15805.5944265411
GRC,national,1993,15461.4828990506
GRC,national,1994,15691.9454165323
GRC,national,1995,15946.7551246365
GRC,national,1996,16331.0468676621
GRC,national,1997,16979.4028280844
GRC,national,1998,17543.2377631658
GRC,national,1999,18013.0632260146
GRC,national,2000,18642.7212666989
GRC,national,2001,19312.3030706347
GRC,national,2002,19996.4651042147
GRC,national,2003,21104.7414364219
GRC,national,2004,22118.0599882249
GRC,national,2005,22185.424546109
GRC,national,2006,23369.1504333202
GRC,national,2007,24072.7918188691
GRC,national,2008,23928.5019625017
GRC,national,2009,22839.2485386418
GRC,national,2010,21560.3533533658
GRC,national,2011,19400.8077326583
GRC,national,2012,18123.6710971914
GRC,national,2013,17796.2576680722
GRC,national,2014,18000.4184639065
GRC,national,2015,18083.8779056547
GRC,national,2016,18070.7807322854
GRC,national,2017,18304.3076770645
GRC,national,2018,18647.4957207515
GRC,national,2019,19017.9964295438
GRC,national,2020,17283.2457234913
GRC,national,2021,18960.8905812875
GRC,national,2022,20287.7253030767
GRC,national,2023,20787.29545852126
GRC,national,2024,21208.25959691823
GRC,national,2025,21615.279925757146
GRC,national,2026,22013.721600132125
GRC,national,2027,22354.531279732837
GRC,national,2028,22720.93932746033
GRC,national,2029,23077.145172417084
GRC,national,2030,23442.118669553995
GRD,national,1977,3061.75411915761
GRD,national,1978,3242.73220156928
GRD,national,1979,3444.85096394731
GRD,national,1980,3441.02467875503
GRD,national,1981,3479.72700015602
GRD,national,1982,3573.99635036235
GRD,national,1983,3641.84064357179
GRD,national,1984,3717.2384258952
GRD,national,1985,3901.99398976361
GRD,national,1986,4169.57227445997
GRD,national,1987,4562.19010911536
GRD,national,1988,4731.49879970347
GRD,national,1989,4942.08046517828
GRD,national,1990,5149.57300171045
GRD,national,1991,5183.71188436343
GRD,national,1992,5074.37942935941
GRD,national,1993,4919.81394698991
GRD,national,1994,4954.59306599976
GRD,national,1995,5017.01659114243
GRD,national,1996,5200.40317786619
GRD,national,1997,5424.85507396582
GRD,national,1998,6025.30300591444
GRD,national,1999,6403.38612487914
GRD,national,2000,6678.30741336641
GRD,national,2001,6512.59236420289
GRD,national,2002,6718.09001473211
GRD,national,2003,7319.46552527553
GRD,national,2004,7220.54771176023
GRD,national,2005,8124.41290710313
GRD,national,2006,7748.2332057476
GRD,national,2007,8168.45103019934
GRD,national,2008,8190.64756366194
GRD,national,2009,7596.90270609179
GRD,national,2010,7505.71323056547
GRD,national,2011,7505.26518609805
GRD,national,2012,7354.97360262798
GRD,national,2013,7461.40073626339
GRD,national,2014,7939.50206647381
GRD,national,2015,8379.62184743156
GRD,national,2016,8621.53890148144
GRD,national,2017,8933.10824925886
GRD,national,2018,9252.55403427554
GRD,national,2019,9247.89838199082
GRD,national,2020,7915.13871412215
GRD,national,2021,8223.18669804078
GRD,national,2022,8688.54780185774
GRD,national,2023,8981.700187375805
GRD,national,2024,9279.15362934404
GRD,national,2025,9623.878844809293
GRD,national,2026,9946.088031207824
GRD,national,2027,10211.623467768792
GRD,national,2028,10431.805420760362
GRD,national,2029,10659.483371245627
GRD,national,2030,10892.113601912833
GRL,national,1970,15375.1866638299
GRL,national,1971,17088.6844485036
GRL,national,1972,17731.075028872
GRL,national,1973,18667.3128238888
GRL,national,1974,19533.1987529185
GRL,national,1975,19619.7941762804
GRL,national,1976,20747.1496891671
GRL,national,1977,22714.6391444394
GRL,national,1978,24179.2062690258
GRL,national,1979,25149.988701843
GRL,national,1980,27005.3259675928
GRL,national,1981,26758.5557153676
GRL,national,1982,25327.6084206548
GRL,national,1983,25901.4739752214
GRL,national,1984,24280.2581225271
GRL,national,1985,24931.4968458427
GRL,national,1986,26551.2406014658
GRL,national,1987,27705.0620969426
GRL,national,1988,28883.8181477385
GRL,national,1989,30528.8015624564
GRL,national,1990,26805.5496983864
GRL,national,1991,26823.378375534
GRL,national,1992,25544.2992633194
GRL,national,1993,24303.8982888635
GRL,national,1994,25604.5956883247
GRL,national,1995,26416.5165028368
GRL,national,1996,26772.6138141762
GRL,national,1997,27117.3732945796
GRL,national,1998,29169.0465812684
GRL,national,1999,29570.9623369365
GRL,national,2000,31614.6188319158
GRL,national,2001,31930.59542585
GRL,national,2002,31475.8212513547
GRL,national,2003,32779.8815112106
GRL,national,2004,34953.9493651873
GRL,national,2005,36681.8055890619
GRL,national,2006,38829.536413942
GRL,national,2007,39896.875364094
GRL,national,2008,42527.6668469766
GRL,national,2009,42899.7441985862
GRL,national,2010,43198.032364358
GRL,national,2011,42994.8790874739
GRL,national,2012,43655.7004664255
GRL,national,2013,43338.3839246907
GRL,national,2014,45545.1429414917
GRL,national,2015,44536.3549705377
GRL,national,2016,46561.7831434013
GRL,national,2017,46597.9452470348
GRL,national,2018,47012.9860350276
GRL,national,2019,48170.7896955512
GRL,national,2020,48139.5825957628
GRL,national,2021,48514.5271286311
GTM,national,1960,1854.78966546519
GTM,national,1961,1878.54196762132
GTM,national,1962,1888.69957627158
GTM,national,1963,2009.31833965133
GTM,national,1964,2042.4512023090099
GTM,national,1965,2071.63665409028
GTM,national,1966,2125.37920800995
GTM,national,1967,2152.87382499605
GTM,national,1968,2279.86776445041
GTM,national,1969,2326.81881439551
GTM,national,1970,2398.71859403601
GTM,national,1971,2471.77528922055
GTM,national,1972,2590.83037048026
GTM,national,1973,2702.94898580998
GTM,national,1974,2810.10782034552
GTM,national,1975,2800.95825937465
GTM,national,1976,2941.27119652734
GTM,national,1977,3100.40659286313
GTM,national,1978,3181.28137072798
GTM,national,1979,3252.58426627485
GTM,national,1980,3291.73058190406
GTM,national,1981,3228.29546580103
GTM,national,1982,3032.22777387798
GTM,national,1983,2875.09039634443
GTM,national,1984,2811.28567492453
GTM,national,1985,2718.25175317771
GTM,national,1986,2647.95250933872
GTM,national,1987,2666.92828972113
GTM,national,1988,2695.08656774255
GTM,national,1989,2725.10141077999
GTM,national,1990,2733.86123825795
GTM,national,1991,2758.6734202724
GTM,national,1992,2817.22562653365
GTM,national,1993,2854.12740451555
GTM,national,1994,2896.2177685521
GTM,national,1995,2965.88597923604
GTM,national,1996,2981.11504099801
GTM,national,1997,3038.70755093504
GTM,national,1998,3115.97132282677
GTM,national,1999,3160.07333812164
GTM,national,2000,3195.38807828092
GTM,national,2001,3192.30235188806
GTM,national,2002,3239.56082941934
GTM,national,2003,3250.83475571572
GTM,national,2004,3282.31464035983
GTM,national,2005,3320.15756486808
GTM,national,2006,3427.67155026705
GTM,national,2007,3573.59263299097
GTM,national,2008,3620.82336964724
GTM,national,2009,3570.29584202465
GTM,national,2010,3606.4234821491
GTM,national,2011,3688.85893591305
GTM,national,2012,3731.66847179214
GTM,national,2013,3802.14635151493
GTM,national,2014,3903.05196634916
GTM,national,2015,3994.62908519019
GTM,national,2016,4034.15057717449
GTM,national,2017,4091.25998307266
GTM,national,2018,4163.47630221389
GTM,national,2019,4263.70844366435
GTM,national,2020,4124.14353853545
GTM,national,2021,4388.72407207344
GTM,national,2022,4504.12922283915
GTM,national,2023,4568.467064164029
GTM,national,2024,4637.170103189758
GTM,national,2025,4727.169640694625
GTM,national,2026,4834.344390053347
GTM,national,2027,4947.517803853057
GTM,national,2028,5068.236555509615
GTM,national,2029,5196.907662917044
GTM,national,2030,5328.845268347591
GUM,national,2002,29531.1013096584
GUM,national,2003,29640.8932462535
GUM,national,2004,31446.5720548017
GUM,national,2005,32507.5174907311
GUM,national,2006,31273.5773015285
GUM,national,2007,31481.052468465
GUM,national,2008,32128.9722261618
GUM,national,2009,32298.3476510811
GUM,national,2010,32964.245358241
GUM,national,2011,32841.672288299
GUM,national,2012,33392.6853766199
GUM,national,2013,33822.5930181207
GUM,national,2014,34328.5631990488
GUM,national,2015,34522.3779304433
GUM,national,2016,34509.6006451551
GUM,national,2017,34763.081137295
GUM,national,2018,34472.95939787
GUM,national,2019,35378.9557673086
GUM,national,2020,31236.0797479713
GUM,national,2021,31325.3962959769
GUY,national,1960,2720.06371389375
GUY,national,1961,2767.27739394948
GUY,national,1962,2722.74880384757
GUY,national,1963,2327.36490242449
GUY,national,1964,2529.59443221389
GUY,national,1965,2734.95679939472
GUY,national,1966,2821.52451407816
GUY,national,1967,2891.68691305483
GUY,national,1968,2875.22452497314
GUY,national,1969,3031.98211698289
GUY,national,1970,3119.13560723681
GUY,national,1971,3177.29181596892
GUY,national,1972,3037.45907301594
GUY,national,1973,3042.10266315855
GUY,national,1974,3241.62809101483
GUY,national,1975,3479.4071984898
GUY,national,1976,3495.54973536234
GUY,national,1977,3368.33610113819
GUY,national,1978,3276.38097148524
GUY,national,1979,3191.84741890229
GUY,national,1980,3231.77612608746
GUY,national,1981,3273.77630874679
GUY,national,1982,2842.13213642091
GUY,national,1983,2653.39559414996
GUY,national,1984,2527.64325870022
GUY,national,1985,2599.47324571783
GUY,national,1986,2590.01683489279
GUY,national,1987,2629.74323258384
GUY,national,1988,2550.16360715551
GUY,national,1989,2442.66455855347
GUY,national,1990,2386.05715863939
GUY,national,1991,2540.87204760883
GUY,national,1992,2734.6750006458
GUY,national,1993,2949.5630567647
GUY,national,1994,3191.16575883749
GUY,national,1995,3342.17207464688
GUY,national,1996,3599.04824117424
GUY,national,1997,3813.19470510423
GUY,national,1998,3741.80457478681
GUY,national,1999,3845.87408474083
GUY,national,2000,3788.24140548951
GUY,national,2001,3870.72981851686
GUY,national,2002,3911.9243867649802
GUY,national,2003,3885.97069124651
GUY,national,2004,3947.43833811141
GUY,national,2005,3874.06814035675
GUY,national,2006,4079.9998822581
GUY,national,2007,4384.07392716493
GUY,national,2008,4475.04940140124
GUY,national,2009,4654.51523569483
GUY,national,2010,4868.69451309551
GUY,national,2011,5147.1607607939
GUY,national,2012,5420.66484738565
GUY,national,2013,5592.73724876306
GUY,national,2014,5659.08180272229
GUY,national,2015,5668.42976474423
GUY,national,2016,5852.81165036409
GUY,national,2017,6038.25338823633
GUY,national,2018,6127.67910664033
GUY,national,2019,6348.68368035127
GUY,national,2020,9126.79142451246
GUY,national,2021,10857.3195429463
GUY,national,2022,17646.2159234068
GUY,national,2023,24354.89259452601
GUY,national,2024,30731.10985829394
GUY,national,2025,33606.12230179701
GUY,national,2026,41094.46632259263
GUY,national,2027,50757.06859788933
GUY,national,2028,57311.30551768323
GUY,national,2029,63854.28739134507
GUY,national,2030,64342.87337532921
HKG,national,1960,3894.0131273368256
HKG,national,1961,3956.00508160457
HKG,national,1962,4333.81995166264
HKG,national,1963,4847.29824840352
HKG,national,1964,5139.77522131647
HKG,national,1965,5739.55157173266
HKG,national,1966,5791.05901915407
HKG,national,1967,5737.07626305166
HKG,national,1968,5807.34702568394
HKG,national,1969,6363.70147567155
HKG,national,1970,6782.66159949823
HKG,national,1971,7122.07359920486
HKG,national,1972,7728.27078863018
HKG,national,1973,8435.86817303736
HKG,national,1974,8370.81954495846
HKG,national,1975,8253.99532159443
HKG,national,1976,9468.5051587104
HKG,national,1977,10427.1203980299
HKG,national,1978,11085.8198568172
HKG,national,1979,11709.1900583576
HKG,national,1980,12553.0789748963
HKG,national,1981,13397.2711040345
HKG,national,1982,13579.9996126044
HKG,national,1983,14174.6649839107
HKG,national,1984,15435.9374333993
HKG,national,1985,15386.6294677466
HKG,national,1986,16876.2363794964
HKG,national,1987,18945.7035098294
HKG,national,1988,20386.221905593
HKG,national,1989,20635.5335969196
HKG,national,1990,21357.2510791593
HKG,national,1991,22388.6068351513
HKG,national,1992,23585.6435504054
HKG,national,1993,24621.6449976198
HKG,national,1994,25526.4590057969
HKG,national,1995,25620.0275857053
HKG,national,1996,25551.3880676171
HKG,national,1997,26631.810325008
HKG,national,1998,24856.797439508
HKG,national,1999,25237.6619211452
HKG,national,2000,26933.2501919561
HKG,national,2001,26885.4245029952
HKG,national,2002,27210.0679017541
HKG,national,2003,28097.0970664949
HKG,national,2004,30304.2895038307
HKG,national,2005,32401.3546348673
HKG,national,2006,34457.9958776049
HKG,national,2007,36371.6385303673
HKG,national,2008,36924.0170883933
HKG,national,2009,35938.5566698129
HKG,national,2010,38089.9866099187
HKG,national,2011,39656.3128089585
HKG,national,2012,39887.8127268218
HKG,national,2013,40959.9710512677
HKG,national,2014,41796.8405746737
HKG,national,2015,42432.1619740441
HKG,national,2016,43087.5413932842
HKG,national,2017,44380.8023235854
HKG,national,2018,45280.4865045373
HKG,national,2019,44195.2623401674
HKG,national,2020,41451.2867158741
HKG,national,2021,44525.5929563664
HKG,national,2022,43369.7143017728
HKG,national,2023,44900.98291310612
HKG,national,2024,45890.76492433662
HKG,national,2025,46912.212033116906
HKG,national,2026,48022.26371232795
HKG,national,2027,49316.69931660096
HKG,national,2028,50243.87629465163
HKG,national,2029,51123.04364205545
HKG,national,2030,51995.68996919483
HND,national,1960,1197.05629017339
HND,national,1961,1184.33632809796
HND,national,1962,1216.82980767887
HND,national,1963,1224.35161764727
HND,national,1964,1253.74754058162
HND,national,1965,1327.81997972225
HND,national,1966,1358.99645131902
HND,national,1967,1398.97509210761
HND,national,1968,1448.36544942466
HND,national,1969,1415.54888566276
HND,national,1970,1423.99285286994
HND,national,1971,1437.1144807079
HND,national,1972,1474.4102292909
HND,national,1973,1543.10011801894
HND,national,1974,1480.50768576398
HND,national,1975,1467.55985694639
HND,national,1976,1571.48766002882
HND,national,1977,1681.07934540857
HND,national,1978,1726.56256683949
HND,national,1979,1767.48125066387
HND,national,1980,1723.83153261642
HND,national,1981,1651.30075944644
HND,national,1982,1568.7554757568
HND,national,1983,1536.23848514959
HND,national,1984,1585.86434025848
HND,national,1985,1627.07207435651
HND,national,1986,1665.2748183998
HND,national,1987,1726.06639083437
HND,national,1988,1707.54722723585
HND,national,1989,1705.7324413318
HND,national,1990,1704.92889665346
HND,national,1991,1602.77350947269
HND,national,1992,1653.07954395362
HND,national,1993,1711.75683134315
HND,national,1994,1668.01764771696
HND,national,1995,1722.53304192344
HND,national,1996,1706.68900718073
HND,national,1997,1736.4790577774
HND,national,1998,1751.93838959692
HND,national,1999,1693.72310461326
HND,national,2000,1768.25390483438
HND,national,2001,1768.28997593448
HND,national,2002,1787.09893459084
HND,national,2003,1821.15037907552
HND,national,2004,1887.08532398747
HND,national,2005,1953.32612256594
HND,national,2006,2033.07110777428
HND,national,2007,2110.04733212571
HND,national,2008,2151.20156093135
HND,national,2009,2054.38411191041
HND,national,2010,2087.25227072168
HND,national,2011,2124.18751643212
HND,national,2012,2169.15628998506
HND,national,2013,2187.83343301838
HND,national,2014,2213.44050673379
HND,national,2015,2257.22528369354
HND,national,2016,2303.87850398806
HND,national,2017,2373.79155954108
HND,national,2018,2423.27605962903
HND,national,2019,2446.10809655856
HND,national,2020,2190.97436850337
HND,national,2021,2428.03194678525
HND,national,2022,2487.70561222524
HND,national,2023,2515.652288246816
HND,national,2024,2551.3337442934408
HND,national,2025,2579.840758071253
HND,national,2026,2624.885407188322
HND,national,2027,2680.673081079323
HND,national,2028,2734.5003719505676
HND,national,2029,2789.408529625752
HND,national,2030,2845.4192922295224
HRV,national,1960,3594.761099967977
HRV,national,1961,3833.844283447197
HRV,national,1962,3908.336076519358
HRV,national,1963,4298.531183087818
HRV,national,1964,4675.956267986765
HRV,national,1965,4782.373115232708
HRV,national,1966,5096.657537432395
HRV,national,1967,5237.12777579704
HRV,national,1968,5439.319785564333
HRV,national,1969,5823.839326946342
HRV,national,1970,6208.358868328352
HRV,national,1971,6678.721333155424
HRV,national,1972,6832.671038837889
HRV,national,1973,7072.463667965416
HRV,national,1974,7652.080762631656
HRV,national,1975,7841.502750729436
HRV,national,1976,8136.632140424854
HRV,national,1977,8786.484354273416
HRV,national,1978,9410.796524782952
HRV,national,1979,9927.982402398238
HRV,national,1980,10069.16208641119
HRV,national,1981,10061.35818427982
HRV,national,1982,10019.50089102975
HRV,national,1983,9819.437218207375
HRV,national,1984,10006.021423711929
HRV,national,1985,9979.771934724597
HRV,national,1986,10227.368465983493
HRV,national,1987,10189.058400974955
HRV,national,1988,10079.09432548748
HRV,national,1989,9903.15180470752
HRV,national,1990,9185.902254269859
HRV,national,1991,7304.587686246705
HRV,national,1992,6620.470666476246
HRV,national,1993,6229.993654446342
HRV,national,1994,6743.245040152216
HRV,national,1995,7305.93977580804
HRV,national,1996,7854.74509414725
HRV,national,1997,8380.11588080584
HRV,national,1998,8573.68035476339
HRV,national,1999,8537.10390576266
HRV,national,2000,8876.61572384215
HRV,national,2001,9512.70843278282
HRV,national,2002,10060.4785530042
HRV,national,2003,10620.8043105016
HRV,national,2004,11061.6613760799
HRV,national,2005,11523.2978336217
HRV,national,2006,12105.4687785422
HRV,national,2007,12722.6038831552
HRV,national,2008,12980.080450727
HRV,national,2009,12055.8455905323
HRV,national,2010,11933.0187800985
HRV,national,2011,11964.3584426587
HRV,national,2012,11720.1723170841
HRV,national,2013,11706.2249597058
HRV,national,2014,11703.97887474
HRV,national,2015,12098.5120254631
HRV,national,2016,12617.3060421415
HRV,national,2017,13203.8192437954
HRV,national,2018,13698.0547960571
HRV,national,2019,14242.4556699034
HRV,national,2020,13075.3471735512
HRV,national,2021,15524.7433917674
HRV,national,2022,16610.3180919751
HRV,national,2023,17116.895805674936
HRV,national,2024,17602.05678075276
HRV,national,2025,18275.828943880457
HRV,national,2026,18951.23634487159
HRV,national,2027,19498.197888517538
HRV,national,2028,20015.15926361319
HRV,national,2029,20525.800417661165
HRV,national,2030,21049.470791721466
HTI,national,1960,1695.7280435625976
HTI,national,1961,1658.91624375951
HTI,national,1962,1715.5800272656925
HTI,national,1963,1654.4048121418473
HTI,national,1964,1613.2589975254625
HTI,national,1965,1607.2720411927849
HTI,national,1966,1563.2112361716975
HTI,national,1967,1522.3074198247875
HTI,national,1968,1544.84620405176
HTI,national,1969,1562.7400482439625
HTI,national,1970,1566.8098253601975
HTI,national,1971,1616.533100623815
HTI,national,1972,1618.1289347340098
HTI,national,1973,1669.117983568025
HTI,national,1974,1714.19364716696
HTI,national,1975,1732.0996441213124
HTI,national,1976,1821.8887039581125
HTI,national,1977,1864.624535304455
HTI,national,1978,1948.4419630080752
HTI,national,1979,2054.0056888333074
HTI,national,1980,2108.8206447327
HTI,national,1981,2004.608048893255
HTI,national,1982,1915.5599131502802
HTI,national,1983,1891.4631148756125
HTI,national,1984,1860.5922395656053
HTI,national,1985,1829.116320644305
HTI,national,1986,1781.6601979837126
HTI,national,1987,1735.5395419478625
HTI,national,1988,1690.235683934435
HTI,national,1989,1623.12188914078
HTI,national,1990,1610.0571580416124
HTI,national,1991,1579.5320245685275
HTI,national,1992,1466.3417863359925
HTI,national,1993,1338.25830193555
HTI,national,1994,1220.49067620153
HTI,national,1995,1298.2447678102901
HTI,national,1996,1322.4810987225849
HTI,national,1997,1331.7968348071101
HTI,national,1998,1337.999831612885
HTI,national,1999,1343.374687341065
HTI,national,2000,1326.66982252861
HTI,national,2001,1303.2259990530874
HTI,national,2002,1301.9565392700401
HTI,national,2003,1308.8322551537976
HTI,national,2004,1283.9314376690377
HTI,national,2005,1297.3232098623325
HTI,national,2006,1307.7342391974025
HTI,national,2007,1340.1826170275026
HTI,national,2008,1364.4088686070577
HTI,national,2009,1383.2724901778424
HTI,national,2010,1325.15085071291
HTI,national,2011,1360.2339386289
HTI,national,2012,1359.0447288364576
HTI,national,2013,1391.9364337829224
HTI,national,2014,1406.2378728718477
HTI,national,2015,1407.0718668707125
HTI,national,2016,1415.015755667625
HTI,national,2017,1427.679963092465
HTI,national,2018,1419.9928107861049
HTI,national,2019,1371.70700624864
HTI,national,2020,1314.331947906355
HTI,national,2021,1275.3315487205223
HTI,national,2022,1237.2979552852082
HTI,national,2023,1202.624072958943
HTI,national,2024,1203.3357586684253
HTI,national,2025,1163.662828013909
HTI,national,2026,1173.9784905722397
HTI,national,2027,1175.8320218161657
HTI,national,2028,1177.688473621322
HTI,national,2029,1179.5478724852658
HTI,national,2030,1181.4101919714465
HUN,national,1960,4310.872829055029
HUN,national,1961,4508.77569104913
HUN,national,1962,4680.736230309922
HUN,national,1963,4924.594064003028
HUN,national,1964,5184.017291336119
HUN,national,1965,5209.959614069428
HUN,national,1966,5489.395490368216
HUN,national,1967,5782.173132644134
HUN,national,1968,5829.610522785042
HUN,national,1969,5980.8172038591865
HUN,national,1970,5940.791905927796
HUN,national,1971,6188.35578572566
HUN,national,1972,6303.984424194124
HUN,national,1973,6611.586250889075
HUN,national,1974,6753.157212090848
HUN,national,1975,6858.408921465988
HUN,national,1976,6842.102318605052
HUN,national,1977,7237.908042593253
HUN,national,1978,7387.632305225495
HUN,national,1979,7385.408677562639
HUN,national,1980,7450.635089006388
HUN,national,1981,7667.074188689378
HUN,national,1982,7892.8272565741445
HUN,national,1983,7967.219119429332
HUN,national,1984,8203.037728197505
HUN,national,1985,8214.421979430273
HUN,national,1986,8371.265515247931
HUN,national,1987,8752.377417088486
HUN,national,1988,8784.358448498155
HUN,national,1989,8885.29512072841
HUN,national,1990,8612.935324831973
HUN,national,1991,7589.9019679997
HUN,national,1992,7360.21365612239
HUN,national,1993,7326.16050730217
HUN,national,1994,7552.40467422539
HUN,national,1995,7675.57817108924
HUN,national,1996,7695.11053742504
HUN,national,1997,7952.98313173573
HUN,national,1998,8282.39885965651
HUN,national,1999,8560.96909441129
HUN,national,2000,8967.69626924063
HUN,national,2001,9354.48075090137
HUN,national,2002,9825.94319858403
HUN,national,2003,10255.6101131603
HUN,national,2004,10792.7374278506
HUN,national,2005,11278.6160255559
HUN,national,2006,11741.9476769178
HUN,national,2007,11792.7712897392
HUN,national,2008,11932.0383995535
HUN,national,2009,11162.0559722742
HUN,national,2010,11307.7161991209
HUN,national,2011,11551.4989289342
HUN,national,2012,11466.1419094704
HUN,national,2013,11705.0092523564
HUN,national,2014,12233.299367172
HUN,national,2015,12717.038597002
HUN,national,2016,13035.3528590909
HUN,national,2017,13628.4044885706
HUN,national,2018,14377.4241602939
HUN,national,2019,15083.5991718742
HUN,national,2020,14430.4768288416
HUN,national,2021,15517.0494496088
HUN,national,2022,16336.2411254742
HUN,national,2023,16310.559863155708
HUN,national,2024,16840.199263292892
HUN,national,2025,17285.261261012194
HUN,national,2026,17742.266629197322
HUN,national,2027,18230.47570090962
HUN,national,2028,18816.79494462919
HUN,national,2029,19428.625572521127
HUN,national,2030,20060.3558816069
IDN,national,1960,597.147402839524
IDN,national,1961,614.504129006212
IDN,national,1962,608.870804059456
IDN,national,1963,579.01684143256
IDN,national,1964,582.975650853198
IDN,national,1965,574.817808122217
IDN,national,1966,577.151412180385
IDN,national,1967,570.252999069009
IDN,national,1968,615.818264716785
IDN,national,1969,640.172468675715
IDN,national,1970,670.136033662239
IDN,national,1971,698.306200382129
IDN,national,1972,728.029691019026
IDN,national,1973,766.803085644054
IDN,national,1974,801.477546929414
IDN,national,1975,825.339125064684
IDN,national,1976,862.038711369312
IDN,national,1977,910.667288104047
IDN,national,1978,949.878771205832
IDN,national,1979,993.516406478547
IDN,national,1980,1067.17202382196
IDN,national,1981,1124.61819327682
IDN,national,1982,1123.64998833364
IDN,national,1983,1146.72781710502
IDN,national,1984,1198.46006400231
IDN,national,1985,1202.35339069173
IDN,national,1986,1246.57972377239
IDN,national,1987,1283.96269158561
IDN,national,1988,1330.95344009355
IDN,national,1989,1408.50248296509
IDN,national,1990,1483.63803203131
IDN,national,1991,1556.80666351962
IDN,national,1992,1629.84797824665
IDN,national,1993,1706.95236458804
IDN,national,1994,1805.60388533425
IDN,national,1995,1922.35211804745
IDN,national,1996,2039.36298877492
IDN,national,1997,2101.25414945916
IDN,national,1998,1797.08392181585
IDN,national,1999,1784.333594699
IDN,national,2000,1845.22780072703
IDN,national,2001,1885.67975137695
IDN,national,2002,1943.64492790634
IDN,national,2003,2009.48978395399
IDN,national,2004,2083.8825089787
IDN,national,2005,2174.91522148966
IDN,national,2006,2264.93573330974
IDN,national,2007,2377.25499297081
IDN,national,2008,2487.61129660703
IDN,national,2009,2569.87421261278
IDN,national,2010,2695.86817007214
IDN,national,2011,2826.48044072348
IDN,national,2012,2959.5144781668
IDN,national,2013,3086.32311695224
IDN,national,2014,3203.48428702077
IDN,national,2015,3322.58167895444
IDN,national,2016,3453.04943030511
IDN,national,2017,3591.78002845926
IDN,national,2018,3741.30526682049
IDN,national,2019,3892.42166187369
IDN,national,2020,3780.12163441585
IDN,national,2021,3892.96237143646
IDN,national,2022,4073.61049423815
IDN,national,2023,4236.456535021952
IDN,national,2024,4406.068587274015
IDN,national,2025,4577.096109711992
IDN,national,2026,4760.714005097457
IDN,national,2027,4953.514162590135
IDN,national,2028,5152.545093543381
IDN,national,2029,5369.465211878791
IDN,national,2030,5598.969267268537
IDN,rural,1960,597.147402839524
IDN,rural,1961,614.504129006212
IDN,rural,1962,608.870804059456
IDN,rural,1963,579.01684143256
IDN,rural,1964,582.975650853198
IDN,rural,1965,574.817808122217
IDN,rural,1966,577.151412180385
IDN,rural,1967,570.252999069009
IDN,rural,1968,615.818264716785
IDN,rural,1969,640.172468675715
IDN,rural,1970,670.136033662239
IDN,rural,1971,698.306200382129
IDN,rural,1972,728.029691019026
IDN,rural,1973,766.803085644054
IDN,rural,1974,801.477546929414
IDN,rural,1975,825.339125064684
IDN,rural,1976,862.038711369312
IDN,rural,1977,910.667288104047
IDN,rural,1978,949.878771205832
IDN,rural,1979,993.516406478547
IDN,rural,1980,1067.17202382196
IDN,rural,1981,1124.61819327682
IDN,rural,1982,1123.64998833364
IDN,rural,1983,1146.72781710502
IDN,rural,1984,1198.46006400231
IDN,rural,1985,1202.35339069173
IDN,rural,1986,1246.57972377239
IDN,rural,1987,1283.96269158561
IDN,rural,1988,1330.95344009355
IDN,rural,1989,1408.50248296509
IDN,rural,1990,1483.63803203131
IDN,rural,1991,1556.80666351962
IDN,rural,1992,1629.84797824665
IDN,rural,1993,1706.95236458804
IDN,rural,1994,1805.60388533425
IDN,rural,1995,1922.35211804745
IDN,rural,1996,2039.36298877492
IDN,rural,1997,2101.25414945916
IDN,rural,1998,1797.08392181585
IDN,rural,1999,1784.333594699
IDN,rural,2000,1845.22780072703
IDN,rural,2001,1885.67975137695
IDN,rural,2002,1943.64492790634
IDN,rural,2003,2009.48978395399
IDN,rural,2004,2083.8825089787
IDN,rural,2005,2174.91522148966
IDN,rural,2006,2264.93573330974
IDN,rural,2007,2377.25499297081
IDN,rural,2008,2487.61129660703
IDN,rural,2009,2569.87421261278
IDN,rural,2010,2695.86817007214
IDN,rural,2011,2826.48044072348
IDN,rural,2012,2959.5144781668
IDN,rural,2013,3086.32311695224
IDN,rural,2014,3203.48428702077
IDN,rural,2015,3322.58167895444
IDN,rural,2016,3453.04943030511
IDN,rural,2017,3591.78002845926
IDN,rural,2018,3741.30526682049
IDN,rural,2019,3892.42166187369
IDN,rural,2020,3780.12163441585
IDN,rural,2021,3892.96237143646
IDN,rural,2022,4073.61049423815
IDN,rural,2023,4236.456535021952
IDN,rural,2024,4406.068587274015
IDN,rural,2025,4577.096109711992
IDN,rural,2026,4760.714005097457
IDN,rural,2027,4953.514162590135
IDN,rural,2028,5152.545093543381
IDN,rural,2029,5369.465211878791
IDN,rural,2030,5598.969267268537
IDN,urban,1960,597.147402839524
IDN,urban,1961,614.504129006212
IDN,urban,1962,608.870804059456
IDN,urban,1963,579.01684143256
IDN,urban,1964,582.975650853198
IDN,urban,1965,574.817808122217
IDN,urban,1966,577.151412180385
IDN,urban,1967,570.252999069009
IDN,urban,1968,615.818264716785
IDN,urban,1969,640.172468675715
IDN,urban,1970,670.136033662239
IDN,urban,1971,698.306200382129
IDN,urban,1972,728.029691019026
IDN,urban,1973,766.803085644054
IDN,urban,1974,801.477546929414
IDN,urban,1975,825.339125064684
IDN,urban,1976,862.038711369312
IDN,urban,1977,910.667288104047
IDN,urban,1978,949.878771205832
IDN,urban,1979,993.516406478547
IDN,urban,1980,1067.17202382196
IDN,urban,1981,1124.61819327682
IDN,urban,1982,1123.64998833364
IDN,urban,1983,1146.72781710502
IDN,urban,1984,1198.46006400231
IDN,urban,1985,1202.35339069173
IDN,urban,1986,1246.57972377239
IDN,urban,1987,1283.96269158561
IDN,urban,1988,1330.95344009355
IDN,urban,1989,1408.50248296509
IDN,urban,1990,1483.63803203131
IDN,urban,1991,1556.80666351962
IDN,urban,1992,1629.84797824665
IDN,urban,1993,1706.95236458804
IDN,urban,1994,1805.60388533425
IDN,urban,1995,1922.35211804745
IDN,urban,1996,2039.36298877492
IDN,urban,1997,2101.25414945916
IDN,urban,1998,1797.08392181585
IDN,urban,1999,1784.333594699
IDN,urban,2000,1845.22780072703
IDN,urban,2001,1885.67975137695
IDN,urban,2002,1943.64492790634
IDN,urban,2003,2009.48978395399
IDN,urban,2004,2083.8825089787
IDN,urban,2005,2174.91522148966
IDN,urban,2006,2264.93573330974
IDN,urban,2007,2377.25499297081
IDN,urban,2008,2487.61129660703
IDN,urban,2009,2569.87421261278
IDN,urban,2010,2695.86817007214
IDN,urban,2011,2826.48044072348
IDN,urban,2012,2959.5144781668
IDN,urban,2013,3086.32311695224
IDN,urban,2014,3203.48428702077
IDN,urban,2015,3322.58167895444
IDN,urban,2016,3453.04943030511
IDN,urban,2017,3591.78002845926
IDN,urban,2018,3741.30526682049
IDN,urban,2019,3892.42166187369
IDN,urban,2020,3780.12163441585
IDN,urban,2021,3892.96237143646
IDN,urban,2022,4073.61049423815
IDN,urban,2023,4236.456535021952
IDN,urban,2024,4406.068587274015
IDN,urban,2025,4577.096109711992
IDN,urban,2026,4760.714005097457
IDN,urban,2027,4953.514162590135
IDN,urban,2028,5152.545093543381
IDN,urban,2029,5369.465211878791
IDN,urban,2030,5598.969267268537
IMN,national,1984,18311.3679477994
IMN,national,1985,18423.4973075087
IMN,national,1986,21846.0121248727
IMN,national,1987,23681.6565638685
IMN,national,1988,26053.026536236
IMN,national,1989,27382.7447959893
IMN,national,1990,28063.1912318915
IMN,national,1991,28143.7480557276
IMN,national,1992,28152.2190557382
IMN,national,1993,28719.5549413279
IMN,national,1994,29707.0096427517
IMN,national,1995,30828.3046690906
IMN,national,1996,32959.0010705859
IMN,national,1997,35394.2000087745
IMN,national,1998,39663.5005486133
IMN,national,1999,44529.0610661773
IMN,national,2000,46334.3408960997
IMN,national,2001,48301.9930898863
IMN,national,2002,50774.9956971232
IMN,national,2003,53299.4325080165
IMN,national,2004,55545.0516877784
IMN,national,2005,58275.5772395427
IMN,national,2006,62126.7816636808
IMN,national,2007,66068.1936956923
IMN,national,2008,68547.3731633225
IMN,national,2009,69212.0030230171
IMN,national,2010,70785.7683596321
IMN,national,2011,71754.6643886853
IMN,national,2012,77006.4937245905
IMN,national,2013,80380.898899518
IMN,national,2014,84774.4182815717
IMN,national,2015,84753.4567282435
IMN,national,2016,90801.1041287644
IMN,national,2017,93232.5841734301
IMN,national,2018,95074.3747479803
IMN,national,2019,95137.2757021165
IMN,national,2020,86614.1156183997
IND,national,1960,306.8615881922245
IND,national,1961,308.90733211350596
IND,national,1962,311.2925687775685
IND,national,1963,320.0995243616512
IND,national,1964,335.0143941325543
IND,national,1965,326.8817450198808
IND,national,1966,317.5377943832035
IND,national,1967,328.9316662422775
IND,national,1968,336.2410736301638
IND,national,1969,347.883953583255
IND,national,1970,358.97459252011924
IND,national,1971,359.89818767215303
IND,national,1972,351.97328035381923
IND,national,1973,352.11926240881826
IND,national,1974,350.1462478194645
IND,national,1975,366.83413845237976
IND,national,1976,371.15272661000927
IND,national,1977,384.28711055967824
IND,national,1978,398.7506764360003
IND,national,1979,379.97590466390653
IND,national,1980,384.7711598459917
IND,national,1981,399.381833394503
IND,national,1982,406.4145943071595
IND,national,1983,422.54217674216204
IND,national,1984,432.33067426468426
IND,national,1985,443.4159160388365
IND,national,1986,454.81837650892004
IND,national,1987,463.371765949898
IND,national,1988,490.64029213116424
IND,national,1989,512.8364111285645
IND,national,1990,530.2181577307372
IND,national,1991,530.294657685757
IND,national,1992,542.055309642926
IND,national,1993,557.2091839544843
IND,national,1994,579.8312361193646
IND,national,1995,610.148330333834
IND,national,1996,643.5035894217044
IND,national,1997,662.0891698157833
IND,national,1998,686.4229054622167
IND,national,1999,729.0393011601825
IND,national,2000,751.8407788516117
IND,national,2001,772.1708187428925
IND,national,2002,789.2591364260885
IND,national,2003,828.8887736449948
IND,national,2004,879.4910886898213
IND,national,2005,933.918102341042
IND,national,2006,993.4412118876022
IND,national,2007,1054.76543796322
IND,national,2008,1083.220161198505
IND,national,2009,1139.5562583339026
IND,national,2010,1217.7312115243699
IND,national,2011,1273.465957446605
IND,national,2012,1324.4278416492675
IND,national,2013,1387.77803754956
IND,national,2014,1468.6577173057499
IND,national,2015,1565.137875414615
IND,national,2016,1673.4317610561325
IND,national,2017,1772.2299467011674
IND,national,2018,1867.3317890058574
IND,national,2019,1931.0207451561125
IND,national,2020,1846.229626648535
IND,national,2021,1924.8543050792423
IND,national,2022,2057.791009254655
IND,national,2023,2170.546443181705
IND,national,2024,2286.1923743757075
IND,national,2025,2411.023393330226
IND,national,2026,2547.941204601628
IND,national,2027,2690.1759481905283
IND,national,2028,2841.287064237626
IND,national,2029,3001.9316391561974
IND,national,2030,3172.7060275670988
IND,rural,1960,306.8615881922245
IND,rural,1961,308.90733211350596
IND,rural,1962,311.2925687775685
IND,rural,1963,320.0995243616512
IND,rural,1964,335.0143941325543
IND,rural,1965,326.8817450198808
IND,rural,1966,317.5377943832035
IND,rural,1967,328.9316662422775
IND,rural,1968,336.2410736301638
IND,rural,1969,347.883953583255
IND,rural,1970,358.97459252011924
IND,rural,1971,359.89818767215303
IND,rural,1972,351.97328035381923
IND,rural,1973,352.11926240881826
IND,rural,1974,350.1462478194645
IND,rural,1975,366.83413845237976
IND,rural,1976,371.15272661000927
IND,rural,1977,384.28711055967824
IND,rural,1978,398.7506764360003
IND,rural,1979,379.97590466390653
IND,rural,1980,384.7711598459917
IND,rural,1981,399.381833394503
IND,rural,1982,406.4145943071595
IND,rural,1983,422.54217674216204
IND,rural,1984,432.33067426468426
IND,rural,1985,443.4159160388365
IND,rural,1986,454.81837650892004
IND,rural,1987,463.371765949898
IND,rural,1988,490.64029213116424
IND,rural,1989,512.8364111285645
IND,rural,1990,530.2181577307372
IND,rural,1991,530.294657685757
IND,rural,1992,542.055309642926
IND,rural,1993,557.2091839544843
IND,rural,1994,579.8312361193646
IND,rural,1995,610.148330333834
IND,rural,1996,643.5035894217044
IND,rural,1997,662.0891698157833
IND,rural,1998,686.4229054622167
IND,rural,1999,729.0393011601825
IND,rural,2000,751.8407788516117
IND,rural,2001,772.1708187428925
IND,rural,2002,789.2591364260885
IND,rural,2003,828.8887736449948
IND,rural,2004,879.4910886898213
IND,rural,2005,933.918102341042
IND,rural,2006,993.4412118876022
IND,rural,2007,1054.76543796322
IND,rural,2008,1083.220161198505
IND,rural,2009,1139.5562583339026
IND,rural,2010,1217.7312115243699
IND,rural,2011,1273.465957446605
IND,rural,2012,1324.4278416492675
IND,rural,2013,1387.77803754956
IND,rural,2014,1468.6577173057499
IND,rural,2015,1565.137875414615
IND,rural,2016,1673.4317610561325
IND,rural,2017,1772.2299467011674
IND,rural,2018,1867.3317890058574
IND,rural,2019,1931.0207451561125
IND,rural,2020,1846.229626648535
IND,rural,2021,1924.8543050792423
IND,rural,2022,2057.791009254655
IND,rural,2023,2170.546443181705
IND,rural,2024,2286.1923743757075
IND,rural,2025,2411.023393330226
IND,rural,2026,2547.941204601628
IND,rural,2027,2690.1759481905283
IND,rural,2028,2841.287064237626
IND,rural,2029,3001.9316391561974
IND,rural,2030,3172.7060275670988
IND,urban,1960,306.8615881922245
IND,urban,1961,308.90733211350596
IND,urban,1962,311.2925687775685
IND,urban,1963,320.0995243616512
IND,urban,1964,335.0143941325543
IND,urban,1965,326.8817450198808
IND,urban,1966,317.5377943832035
IND,urban,1967,328.9316662422775
IND,urban,1968,336.2410736301638
IND,urban,1969,347.883953583255
IND,urban,1970,358.97459252011924
IND,urban,1971,359.89818767215303
IND,urban,1972,351.97328035381923
IND,urban,1973,352.11926240881826
IND,urban,1974,350.1462478194645
IND,urban,1975,366.83413845237976
IND,urban,1976,371.15272661000927
IND,urban,1977,384.28711055967824
IND,urban,1978,398.7506764360003
IND,urban,1979,379.97590466390653
IND,urban,1980,384.7711598459917
IND,urban,1981,399.381833394503
IND,urban,1982,406.4145943071595
IND,urban,1983,422.54217674216204
IND,urban,1984,432.33067426468426
IND,urban,1985,443.4159160388365
IND,urban,1986,454.81837650892004
IND,urban,1987,463.371765949898
IND,urban,1988,490.64029213116424
IND,urban,1989,512.8364111285645
IND,urban,1990,530.2181577307372
IND,urban,1991,530.294657685757
IND,urban,1992,542.055309642926
IND,urban,1993,557.2091839544843
IND,urban,1994,579.8312361193646
IND,urban,1995,610.148330333834
IND,urban,1996,643.5035894217044
IND,urban,1997,662.0891698157833
IND,urban,1998,686.4229054622167
IND,urban,1999,729.0393011601825
IND,urban,2000,751.8407788516117
IND,urban,2001,772.1708187428925
IND,urban,2002,789.2591364260885
IND,urban,2003,828.8887736449948
IND,urban,2004,879.4910886898213
IND,urban,2005,933.918102341042
IND,urban,2006,993.4412118876022
IND,urban,2007,1054.76543796322
IND,urban,2008,1083.220161198505
IND,urban,2009,1139.5562583339026
IND,urban,2010,1217.7312115243699
IND,urban,2011,1273.465957446605
IND,urban,2012,1324.4278416492675
IND,urban,2013,1387.77803754956
IND,urban,2014,1468.6577173057499
IND,urban,2015,1565.137875414615
IND,urban,2016,1673.4317610561325
IND,urban,2017,1772.2299467011674
IND,urban,2018,1867.3317890058574
IND,urban,2019,1931.0207451561125
IND,urban,2020,1846.229626648535
IND,urban,2021,1924.8543050792423
IND,urban,2022,2057.791009254655
IND,urban,2023,2170.546443181705
IND,urban,2024,2286.1923743757075
IND,urban,2025,2411.023393330226
IND,urban,2026,2547.941204601628
IND,urban,2027,2690.1759481905283
IND,urban,2028,2841.287064237626
IND,urban,2029,3001.9316391561974
IND,urban,2030,3172.7060275670988
IRL,national,1960,8358.212030597164
IRL,national,1961,8800.309399541571
IRL,national,1962,9050.137275620958
IRL,national,1963,9411.407978774974
IRL,national,1964,9733.489995485164
IRL,national,1965,9859.628579976228
IRL,national,1966,9915.962316739227
IRL,national,1967,10447.458876633611
IRL,national,1968,11263.07341324573
IRL,national,1969,11886.418456992827
IRL,national,1970,12100.7315859825
IRL,national,1971,12374.988115672
IRL,national,1972,12983.6960543579
IRL,national,1973,13380.3770696833
IRL,national,1974,13721.2028751835
IRL,national,1975,14260.7813248646
IRL,national,1976,14243.1123913348
IRL,national,1977,15205.3363453438
IRL,national,1978,16068.4965258425
IRL,national,1979,16343.0931433023
IRL,national,1980,16653.5911505162
IRL,national,1981,17007.0300163173
IRL,national,1982,17231.6967607569
IRL,national,1983,17068.1665536505
IRL,national,1984,17701.3409244015
IRL,national,1985,18218.3501685133
IRL,national,1986,18132.0746715631
IRL,national,1987,18975.6225953647
IRL,national,1988,20051.2323730478
IRL,national,1989,21301.2343678365
IRL,national,1990,23085.2141398
IRL,national,1991,23395.7792537096
IRL,national,1992,24013.5699156904
IRL,national,1993,24537.2076709476
IRL,national,1994,25847.4384259376
IRL,national,1995,28192.7754893908
IRL,national,1996,30034.6979677168
IRL,national,1997,33012.3336284172
IRL,national,1998,35533.6518883702
IRL,national,1999,38835.0408982036
IRL,national,2000,41924.2932496242
IRL,national,2001,43451.3730525539
IRL,national,2002,45245.8085128973
IRL,national,2003,45856.3496298566
IRL,national,2004,48081.9681057103
IRL,national,2005,49746.0564580724
IRL,national,2006,50838.0767607578
IRL,national,2007,52012.0454125255
IRL,national,2008,48677.2171989662
IRL,national,2009,45729.9032271479
IRL,national,2010,46246.8450864429
IRL,national,2011,46635.3445852272
IRL,national,2012,46377.9216861489
IRL,national,2013,46676.2584933487
IRL,national,2014,50427.3296736031
IRL,national,2015,62179.2642662951
IRL,national,2016,62566.7978369816
IRL,national,2017,67652.0199199883
IRL,national,2018,72478.8382398373
IRL,national,2019,75281.9215322169
IRL,national,2020,79441.7086843532
IRL,national,2021,90589.1967310069
IRL,national,2022,97316.8775085729
IRL,national,2023,97608.80735779773
IRL,national,2024,99289.24227988126
IRL,national,2025,100425.99647444727
IRL,national,2026,101760.7742608966
IRL,national,2027,102860.08817141822
IRL,national,2028,104534.80911996495
IRL,national,2029,106158.85637410785
IRL,national,2030,107927.07236286788
IRN,national,1960,2357.106944364042
IRN,national,1961,2483.9806088119176
IRN,national,1962,2619.4992047372143
IRN,national,1963,2730.1824647588123
IRN,national,1964,2868.6004055956623
IRN,national,1965,3209.279082096177
IRN,national,1966,3509.4664408597514
IRN,national,1967,3795.8213549287925
IRN,national,1968,4198.1368353681055
IRN,national,1969,4705.731015693334
IRN,national,1970,5114.855580243881
IRN,national,1971,5623.102610930796
IRN,national,1972,6249.940390097339
IRN,national,1973,6613.62816085911
IRN,national,1974,6820.149268067379
IRN,national,1975,6687.474303952073
IRN,national,1976,7405.460638369078
IRN,national,1977,7286.012992991362
IRN,national,1978,6319.426972049479
IRN,national,1979,5368.289049414578
IRN,national,1980,4190.7394028850395
IRN,national,1981,3601.2682564534634
IRN,national,1982,3986.7285873163783
IRN,national,1983,4353.040211661964
IRN,national,1984,4060.58339425188
IRN,national,1985,3908.0155771866994
IRN,national,1986,3504.305673024504
IRN,national,1987,3304.6015288289645
IRN,national,1988,3051.41953330294
IRN,national,1989,3059.171127563214
IRN,national,1990,3300.9230786279677
IRN,national,1991,3584.955518380383
IRN,national,1992,3673.021546807293
IRN,national,1993,3619.877005840757
IRN,national,1994,3544.5154279450235
IRN,national,1995,3556.5871802202428
IRN,national,1996,3702.5829546505697
IRN,national,1997,3739.231721201633
IRN,national,1998,3753.2043463232703
IRN,national,1999,3769.046652714012
IRN,national,2000,3893.464681751091
IRN,national,2001,3947.7991094884624
IRN,national,2002,4170.199512245141
IRN,national,2003,4483.369606480653
IRN,national,2004,4649.192287933081
IRN,national,2005,4732.139569057468
IRN,national,2006,4873.486201208341
IRN,national,2007,5161.340712907999
IRN,national,2008,5187.21659864679
IRN,national,2009,5159.934660326331
IRN,national,2010,5329.592555428937
IRN,national,2011,5435.018639741245
IRN,national,2012,5239.790003633588
IRN,national,2013,5061.1226404533845
IRN,national,2014,5145.524063756555
IRN,national,2015,5032.369700559281
IRN,national,2016,5256.898162500194
IRN,national,2017,5386.168027601251
IRN,national,2018,5270.352641039212
IRN,national,2019,5064.766453835423
IRN,national,2020,5113.758593621911
IRN,national,2021,5300.018222710866
IRN,national,2022,5471.696888659436
IRN,national,2023,5578.769509557236
IRN,national,2024,5660.965254772912
IRN,national,2025,5580.858554488684
IRN,national,2026,5552.491779316345
IRN,national,2027,5584.918968733608
IRN,national,2028,5639.798420457317
IRN,national,2029,5694.162971957515
IRN,national,2030,5747.897178184007
IRQ,national,1960,971.427862754585
IRQ,national,1961,1051.6375027985416
IRQ,national,1962,1071.4671082538532
IRQ,national,1963,1019.9992558923143
IRQ,national,1964,1106.2246189395676
IRQ,national,1965,1167.7186763066009
IRQ,national,1966,1189.3307182073336
IRQ,national,1967,1123.6033742824247
IRQ,national,1968,1280.01217236814
IRQ,national,1969,1276.82954382191
IRQ,national,1970,1289.32888263985
IRQ,national,1971,1312.65694963663
IRQ,national,1972,1316.02130955305
IRQ,national,1973,1328.06151189341
IRQ,national,1974,1491.17136942718
IRQ,national,1975,1623.35928000014
IRQ,national,1976,1841.66148168146
IRQ,national,1977,1815.98772168811
IRQ,national,1978,2056.17657264684
IRQ,national,1979,2407.5138893067
IRQ,national,1980,2911.17325985521
IRQ,national,1981,2804.92953604634
IRQ,national,1982,2820.95230524701
IRQ,national,1983,2380.4148480285
IRQ,national,1984,2272.88052126977
IRQ,national,1985,2250.76930541339
IRQ,national,1986,2297.85385815257
IRQ,national,1987,2443.61047443896
IRQ,national,1988,2387.15169951427
IRQ,national,1989,2252.34687408978
IRQ,national,1990,3511.16652720772
IRQ,national,1991,1249.06795245327
IRQ,national,1992,1607.58755236184
IRQ,national,1993,1995.72863174961
IRQ,national,1994,1975.17890715209
IRQ,national,1995,1949.57829739577
IRQ,national,1996,2095.3736625834
IRQ,national,1997,2461.72857620935
IRQ,national,1998,3215.74070169179
IRQ,national,1999,3659.35339094835
IRQ,national,2000,4138.18793966255
IRQ,national,2001,4079.11185103866
IRQ,national,2002,3626.35339271637
IRQ,national,2003,2227.96915256843
IRQ,national,2004,3320.37891008753
IRQ,national,2005,3277.11191008468
IRQ,national,2006,3437.36336042533
IRQ,national,2007,3532.08054729669
IRQ,national,2008,3749.76577313729
IRQ,national,2009,3739.45544550806
IRQ,national,2010,3854.68835626085
IRQ,national,2011,4003.05259905817
IRQ,national,2012,4360.74562424618
IRQ,national,2013,4479.47041925477
IRQ,national,2014,4333.82398987741
IRQ,national,2015,4416.94292408042
IRQ,national,2016,4903.82325769683
IRQ,national,2017,4702.40048423472
IRQ,national,2018,4710.97614870841
IRQ,national,2019,4854.38649618787
IRQ,national,2020,4170.39204821397
IRQ,national,2021,4141.38817784629
IRQ,national,2022,4335.78313171525
IRQ,national,2023,4110.144808508659
IRQ,national,2024,4123.8093409286785
IRQ,national,2025,4086.425932526541
IRQ,national,2026,4178.547813770323
IRQ,national,2027,4223.232594022802
IRQ,national,2028,4285.705712397217
IRQ,national,2029,4360.707143789577
IRQ,national,2030,4439.512160059184
ISL,national,1960,13534.524980994165
ISL,national,1961,13249.23660882429
ISL,national,1962,14122.391929707845
ISL,national,1963,15272.190520574308
ISL,national,1964,16531.905410675052
ISL,national,1965,17413.70583374557
ISL,national,1966,18596.84981876176
ISL,national,1967,18083.083745936357
ISL,national,1968,16855.4792353872
ISL,national,1969,17142.00262215521
ISL,national,1970,18315.266490386293
ISL,national,1971,20508.65241667935
ISL,national,1972,21447.263511264217
ISL,national,1973,22572.36181016792
ISL,national,1974,23531.968152921134
ISL,national,1975,23385.001415742714
ISL,national,1976,24548.385167188695
ISL,national,1977,26509.588349031816
ISL,national,1978,27885.39461135753
ISL,national,1979,28952.44722414875
ISL,national,1980,30292.438063128462
ISL,national,1981,31256.77244837834
ISL,national,1982,31537.57179441789
ISL,national,1983,30419.580726432934
ISL,national,1984,31293.176458377453
ISL,national,1985,32029.407859936022
ISL,national,1986,33813.35511194399
ISL,national,1987,36409.316823322035
ISL,national,1988,35876.453378230086
ISL,national,1989,35346.946901481504
ISL,national,1990,35497.36722551429
ISL,national,1991,35129.859598342104
ISL,national,1992,33440.0180187863
ISL,national,1993,33535.90268344438
ISL,national,1994,34395.075512476484
ISL,national,1995,34188.3505876665
ISL,national,1996,35557.277250986
ISL,national,1997,37302.6680254519
ISL,national,1998,39622.6069816837
ISL,national,1999,40725.886035875
ISL,national,2000,42174.6650584696
ISL,national,2001,43288.0763046335
ISL,national,2002,43143.4605797013
ISL,national,2003,43763.7756121132
ISL,national,2004,46766.0168708212
ISL,national,2005,48850.7658634924
ISL,national,2006,50731.6906881712
ISL,national,2007,53646.3690202759
ISL,national,2008,53821.47082221
ISL,national,2009,49527.3988280929
ISL,national,2010,48193.7014041013
ISL,national,2011,48933.5456614347
ISL,national,2012,49191.574417162
ISL,national,2013,50946.8162625339
ISL,national,2014,51233.2440468041
ISL,national,2015,52951.6815110898
ISL,national,2016,55513.6423015865
ISL,national,2017,56501.4576788793
ISL,national,2018,57697.8044237427
ISL,national,2019,57493.4195335925
ISL,national,2020,52486.039054903304
ISL,national,2021,53960.1033728847
ISL,national,2022,56429.2997819032
ISL,national,2023,56580.8155004317
ISL,national,2024,57433.87994161268
ISL,national,2025,57497.033012654836
ISL,national,2026,58014.2080784082
ISL,national,2027,58649.18791533577
ISL,national,2028,58870.99037011306
ISL,national,2029,59155.39441144526
ISL,national,2030,59443.190255999274
ISR,national,1960,7845.138622432507
ISR,national,1961,8405.581055973696
ISR,national,1962,8861.534222244494
ISR,national,1963,9409.311290055939
ISR,national,1964,9952.866569290803
ISR,national,1965,10551.305100021225
ISR,national,1966,10414.096971282328
ISR,national,1967,10467.92477563374
ISR,national,1968,11831.562485869554
ISR,national,1969,12992.554344429456
ISR,national,1970,13628.988972349112
ISR,national,1971,14654.883596458409
ISR,national,1972,15945.69545374819
ISR,national,1973,16226.444394090859
ISR,national,1974,16866.04536344295
ISR,national,1975,17072.91300369544
ISR,national,1976,16943.093004965558
ISR,national,1977,16592.684553109295
ISR,national,1978,17033.86145936206
ISR,national,1979,17690.349583020477
ISR,national,1980,18478.768599697065
ISR,national,1981,19213.915449700948
ISR,national,1982,19143.96813527454
ISR,national,1983,19230.553589340347
ISR,national,1984,19405.143773936885
ISR,national,1985,19914.99007484096
ISR,national,1986,20306.44186739455
ISR,national,1987,21477.22987448134
ISR,national,1988,21878.089168467937
ISR,national,1989,21812.907937846016
ISR,national,1990,22550.98923783817
ISR,national,1991,22215.109790650775
ISR,national,1992,22981.48072288284
ISR,national,1993,23233.958498344648
ISR,national,1994,24237.7993163926
ISR,national,1995,25872.2304216269
ISR,national,1996,26698.2315740449
ISR,national,1997,27026.4814260925
ISR,national,1998,27502.5738477223
ISR,national,1999,27704.0215974216
ISR,national,2000,29321.3254007484
ISR,national,2001,28733.9412605501
ISR,national,2002,28128.8460691258
ISR,national,2003,28010.6074556958
ISR,national,2004,28836.5131848105
ISR,national,2005,29503.9014620245
ISR,national,2006,30605.1559987527
ISR,national,2007,31880.3450537383
ISR,national,2008,32337.1977109655
ISR,national,2009,31852.2671973223
ISR,national,2010,33048.5545890362
ISR,national,2011,34247.623280715
ISR,national,2012,34491.1601071181
ISR,national,2013,35348.3068537152
ISR,national,2014,36035.2577522884
ISR,national,2015,36206.5222171621
ISR,national,2016,37109.0218162488
ISR,national,2017,37953.0404593554
ISR,national,2018,38744.1604404811
ISR,national,2019,39591.3687578516
ISR,national,2020,38176.7543372587
ISR,national,2021,40772.9704864616
ISR,national,2022,42710.7782216294
ISR,national,2023,43399.53564147594
ISR,national,2024,43915.187057399125
ISR,national,2025,44668.701095598495
ISR,national,2026,45571.5351443659
ISR,national,2027,46277.28902254606
ISR,national,2028,47229.609500384046
ISR,national,2029,48209.92446675187
ISR,national,2030,49210.75020515091
ITA,national,1960,9687.64700624044
ITA,national,1961,10412.904836785
ITA,national,1962,10984.3106748981
ITA,national,1963,11516.1767633618
ITA,national,1964,11741.379366874
ITA,national,1965,12023.412717543
ITA,national,1966,12644.3213821948
ITA,national,1967,13454.2758451242
ITA,national,1968,14244.5254640873
ITA,national,1969,15027.8574890736
ITA,national,1970,15736.1836330101
ITA,national,1971,15947.7220644908
ITA,national,1972,16442.6579886459
ITA,national,1973,17495.2850451837
ITA,national,1974,18337.1605795574
ITA,national,1975,17846.9745510807
ITA,national,1976,19023.5041749574
ITA,national,1977,19427.9110592648
ITA,national,1978,19986.0625779522
ITA,national,1979,21115.9194623778
ITA,national,1980,21795.2545189366
ITA,national,1981,21952.8848612744
ITA,national,1982,22027.3545327407
ITA,national,1983,22276.812376138
ITA,national,1984,22990.2903298322
ITA,national,1985,23626.749268459
ITA,national,1986,24301.1433759903
ITA,national,1987,25074.2673152936
ITA,national,1988,26113.3555152329
ITA,national,1989,26977.9326628205
ITA,national,1990,27490.6320397627
ITA,national,1991,27894.2427947176
ITA,national,1992,28107.8590258445
ITA,national,1993,27851.1213575016
ITA,national,1994,28444.4102547741
ITA,national,1995,29265.0890480926
ITA,national,1996,29627.4869484224
ITA,national,1997,30153.7751753268
ITA,national,1998,30690.911722108
ITA,national,1999,31184.6163874566
ITA,national,2000,32350.9043668747
ITA,national,2001,32963.6706090266
ITA,national,2002,32998.2031900081
ITA,national,2003,32897.3907788976
ITA,national,2004,33150.4762169416
ITA,national,2005,33257.7698032684
ITA,national,2006,33751.7000191328
ITA,national,2007,34081.0903298709
ITA,national,2008,33530.3601449597
ITA,national,2009,31615.2708145085
ITA,national,2010,32058.1739940798
ITA,national,2011,32229.4567910904
ITA,national,2012,31184.5584255896
ITA,national,2013,30257.6274259351
ITA,national,2014,29979.9187217358
ITA,national,2015,30242.3861352184
ITA,national,2016,30685.645898943
ITA,national,2017,31244.2270989224
ITA,national,2018,31593.4802621599
ITA,national,2019,32114.2998563994
ITA,national,2020,29375.037340835
ITA,national,2021,31981.6807078419
ITA,national,2022,33281.3366682385
ITA,national,2023,33607.377187629245
ITA,national,2024,33927.25326650221
ITA,national,2025,34091.397236403296
ITA,national,2026,34371.54804212507
ITA,national,2027,34591.332630259865
ITA,national,2028,34875.16850668519
ITA,national,2029,35177.72669185847
ITA,national,2030,35491.72945099631
JAM,national,1960,3367.775148568185
JAM,national,1961,3429.079802572854
JAM,national,1962,3454.557061379989
JAM,national,1963,3499.142264292476
JAM,national,1964,3685.444719319652
JAM,national,1965,3896.4282688162402
JAM,national,1966,3971.2677165622
JAM,national,1967,3993.92156656201
JAM,national,1968,4172.93150090754
JAM,national,1969,4351.75410042162
JAM,national,1970,4812.56207221252
JAM,national,1971,4860.13756212861
JAM,national,1972,5648.0702478675
JAM,national,1973,5255.86279152948
JAM,national,1974,4958.23602499113
JAM,national,1975,4875.8794191076
JAM,national,1976,4490.31344860394
JAM,national,1977,4319.52713267307
JAM,national,1978,4264.17221185214
JAM,national,1979,4166.00224290294
JAM,national,1980,3875.32916452436
JAM,national,1981,3920.50191878952
JAM,national,1982,3941.68382138731
JAM,national,1983,3957.24767180363
JAM,national,1984,3842.32762533254
JAM,national,1985,3683.77215209732
JAM,national,1986,3714.48546168056
JAM,national,1987,3971.14934987657
JAM,national,1988,4096.43124373405
JAM,national,1989,4355.94820040332
JAM,national,1990,4503.5041501152
JAM,national,1991,4682.56215038051
JAM,national,1992,4729.60385038873
JAM,national,1993,5123.4615006335
JAM,national,1994,5141.81389034207
JAM,national,1995,5209.81594683134
JAM,national,1996,5155.56425377541
JAM,national,1997,5052.76057340369
JAM,national,1998,4893.40661221897
JAM,national,1999,4907.14671418041
JAM,national,2000,4920.07021766543
JAM,national,2001,4961.17189197203
JAM,national,2002,5035.63519674943
JAM,national,2003,5195.08599045236
JAM,national,2004,5238.17382840028
JAM,national,2005,5259.64418338374
JAM,national,2006,5386.37776630571
JAM,national,2007,5440.12486184377
JAM,national,2008,5375.76164442724
JAM,national,2009,5121.33849219331
JAM,national,2010,5025.49352919098
JAM,national,2011,5089.60523176389
JAM,national,2012,5033.35863037164
JAM,national,2013,5035.12863956654
JAM,national,2014,5049.0804298525
JAM,national,2015,5077.5509836244
JAM,national,2016,5132.22683598741
JAM,national,2017,5172.91606835479
JAM,national,2018,5264.19646715848
JAM,national,2019,5307.51035946818
JAM,national,2020,4769.69360785552
JAM,national,2021,4976.3597238858
JAM,national,2022,5236.79025920025
JAM,national,2023,5335.4465489614995
JAM,national,2024,5425.306807181983
JAM,national,2025,5521.617363601917
JAM,national,2026,5622.765895346725
JAM,national,2027,5722.572222227189
JAM,national,2028,5807.519858291318
JAM,national,2029,5893.72849501399
JAM,national,2030,5981.216839637267
JOR,national,1960,2217.159282303131
JOR,national,1961,2555.0462380876147
JOR,national,1962,2492.961002395766
JOR,national,1963,2520.421779721007
JOR,national,1964,2836.8176923813894
JOR,national,1965,3029.0431336580746
JOR,national,1966,2984.867100569644
JOR,national,1967,2910.842396475517
JOR,national,1968,2544.300716525565
JOR,national,1969,2638.6225169035656
JOR,national,1970,2279.2445179949805
JOR,national,1971,2251.186767249626
JOR,national,1972,2241.038219107689
JOR,national,1973,2272.0808369536135
JOR,national,1974,2384.9088133551463
JOR,national,1975,2457.7395706090456
JOR,national,1976,2946.06382826224
JOR,national,1977,3094.64194134159
JOR,national,1978,3439.68788186523
JOR,national,1979,4021.19566110555
JOR,national,1980,4311.9891529625
JOR,national,1981,4856.13160296335
JOR,national,1982,4981.99790955271
JOR,national,1983,4661.3583191265
JOR,national,1984,4648.54853882553
JOR,national,1985,4322.91425939212
JOR,national,1986,4357.6689695215
JOR,national,1987,4259.3919441336
JOR,national,1988,4126.63499835388
JOR,national,1989,3512.78179491075
JOR,national,1990,3332.36017162589
JOR,national,1991,3214.38020627448
JOR,national,1992,3485.04539258946
JOR,national,1993,3454.80581218886
JOR,national,1994,3454.98218700637
JOR,national,1995,3521.05230670796
JOR,national,1996,3477.16972604759
JOR,national,1997,3497.36129680052
JOR,national,1998,3520.35371454636
JOR,national,1999,3561.47534222787
JOR,national,2000,3635.29215802348
JOR,national,2001,3747.46493752767
JOR,national,2002,3879.88374913327
JOR,national,2003,3951.04104562456
JOR,national,2004,4183.8510536142
JOR,national,2005,4408.27026105826
JOR,national,2006,4453.65382867002
JOR,national,2007,4521.65317061125
JOR,national,2008,4731.61282886421
JOR,national,2009,4861.12699202489
JOR,national,2010,4865.46977307058
JOR,national,2011,4872.99655954255
JOR,national,2012,4920.86517893078
JOR,national,2013,4732.38722080538
JOR,national,2014,4348.23665884969
JOR,national,2015,4064.25301043642
JOR,national,2016,3949.61078519413
JOR,national,2017,3947.97166966641
JOR,national,2018,3929.68718472936
JOR,national,2019,3909.25001726642
JOR,national,2020,3784.76252307437
JOR,national,2021,3845.8569750687
JOR,national,2022,3891.21222731747
JOR,national,2023,3987.945807807495
JOR,national,2024,4092.2333048702017
JOR,national,2025,4202.156265060777
JOR,national,2026,4281.623174954841
JOR,national,2027,4316.222291053566
JOR,national,2028,4407.935143312566
JOR,national,2029,4498.235688312563
JOR,national,2030,4586.521215194603
JPN,national,1960,6260.67597027095
JPN,national,1961,6952.10959724671
JPN,national,1962,7501.4454438345
JPN,national,1963,8055.04139523596
JPN,national,1964,8902.49555330628
JPN,national,1965,9319.70655763259
JPN,national,1966,10217.4142097791
JPN,national,1967,11232.9060981793
JPN,national,1968,12537.8808936569
JPN,national,1969,13935.6862699391
JPN,national,1970,14114.3158179076
JPN,national,1971,14456.8211953459
JPN,national,1972,15455.1369428391
JPN,national,1973,16463.2791725065
JPN,national,1974,16046.7846823822
JPN,national,1975,16333.6748183256
JPN,national,1976,16801.9250306258
JPN,national,1977,17370.6165468412
JPN,national,1978,18120.7284269821
JPN,national,1979,18953.3339137399
JPN,national,1980,19334.3747442401
JPN,national,1981,20011.8292508853
JPN,national,1982,20525.2958514713
JPN,national,1983,21122.9648423051
JPN,national,1984,21912.1518618524
JPN,national,1985,22898.9942415023
JPN,national,1986,23527.7125188459
JPN,national,1987,24503.0845657802
JPN,national,1988,26026.8648821107
JPN,national,1989,27199.939969537
JPN,national,1990,28422.2131195125
JPN,national,1991,29308.274088137
JPN,national,1992,29462.6539670948
JPN,national,1993,29232.4397928178
JPN,national,1994,29466.7552451756
JPN,national,1995,30171.1637924347
JPN,national,1996,31046.1701544648
JPN,national,1997,31276.1930771932
JPN,national,1998,30795.0888900928
JPN,national,1999,30636.266116943
JPN,national,2000,31430.6311303282
JPN,national,2001,31476.052066579
JPN,national,2002,31416.1241772435
JPN,national,2003,31830.2175849262
JPN,national,2004,32515.1158024317
JPN,national,2005,33098.5474664872
JPN,national,2006,33531.5185630775
JPN,national,2007,33990.0360341685
JPN,national,2008,33557.6454041531
JPN,national,2009,31651.0837739853
JPN,national,2010,32942.2020783725
JPN,national,2011,33011.13423011
JPN,national,2012,33518.444936892
JPN,national,2013,34239.8862473683
JPN,national,2014,34386.905855287
JPN,national,2015,34960.6393843385
JPN,national,2016,35242.1993771881
JPN,national,2017,35861.9728545838
JPN,national,2018,36138.5290824719
JPN,national,2019,36043.7844013365
JPN,national,2020,34650.7967802766
JPN,national,2021,35701.4542716142
JPN,national,2022,36202.639274898
JPN,national,2023,37073.86117141308
JPN,national,2024,37632.52608445461
JPN,national,2025,38095.915210473744
JPN,national,2026,38612.6361279835
JPN,national,2027,39135.40654633639
JPN,national,2028,39584.717096333174
JPN,national,2029,40021.61821075259
JPN,national,2030,40476.37385307682
KAZ,national,1973,5961.5528308078765
KAZ,national,1980,5836.4749986657
KAZ,national,1981,5691.77711442279
KAZ,national,1982,5553.455747112619
KAZ,national,1983,5756.032785052693
KAZ,national,1984,5666.761547994355
KAZ,national,1985,5662.837537574209
KAZ,national,1986,5678.043077952278
KAZ,national,1987,5586.319334381349
KAZ,national,1988,6011.583963664748
KAZ,national,1989,5961.062329505359
KAZ,national,1990,5831.079484338
KAZ,national,1991,5156.9453045491
KAZ,national,1992,4887.37508865971
KAZ,national,1993,4453.56412912918
KAZ,national,1994,3949.04609694267
KAZ,national,1995,3700.75393498512
KAZ,national,1996,3776.08335260099
KAZ,national,1997,3901.33841249685
KAZ,national,1998,3893.93814460149
KAZ,national,1999,4037.45316212422
KAZ,national,2000,4446.45187083495
KAZ,national,2001,5055.3131136336
KAZ,national,2002,5550.50480543094
KAZ,national,2003,6046.32711714622
KAZ,national,2004,6580.88406904835
KAZ,national,2005,7155.34259790868
KAZ,national,2006,7837.62797840829
KAZ,national,2007,8438.10338910935
KAZ,national,2008,8554.82229960329
KAZ,national,2009,8487.54356652611
KAZ,national,2010,8979.330947436
KAZ,national,2011,9506.73263871271
KAZ,national,2012,9823.69243491276
KAZ,national,2013,10264.2965375121
KAZ,national,2014,10539.0431112088
KAZ,national,2015,10510.7703240885
KAZ,national,2016,10476.3460131011
KAZ,national,2017,10758.519283328
KAZ,national,2018,11053.3604174846
KAZ,national,2019,11402.7584159346
KAZ,national,2020,10974.2446417632
KAZ,national,2021,11298.3559372317
KAZ,national,2022,11290.8979383788
KAZ,national,2023,11671.427432345074
KAZ,national,2024,12028.336257792476
KAZ,national,2025,12418.138334388703
KAZ,national,2026,12718.821859668258
KAZ,national,2027,13024.999412781102
KAZ,national,2028,13232.213464164066
KAZ,national,2029,13501.778264346132
KAZ,national,2030,13781.942512640733
KEN,national,1960,787.216225590197
KEN,national,1961,699.305853187988
KEN,national,1962,736.511245501519
KEN,national,1963,770.432268918199
KEN,national,1964,777.37945769009
KEN,national,1965,761.856192775889
KEN,national,1966,839.7019907286
KEN,national,1967,834.024330948475
KEN,national,1968,865.574502127628
KEN,national,1969,898.435390506431
KEN,national,1970,824.240331902551
KEN,national,1971,971.005996473944
KEN,national,1972,1097.71917987544
KEN,national,1973,1122.59152498806
KEN,national,1974,1128.98882841069
KEN,national,1975,1101.57656480821
KEN,national,1976,1089.36722062009
KEN,national,1977,1153.49479761766
KEN,national,1978,1191.53689479583
KEN,national,1979,1238.50627240958
KEN,national,1980,1261.99463227724
KEN,national,1981,1262.89607994684
KEN,national,1982,1235.86675104734
KEN,national,1983,1206.45369256534
KEN,national,1984,1182.87188711362
KEN,national,1985,1189.4093058334
KEN,national,1986,1229.96731695782
KEN,national,1987,1257.98973892996
KEN,national,1988,1290.06036640499
KEN,national,1989,1304.61945768739
KEN,national,1990,1313.85916268877
KEN,national,1991,1290.63354655312
KEN,national,1992,1242.01895304179
KEN,national,1993,1210.27253341603
KEN,national,1994,1206.87324168352
KEN,national,1995,1225.14387349294
KEN,national,1996,1241.87853556974
KEN,national,1997,1214.84764234856
KEN,national,1998,1221.52431592374
KEN,national,1999,1215.16392444926
KEN,national,2000,1187.32581048865
KEN,national,2001,1195.44377789615
KEN,national,2002,1166.06528596172
KEN,national,2003,1165.16610267167
KEN,national,2004,1188.57071122139
KEN,national,2005,1221.85928949545
KEN,national,2006,1262.81466607018
KEN,national,2007,1309.89563901188
KEN,national,2008,1274.4046794224
KEN,national,2009,1278.14090191776
KEN,national,2010,1342.76870217303
KEN,national,2011,1374.54424573528
KEN,national,2012,1401.49082469925
KEN,national,2013,1420.07869248789
KEN,national,2014,1457.54306554413
KEN,national,2015,1496.65357260021
KEN,national,2016,1525.74355131991
KEN,national,2017,1550.20345743472
KEN,national,2018,1604.80293212228
KEN,national,2019,1653.82898526646
KEN,national,2020,1616.50240405855
KEN,national,2021,1705.7403896308
KEN,national,2022,1754.58548035889
KEN,national,2023,1809.5853196990988
KEN,national,2024,1871.9076926130483
KEN,national,2025,1918.7581577500446
KEN,national,2026,1974.8837027346788
KEN,national,2027,2034.1736039865523
KEN,national,2028,2101.310797927888
KEN,national,2029,2170.5738871512567
KEN,national,2030,2243.1440774288208
KGZ,national,1973,1122.6400327013562
KGZ,national,1980,1105.066303860887
KGZ,national,1981,1093.9173791126327
KGZ,national,1982,1082.0125950594118
KGZ,national,1983,1132.2772388396777
KGZ,national,1984,1124.7186457900134
KGZ,national,1985,1061.2264641728352
KGZ,national,1986,1022.86660444579
KGZ,national,1987,1036.71012979829
KGZ,national,1988,1153.02506578453
KGZ,national,1989,1160.67608067874
KGZ,national,1990,1203.48194906484
KGZ,national,1991,1089.9083565405
KGZ,national,1992,928.315520402594
KGZ,national,1993,784.578294239343
KGZ,national,1994,627.216683467484
KGZ,national,1995,587.30513492406
KGZ,national,1996,619.672856293665
KGZ,national,1997,671.253009756462
KGZ,national,1998,675.060371371858
KGZ,national,1999,689.417411539198
KGZ,national,2000,718.337259644689
KGZ,national,2001,749.419687701268
KGZ,national,2002,742.443596218516
KGZ,national,2003,786.351722390262
KGZ,national,2004,831.48422145443
KGZ,national,2005,820.715878250325
KGZ,national,2006,837.133695248604
KGZ,national,2007,900.025402231402
KGZ,national,2008,966.415240448643
KGZ,national,2009,982.377051255017
KGZ,national,2010,966.150610074512
KGZ,national,2011,1011.31540364034
KGZ,national,2012,993.737299948427
KGZ,national,2013,1080.54809639631
KGZ,national,2014,1101.70519539335
KGZ,national,2015,1121.08269597662
KGZ,national,2016,1146.10307861847
KGZ,national,2017,1177.43858995901
KGZ,national,2018,1197.61057510002
KGZ,national,2019,1226.82431150214
KGZ,national,2020,1117.70384794544
KGZ,national,2021,1145.56733573779
KGZ,national,2022,1182.91171605932
KGZ,national,2023,1198.7902764073876
KGZ,national,2024,1224.2880622318896
KGZ,national,2025,1287.9983430615202
KGZ,national,2026,1339.4794964418697
KGZ,national,2027,1397.3335608174232
KGZ,national,2028,1440.4993589807589
KGZ,national,2029,1488.8837690482965
KGZ,national,2030,1535.295273252559
KHM,national,1960,358.69712344134194
KHM,national,1961,345.62311613833975
KHM,national,1962,363.3903568321632
KHM,national,1963,380.4871356130122
KHM,national,1964,360.03804726729084
KHM,national,1965,367.0778973535228
KHM,national,1966,374.11774743975474
KHM,national,1967,383.1689832649101
KHM,national,1968,390.20883335114206
KHM,national,1969,385.850830916808
KHM,national,1970,345.62311613833975
KHM,national,1971,328.5263373574907
KHM,national,1972,308.41247996825655
KHM,national,1973,415.3511550876846
KHM,national,1974,351.6572733551099
KHM,national,1975,310.08863475069273
KHM,national,1976,343.6117303994163
KHM,national,1977,383.16898326491
KHM,national,1978,432.78316482502083
KHM,national,1979,444.18101734558684
KHM,national,1980,442.5048625631506
KHM,national,1981,436.1354743898931
KHM,national,1982,455.2436389096655
KHM,national,1983,473.3461105599762
KHM,national,1984,494.80089177515924
KHM,national,1985,516.2556729903423
KHM,national,1986,528.9944493368572
KHM,national,1987,499.49412516598045
KHM,national,1988,532.0823944174209
KHM,national,1989,533.6223857184467
KHM,national,1990,522.4985152207038
KHM,national,1991,543.1908650021536
KHM,national,1992,561.3781622672682
KHM,national,1993,563.770282088195
KHM,national,1994,353.956570045977
KHM,national,1995,378.922378206502
KHM,national,1996,391.829016950786
KHM,national,1997,398.652963170072
KHM,national,1998,408.822526811469
KHM,national,1999,451.861450649735
KHM,national,2000,488.002702303225
KHM,national,2001,518.384291911326
KHM,national,2002,542.654742969097
KHM,national,2003,578.409355451304
KHM,national,2004,627.008213372007
KHM,national,2005,697.746758228193
KHM,national,2006,759.643394958567
KHM,national,2007,822.754086669665
KHM,national,2008,863.386974770884
KHM,national,2009,851.20302427767
KHM,national,2010,888.912588294344
KHM,national,2011,938.017677086302
KHM,national,2012,992.134600385451
KHM,national,2013,1049.99450648558
KHM,national,2014,1109.37565271596
KHM,national,2015,1170.74281578643
KHM,national,2016,1235.32340394445
KHM,national,2017,1304.54938902362
KHM,national,2018,1384.96802283531
KHM,national,2019,1465.96953537797
KHM,national,2020,1404.19865499773
KHM,national,2021,1429.93702682184
KHM,national,2022,1488.81455084105
KHM,national,2023,1557.3129556352394
KHM,national,2024,1636.4697999134073
KHM,national,2025,1681.981753161108
KHM,national,2026,1737.88143108611
KHM,national,2027,1806.255534556053
KHM,national,2028,1878.2557448847353
KHM,national,2029,1954.1936697285626
KHM,national,2030,2035.4134996414116
KIR,national,1970,1781.07753020604
KIR,national,1971,1707.64541032847
KIR,national,1972,1879.52655413524
KIR,national,1973,2235.33158219007
KIR,national,1974,3229.08148083585
KIR,national,1975,3417.24282623834
KIR,national,1976,2517.6526560737
KIR,national,1977,2418.20269045545
KIR,national,1978,2461.45636543752
KIR,national,1979,2165.01026309965
KIR,national,1980,1776.76247141603
KIR,national,1981,1746.26676645209
KIR,national,1982,1731.02863909602
KIR,national,1983,1655.00830171034
KIR,national,1984,1653.71232933703
KIR,national,1985,1547.43934795808
KIR,national,1986,1526.25492124505
KIR,national,1987,1503.38908420556
KIR,national,1988,1601.60989376551
KIR,national,1989,1510.76392320665
KIR,national,1990,1463.97589364886
KIR,national,1991,1435.54175631072
KIR,national,1992,1424.17246844846
KIR,national,1993,1414.90642528076
KIR,national,1994,1418.30288491708
KIR,national,1995,1397.11911678778
KIR,national,1996,1397.6256955674
KIR,national,1997,1396.04308577469
KIR,national,1998,1461.63365673922
KIR,national,1999,1414.68005196823
KIR,national,2000,1477.08871836254
KIR,national,2001,1427.9574249375
KIR,national,2002,1452.06313654542
KIR,national,2003,1451.32162941592
KIR,national,2004,1399.1576806404
KIR,national,2005,1439.41828492121
KIR,national,2006,1411.12279503163
KIR,national,2007,1412.80560954625
KIR,national,2008,1357.07362217246
KIR,national,2009,1341.76960354347
KIR,national,2010,1302.18021191573
KIR,national,2011,1302.50606763536
KIR,national,2012,1347.97128874249
KIR,national,2013,1383.08968395577
KIR,national,2014,1348.0121723016
KIR,national,2015,1459.14398299206
KIR,national,2016,1430.03708024086
KIR,national,2017,1410.68825461815
KIR,national,2018,1459.79396188067
KIR,national,2019,1405.4694654179
KIR,national,2020,1357.88909453836
KIR,national,2021,1437.28766535051
KIR,national,2022,1433.51632128416
KIR,national,2023,1449.210613153783
KIR,national,2024,1462.6990596324242
KIR,national,2025,1497.809000391283
KIR,national,2026,1520.9357135641826
KIR,national,2027,1532.7630438254805
KIR,national,2028,1541.6526117966232
KIR,national,2029,1550.535273286403
KIR,national,2030,1558.7243705983697
KNA,national,1977,4438.58362155273
KNA,national,1978,4626.77134866939
KNA,national,1979,4999.80913993524
KNA,national,1980,5444.5697081769
KNA,national,1981,5547.327224913
KNA,national,1982,5598.43589141435
KNA,national,1983,5690.67145764225
KNA,national,1984,6227.35548390237
KNA,national,1985,6797.65247480364
KNA,national,1986,7581.54672456676
KNA,national,1987,8130.96139888152
KNA,national,1988,8944.69200280116
KNA,national,1989,9510.56634045375
KNA,national,1990,10061.8035356808
KNA,national,1991,9897.07629186899
KNA,national,1992,10229.2520251712
KNA,national,1993,10780.8565024877
KNA,national,1994,11202.6868697839
KNA,national,1995,11653.4202615845
KNA,national,1996,12177.7599750357
KNA,national,1997,12842.193511308
KNA,national,1998,12613.8348232994
KNA,national,1999,12847.1607319337
KNA,national,2000,13939.5943845047
KNA,national,2001,14504.4019250728
KNA,national,2002,14614.4319259511
KNA,national,2003,13989.0919328062
KNA,national,2004,14501.6079689262
KNA,national,2005,15863.6411622622
KNA,national,2006,16311.3914071139
KNA,national,2007,16360.1456354614
KNA,national,2008,18134.5827002459
KNA,national,2009,17473.5883244316
KNA,national,2010,17438.1255523404
KNA,national,2011,17653.7411196915
KNA,national,2012,17507.2043836327
KNA,national,2013,18491.3371721704
KNA,national,2014,19884.0959966874
KNA,national,2015,20025.652352499
KNA,national,2016,20812.0611907338
KNA,national,2017,20817.1381847743
KNA,national,2018,21255.1548395876
KNA,national,2019,22138.5921645766
KNA,national,2020,18943.1124027399
KNA,national,2021,18788.4242094388
KNA,national,2022,20428.4147408569
KNA,national,2023,21212.45814383544
KNA,national,2024,21793.665052585842
KNA,national,2025,23257.1345928198
KNA,national,2026,24823.70257248944
KNA,national,2027,26500.917377279628
KNA,national,2028,27162.655116030644
KNA,national,2029,27892.347576488533
KNA,national,2030,28594.00521284252
KOR,national,1960,1027.65478060417
KOR,national,1961,1066.80385223795
KOR,national,1962,1077.11603032602
KOR,national,1963,1142.0276294736
KOR,national,1964,1217.94699410879
KOR,national,1965,1274.2724441705
KOR,national,1966,1391.67246263597
KOR,national,1967,1482.99525342715
KOR,national,1968,1639.75015442225
KOR,national,1969,1836.47870739596
KOR,national,1970,1977.42941286358
KOR,national,1971,2143.28913020771
KOR,national,1972,2255.20673616978
KOR,national,1973,2545.77754274699
KOR,national,1974,2740.58529939811
KOR,national,1975,2906.15049933566
KOR,national,1976,3238.2698721178
KOR,national,1977,3581.46823922047
KOR,national,1978,3913.83317387391
KOR,national,1979,4189.18148771045
KOR,national,1980,4056.5260070304
KOR,national,1981,4283.11960147149
KOR,national,1982,4569.08717491563
KOR,national,1983,5104.44809742942
KOR,national,1984,5573.84271916316
KOR,national,1985,5951.87908924407
KOR,national,1986,6560.47967201762
KOR,national,1987,7322.71986885993
KOR,national,1988,8120.63968724428
KOR,national,1989,8609.42611390093
KOR,national,1990,9367.09258686755
KOR,national,1991,10274.4827454694
KOR,national,1992,10798.561680692
KOR,national,1993,11424.5851330612
KOR,national,1994,12358.5180229628
KOR,national,1995,13411.1119170158
KOR,national,1996,14332.1367231987
KOR,national,1997,15074.4883429924
KOR,national,1998,14198.386270755
KOR,national,1999,15714.4119484746
KOR,national,2000,16995.5591864626
KOR,national,2001,17684.0503773277
KOR,national,2002,18940.3842233935
KOR,national,2003,19435.4934104303
KOR,national,2004,20364.7599656771
KOR,national,2005,21197.1990880347
KOR,national,2006,22196.2077459266
KOR,national,2007,23365.1402064812
KOR,national,2008,23887.0595538423
KOR,national,2009,23952.8132191069
KOR,national,2010,25455.6174843658
KOR,national,2011,26191.6442615421
KOR,national,2012,26680.275444870505
KOR,national,2013,27399.6159477521
KOR,national,2014,28100.0102759544
KOR,national,2015,28737.4391706499
KOR,national,2016,29467.124342556
KOR,national,2017,30312.8888500809
KOR,national,2018,31059.2668087927
KOR,national,2019,31645.9498343307
KOR,national,2020,31378.1579340648
KOR,national,2021,32786.6919990843
KOR,national,2022,33719.38642033
KOR,national,2023,34253.13394871242
KOR,national,2024,35053.39662446639
KOR,national,2025,35714.33998544159
KOR,national,2026,36715.92736458667
KOR,national,2027,37576.63575547637
KOR,national,2028,38422.10897025214
KOR,national,2029,39230.32091409957
KOR,national,2030,40006.74694740391
KWT,national,1960,79992.62033091685
KWT,national,1961,72491.29838257792
KWT,national,1962,73410.89392210031
KWT,national,1963,70322.93390018136
KWT,national,1964,70246.30093855449
KWT,national,1965,65331.3414451223
KWT,national,1966,66766.46781740725
KWT,national,1967,62212.03157526508
KWT,national,1968,61908.9830451952
KWT,national,1969,58197.509380948555
KWT,national,1970,85214.1116708565
KWT,national,1971,85867.23350290365
KWT,national,1972,84092.48377795418
KWT,national,1973,74093.62394386693
KWT,national,1974,60891.854645420426
KWT,national,1975,50421.00543404043
KWT,national,1976,50431.45538335319
KWT,national,1977,45575.71226935994
KWT,national,1978,45915.33562202445
KWT,national,1979,49069.47865625752
KWT,national,1980,36843.03796033476
KWT,national,1981,28566.678104633203
KWT,national,1982,24113.258039180993
KWT,national,1983,24891.779262981203
KWT,national,1984,25052.011819110103
KWT,national,1985,22667.681717583288
KWT,national,1986,23528.060877666743
KWT,national,1987,21624.42844452663
KWT,national,1988,21452.004280866182
KWT,national,1989,22120.80103688247
KWT,national,1990,16993.359240757596
KWT,national,1991,10991.442696252941
KWT,national,1992,22580.7153235785
KWT,national,1993,29652.0001789146
KWT,national,1994,32399.1633261786
KWT,national,1995,33683.4800413533
KWT,national,1996,32930.4437584379
KWT,national,1997,32630.925402886
KWT,national,1998,32746.2368824941
KWT,national,1999,31168.8654847107
KWT,national,2000,31662.8141446225
KWT,national,2001,30825.881995335
KWT,national,2002,30891.2973387232
KWT,national,2003,35309.7722263277
KWT,national,2004,37986.1155300087
KWT,national,2005,40476.2940480165
KWT,national,2006,41160.9916280726
KWT,national,2007,41132.1817771955
KWT,national,2008,39859.8709685926
KWT,national,2009,35123.2355792111
KWT,national,2010,32568.7508565429
KWT,national,2011,33427.8646837782
KWT,national,2012,33009.0259424507
KWT,national,2013,31082.3536617326
KWT,national,2014,30282.4735304906
KWT,national,2015,29315.1985079166
KWT,national,2016,29134.3190543742
KWT,national,2017,27244.4708306429
KWT,national,2018,26664.6333151447
KWT,national,2019,25777.568759752
KWT,national,2020,23929.4828682697
KWT,national,2021,24832.2650388336
KWT,national,2022,26913.8011551844
KWT,national,2023,26225.96633350639
KWT,national,2024,26632.276609400582
KWT,national,2025,26722.29198922174
KWT,national,2026,27031.312127849935
KWT,national,2027,27430.156543290395
KWT,national,2028,27495.245767478147
KWT,national,2029,27567.96249620036
KWT,national,2030,27633.15180651121
LAO,national,1960,351.72514949845157
LAO,national,1961,355.3746970937662
LAO,national,1962,359.0242446890809
LAO,national,1963,362.21759883498123
LAO,national,1964,365.8671464302959
LAO,national,1965,369.5166940256106
LAO,national,1966,373.1662416209253
LAO,national,1967,376.81578921624
LAO,national,1968,380.46533681155466
LAO,national,1969,384.11488440686935
LAO,national,1970,387.76443200218404
LAO,national,1971,399.1692682375424
LAO,national,1972,404.1873961811001
LAO,national,1973,430.6466162471315
LAO,national,1974,437.03332453893216
LAO,national,1975,455.7372559649198
LAO,national,1976,466.6858987508638
LAO,national,1977,453.0000952684338
LAO,national,1978,452.0877083696052
LAO,national,1979,440.68287213424685
LAO,national,1980,480.8278956827083
LAO,national,1981,544.1300417535712
LAO,national,1982,556.9567851879948
LAO,national,1983,559.2556458385699
LAO,national,1984,579.531211492734
LAO,national,1985,592.370914489957
LAO,national,1986,604.06879915094
LAO,national,1987,578.717775590969
LAO,national,1988,551.043884132375
LAO,national,1989,611.448911361685
LAO,national,1990,634.159433413378
LAO,national,1991,643.10478539581
LAO,national,1992,660.422443099172
LAO,national,1993,680.929903406131
LAO,national,1994,717.69882499792
LAO,national,1995,749.535407231957
LAO,national,1996,782.956940674905
LAO,national,1997,819.440195910707
LAO,national,1998,836.302324153775
LAO,national,1999,881.754386043187
LAO,national,2000,917.288738363645
LAO,national,2001,954.430397942686
LAO,national,2002,995.341680710899
LAO,national,2003,1040.3333184303
LAO,national,2004,1091.30085775949
LAO,national,2005,1151.93025183628
LAO,national,2006,1231.51904134958
LAO,national,2007,1304.29240356101
LAO,national,2008,1384.68944105662
LAO,national,2009,1466.08908688743
LAO,national,2010,1567.57762793067
LAO,national,2011,1669.06641494724
LAO,national,2012,1777.41021331108
LAO,national,2013,1893.32662706412
LAO,national,2014,2009.82553355377
LAO,national,2015,2125.45905698314
LAO,national,2016,2240.41634657505
LAO,national,2017,2358.37266397522
LAO,national,2018,2467.95576150974
LAO,national,2019,2564.0196538036
LAO,national,2020,2539.12452451311
LAO,national,2021,2566.2774224305
LAO,national,2022,2599.20507892295
LAO,national,2023,2664.8901049562282
LAO,national,2024,2734.3050378265734
LAO,national,2025,2792.900199500163
LAO,national,2026,2851.2912075687013
LAO,national,2027,2912.5976552509605
LAO,national,2028,2934.9041039056624
LAO,national,2029,2957.5371715998067
LAO,national,2030,2981.2873248669525
LBN,national,1960,4698.824974419586
LBN,national,1961,4872.645925813291
LBN,national,1962,4922.771037377987
LBN,national,1963,4828.988570579523
LBN,national,1964,4976.938496649514
LBN,national,1965,5313.261825857798
LBN,national,1966,5506.4860462442875
LBN,national,1967,5089.315762899397
LBN,national,1968,5559.036566433082
LBN,national,1969,5516.996150282046
LBN,national,1970,5727.198231037223
LBN,national,1971,6090.201055110588
LBN,national,1972,6652.087386360005
LBN,national,1973,6788.718738850871
LBN,national,1974,6777.400165271745
LBN,national,1975,4642.23210652396
LBN,national,1976,1974.282620015937
LBN,national,1977,3571.0099642139203
LBN,national,1978,3410.124525482073
LBN,national,1979,3667.2178396364825
LBN,national,1980,3725.4276466148394
LBN,national,1981,3738.150368538706
LBN,national,1982,2352.186148792681
LBN,national,1983,2868.8334038027556
LBN,national,1984,4119.756355033355
LBN,national,1985,5093.9416844515135
LBN,national,1986,4733.067621254621
LBN,national,1987,5510.19314222984
LBN,national,1988,3931.1856628154
LBN,national,1989,2218.48987658569
LBN,national,1990,2753.85425210188
LBN,national,1991,4033.58923114657
LBN,national,1992,4597.99064366189
LBN,national,1993,4995.11878209564
LBN,national,1994,5303.67241006641
LBN,national,1995,5543.75915928786
LBN,national,1996,6055.33654124323
LBN,national,1997,6010.00783348938
LBN,national,1998,6124.11395866336
LBN,national,1999,5989.8177477352
LBN,national,2000,5970.97454627471
LBN,national,2001,6103.3943112551
LBN,national,2002,6230.74603429012
LBN,national,2003,6348.80648465667
LBN,national,2004,6669.25306904325
LBN,national,2005,6747.71185952593
LBN,national,2006,6740.74187745932
LBN,national,2007,7230.85858889228
LBN,national,2008,7760.76584698942
LBN,national,2009,8445.10247039192
LBN,national,2010,9037.08580879125
LBN,national,2011,9026.4717227136
LBN,national,2012,9019.69822923935
LBN,national,2013,8539.56607828988
LBN,national,2014,7921.0802355822
LBN,national,2015,7802.75136769776
LBN,national,2016,8101.70966835667
LBN,national,2017,8374.74035900031
LBN,national,2018,8435.63735402702
LBN,national,2019,8081.74334362085
LBN,national,2020,6485.72603986915
LBN,national,2021,6107.45470909137
LBN,national,2022,6191.678149738939
LBN,national,2023,6111.289146608009
LBN,national,2024,5645.6374105777695
LBN,national,2025,5867.066050711698
LBN,national,2026,5309.300139430317
LBN,national,2027,5094.748230783257
LBN,national,2028,NA
LBN,national,2029,NA
LBN,national,2030,NA
LBR,national,1960,2885.826831346041
LBR,national,1961,2877.1866312521906
LBR,national,1962,2837.1275217261573
LBR,national,1963,2826.130903424893
LBR,national,1964,2889.7541950250643
LBR,national,1965,2858.335285592881
LBR,national,1966,3305.2692722656893
LBR,national,1967,3192.946671045634
LBR,national,1968,3248.7152352877597
LBR,national,1969,3384.602018581953
LBR,national,1970,3500.8519834810313
LBR,national,1971,3569.18811149603
LBR,national,1972,3588.03945715534
LBR,national,1973,3615.531002908501
LBR,national,1974,3625.7421484739607
LBR,national,1975,3397.955055090631
LBR,national,1976,3467.862128577239
LBR,national,1977,3408.166200656091
LBR,national,1978,3505.5648198958597
LBR,national,1979,3570.75905696764
LBR,national,1980,3250.2861807593695
LBR,national,1981,3033.495705677304
LBR,national,1982,2995.007541622879
LBR,national,1983,2805.7086122939745
LBR,national,1984,2704.3826293751836
LBR,national,1985,2567.710373345186
LBR,national,1986,2457.744190332544
LBR,national,1987,2422.3979172213376
LBR,national,1988,2411.4012989200733
LBR,national,1989,2398.8337351472
LBR,national,1990,1327.4489235097471
LBR,national,1991,1231.9388163686735
LBR,national,1992,718.8022812731325
LBR,national,1993,440.1262944715901
LBR,national,1994,328.4231170509901
LBR,national,1995,296.5788741323685
LBR,national,1996,307.18731180759806
LBR,national,1997,551.2332980857145
LBR,national,1998,606.9163243469109
LBR,national,1999,666.4117210786084
LBR,national,2000,763.426872528757
LBR,national,2001,762.946664857397
LBR,national,2002,771.234966433168
LBR,national,2003,534.45395268089
LBR,national,2004,541.908673590868
LBR,national,2005,545.398063059969
LBR,national,2006,557.024626323936
LBR,national,2007,580.35273604346
LBR,national,2008,596.984292458089
LBR,national,2009,609.120596541239
LBR,national,2010,627.805378599434
LBR,national,2011,653.101870655313
LBR,national,2012,680.790012196002
LBR,national,2013,723.95918426021
LBR,national,2014,714.182489983352
LBR,national,2015,699.662946853965
LBR,national,2016,675.059610609385
LBR,national,2017,678.579144139741
LBR,national,2018,673.411391957645
LBR,national,2019,644.162065213927
LBR,national,2020,612.38424757045
LBR,national,2021,629.820554654024
LBR,national,2022,646.501159893738
LBR,national,2023,660.1563586134321
LBR,national,2024,679.0017072930758
LBR,national,2025,698.8893726129492
LBR,national,2026,721.8682988685224
LBR,national,2027,746.0829501048487
LBR,national,2028,771.7977360355129
LBR,national,2029,798.1528782838604
LBR,national,2030,824.0797635061051
LBY,national,1960,4791.5520333338
LBY,national,1961,5070.4254320992595
LBY,national,1962,6475.657623281054
LBY,national,1963,8409.662752381771
LBY,national,1964,11430.18761693233
LBY,national,1965,14084.917503881441
LBY,national,1966,15997.192238273163
LBY,national,1967,17141.659692946996
LBY,national,1968,21987.53771305329
LBY,national,1969,23682.508500355045
LBY,national,1970,23870.83858783302
LBY,national,1971,21759.368568608825
LBY,national,1972,22588.745300002203
LBY,national,1973,21748.503371254326
LBY,national,1974,25073.25376173084
LBY,national,1975,24888.545406704365
LBY,national,1976,29488.145620108695
LBY,national,1977,31443.88114391841
LBY,national,1978,31617.724301590384
LBY,national,1979,32907.06105432419
LBY,national,1980,31657.563358556872
LBY,national,1981,24198.83889679042
LBY,national,1982,23459.54519080271
LBY,national,1983,21452.8165819524
LBY,national,1984,18855.8515244439
LBY,national,1985,19075.743213685753
LBY,national,1986,16277.16711258235
LBY,national,1987,13314.482716522056
LBY,national,1988,12695.912495098935
LBY,national,1989,13018.206090330425
LBY,national,1990,14331.559551828825
LBY,national,1991,16568.179764232562
LBY,national,1992,15460.518359251142
LBY,national,1993,14294.568464790873
LBY,national,1994,14469.180149073802
LBY,national,1995,11978.812622675434
LBY,national,1996,11962.889713681561
LBY,national,1997,11458.305416873443
LBY,national,1998,11176.351222190697
LBY,national,1999,10979.90591411
LBY,national,2000,11170.1299871413
LBY,national,2001,10721.2922789676
LBY,national,2002,10364.26677599
LBY,national,2003,11423.0953057452
LBY,national,2004,11628.6999714293
LBY,national,2005,12673.9185469935
LBY,national,2006,13191.8701387847
LBY,national,2007,13729.1616843644
LBY,national,2008,13418.1944364528
LBY,national,2009,12561.9017841453
LBY,national,2010,12925.5736809809
LBY,national,2011,6734.22569631027
LBY,national,2012,13263.4898393983
LBY,national,2013,10666.7164203745
LBY,national,2014,8057.30035884057
LBY,national,2015,7867.5157311439
LBY,national,2016,7639.23267295455
LBY,national,2017,9968.91609191123
LBY,national,2018,10595.2468302316
LBY,national,2019,9278.27171027451
LBY,national,2020,6431.46291126847
LBY,national,2021,8347.14263082362
LBY,national,2022,8150.631713421
LBY,national,2023,9082.619643548576
LBY,national,2024,9663.132389935381
LBY,national,2025,10738.893358579693
LBY,national,2026,11302.983478973694
LBY,national,2027,11793.922417559905
LBY,national,2028,11894.314422236916
LBY,national,2029,12013.748111774687
LBY,national,2030,12160.22071388079
LCA,national,1960,2342.711195150003
LCA,national,1961,2420.293588366088
LCA,national,1962,2490.9489821878797
LCA,national,1963,2561.6043760096713
LCA,national,1964,2632.259769831463
LCA,national,1965,2695.9881642589617
LCA,national,1966,2755.5603590498845
LCA,national,1967,2820.6741533562417
LCA,national,1968,2896.8711466934683
LCA,national,1969,2978.6097395461297
LCA,national,1970,3052.035933125639
LCA,national,1971,3137.9307256148763
LCA,national,1972,3157.3263239188977
LCA,national,1973,3142.0869252514526
LCA,national,1974,3264.002114591015
LCA,national,1975,3363.7509058688393
LCA,national,1976,3906.827658381436
LCA,national,1977,4193.60543330518
LCA,national,1978,4546.76435768465
LCA,national,1979,4637.59674607575
LCA,national,1980,4453.71752116919
LCA,national,1981,4647.78882210916
LCA,national,1982,4658.84407441572
LCA,national,1983,4804.66025899206
LCA,national,1984,5067.53826684003
LCA,national,1985,5399.64153780995
LCA,national,1986,6082.95091935717
LCA,national,1987,6230.58109982193
LCA,national,1988,7000.39263466499
LCA,national,1989,7531.4918816649
LCA,national,1990,8169.15985172021
LCA,national,1991,8088.04999423006
LCA,national,1992,8602.97091681145
LCA,national,1993,8526.48648950197
LCA,national,1994,8549.67029586982
LCA,national,1995,8597.09935695757
LCA,national,1996,8755.20081769682
LCA,national,1997,8611.37336777808
LCA,national,1998,9070.97442120381
LCA,national,1999,9230.77658453541
LCA,national,2000,9163.24708839515
LCA,national,2001,8790.6631865355
LCA,national,2002,8761.5307326446109
LCA,national,2003,9065.25319805989
LCA,national,2004,9653.48773222321
LCA,national,2005,9547.2039693624
LCA,national,2006,10072.6579554233
LCA,national,2007,10178.9679423654
LCA,national,2008,10615.7117690315
LCA,national,2009,10247.805005227
LCA,national,2010,10206.6184555415
LCA,national,2011,10573.4068738185
LCA,national,2012,10502.1810455829
LCA,national,2013,10241.0916746434
LCA,national,2014,10328.0588345087
LCA,national,2015,10290.3715682224
LCA,national,2016,10595.4492536643
LCA,national,2017,10907.9452907806
LCA,national,2018,11176.4408232232
LCA,national,2019,11060.5637941595
LCA,national,2020,8335.17952759616
LCA,national,2021,9333.0068164069
LCA,national,2022,10802.6557167098
LCA,national,2023,11081.263854620976
LCA,national,2024,11267.967842746175
LCA,national,2025,11557.429767221052
LCA,national,2026,11801.04363999834
LCA,national,2027,12010.39298586859
LCA,national,2028,12145.297983575374
LCA,national,2029,12250.300520436784
LCA,national,2030,12356.210870895475
LIE,national,2015,167809.269874833
LKA,national,1960,656.013348570625
LKA,national,1961,651.563645624894
LKA,national,1962,660.352864165271
LKA,national,1963,660.850898686176
LKA,national,1964,670.315539631854
LKA,national,1965,671.056337508956
LKA,national,1966,688.27199539999
LKA,national,1967,715.414126103391
LKA,national,1968,739.294129406503
LKA,national,1969,778.445447385093
LKA,national,1970,790.799959164555
LKA,national,1971,784.302628170117
LKA,national,1972,765.369817296924
LKA,national,1973,803.502195187049
LKA,national,1974,818.948354243057
LKA,national,1975,853.559800643365
LKA,national,1976,866.346129225172
LKA,national,1977,894.529887167203
LKA,national,1978,928.33602113143
LKA,national,1979,969.913372093744
LKA,national,1980,1008.52918081659
LKA,national,1981,1048.10640100963
LKA,national,1982,1074.55744367113
LKA,national,1983,1110.48466563516
LKA,national,1984,1151.36456887056
LKA,national,1985,1192.41656658881
LKA,national,1986,1227.14502149179
LKA,national,1987,1231.03408012504
LKA,national,1988,1244.43238259785
LKA,national,1989,1256.79862981074
LKA,national,1990,1320.63735449785
LKA,national,1991,1364.53204007704
LKA,national,1992,1407.77008539644
LKA,national,1993,1487.92491205946
LKA,national,1994,1555.010257805
LKA,national,1995,1625.57106753169
LKA,national,1996,1673.99508371873
LKA,national,1997,1768.99657432231
LKA,national,1998,1840.96789310421
LKA,national,1999,1908.86642521177
LKA,national,2000,2011.98047068636
LKA,national,2001,1965.82091122656
LKA,national,2002,2023.39393567496
LKA,national,2003,2122.2151440587
LKA,national,2004,2216.27205437473
LKA,national,2005,2332.65231790321
LKA,national,2006,2486.64762174852
LKA,national,2007,2628.1568031565
LKA,national,2008,2756.12197984815
LKA,national,2009,2826.23541535354
LKA,national,2010,3025.30115104182
LKA,national,2011,3257.44744034531
LKA,national,2012,3512.13425627403
LKA,national,2013,3634.61702853361
LKA,national,2014,3846.82623839724
LKA,national,2015,3990.35311739446
LKA,national,2016,4174.63699572818
LKA,national,2017,4427.54255069831
LKA,national,2018,4495.71046284418
LKA,national,2019,4458.43442725849
LKA,national,2020,4229.74959441854
LKA,national,2021,4331.47367859957
LKA,national,2022,3988.08015990353
LKA,national,2023,3873.175957251684
LKA,national,2024,4043.6083530366104
LKA,national,2025,4162.451154960737
LKA,national,2026,4269.643088272523
LKA,national,2027,4380.498380750265
LKA,national,2028,NA
LKA,national,2029,NA
LKA,national,2030,NA
LSO,national,1960,262.263975326072
LSO,national,1961,259.059214417387
LSO,national,1962,289.720857371751
LSO,national,1963,310.78825601724
LSO,national,1964,326.318422889573
LSO,national,1965,323.270353357901
LSO,national,1966,311.943168649227
LSO,national,1967,334.27995248388
LSO,national,1968,321.146270362083
LSO,national,1969,314.589764687357
LSO,national,1970,310.266720678982
LSO,national,1971,314.932941594404
LSO,national,1972,303.592269863391
LSO,national,1973,370.782934660044
LSO,national,1974,397.583006131987
LSO,national,1975,332.316972315122
LSO,national,1976,357.199340182724
LSO,national,1977,422.342505573405
LSO,national,1978,485.89695709621
LSO,national,1979,486.188095166631
LSO,national,1980,459.825327854125
LSO,national,1981,450.279146742243
LSO,national,1982,457.424828349758
LSO,national,1983,453.727382976197
LSO,national,1984,465.772696708599
LSO,national,1985,465.091680081189
LSO,national,1986,474.238856177272
LSO,national,1987,466.69262661081
LSO,national,1988,496.665518029901
LSO,national,1989,515.529422070878
LSO,national,1990,536.999729514643
LSO,national,1991,564.830547402898
LSO,national,1992,594.696195194507
LSO,national,1993,606.763182495553
LSO,national,1994,634.577639619295
LSO,national,1995,647.518378333042
LSO,national,1996,676.409197901056
LSO,national,1997,695.244366693129
LSO,national,1998,701.291736722354
LSO,national,1999,701.589992063938
LSO,national,2000,727.180764976104
LSO,national,2001,752.76239875353
LSO,national,2002,758.947156903086
LSO,national,2003,795.346785513107
LSO,national,2004,811.921861831675
LSO,national,2005,843.445694810324
LSO,national,2006,879.410650891894
LSO,national,2007,913.151554868226
LSO,national,2008,958.010597915718
LSO,national,2009,939.334708688066
LSO,national,2010,982.196851492105
LSO,national,2011,1020.01037469668
LSO,national,2012,1075.6232973802
LSO,national,2013,1084.75668926126
LSO,national,2014,1092.09426551971
LSO,national,2015,1113.83683453612
LSO,national,2016,1140.38787362097
LSO,national,2017,1090.9903030035
LSO,national,2018,1061.43805871852
LSO,national,2019,1033.37116391748
LSO,national,2020,944.247169219343
LSO,national,2021,950.210025748611
LSO,national,2022,950.648784235823
LSO,national,2023,959.2528605776389
LSO,national,2024,969.6249475432796
LSO,national,2025,973.3828304502531
LSO,national,2026,971.4513858351039
LSO,national,2027,966.7469853243125
LSO,national,2028,968.5986990738822
LSO,national,2029,971.1835410810577
LSO,national,2030,975.569358364586
LTU,national,1973,7198.128722341958
LTU,national,1980,7573.409167173634
LTU,national,1981,7844.610249334084
LTU,national,1982,8120.569245216649
LTU,national,1983,8158.632554993554
LTU,national,1984,8205.022213784157
LTU,national,1985,7902.299953214708
LTU,national,1986,8128.300855015083
LTU,national,1987,8225.838086318403
LTU,national,1988,8832.472085887832
LTU,national,1989,8738.503289876096
LTU,national,1990,8212.753823582592
LTU,national,1991,7731.198774162228
LTU,national,1992,6090.688143375831
LTU,national,1993,5127.304167126475
LTU,national,1994,4656.8110886882605
LTU,national,1995,4936.0202154344
LTU,national,1996,5230.26019154918
LTU,national,1997,5706.89526075875
LTU,national,1998,6178.1238213384
LTU,national,1999,6151.08296362442
LTU,national,2000,6423.42067622444
LTU,national,2001,6899.23683441212
LTU,national,2002,7424.39482424481
LTU,national,2003,8275.80344758031
LTU,national,2004,8919.08174949012
LTU,national,2005,9766.48764716509
LTU,national,2006,10659.4002106998
LTU,national,2007,11984.9232941064
LTU,national,2008,12425.3980999207
LTU,national,2009,10699.7894581629
LTU,national,2010,11106.9502145424
LTU,national,2011,12046.7213858694
LTU,national,2012,12678.6926859879
LTU,national,2013,13262.3344620771
LTU,national,2014,13850.0001271199
LTU,national,2015,14263.9645773495
LTU,national,2016,14810.2517786273
LTU,national,2017,15661.9962536775
LTU,national,2018,16443.5852875776
LTU,national,2019,17256.4081521908
LTU,national,2020,17247.543693303902
LTU,national,2021,18292.5328507872
LTU,national,2022,18535.0779663478
LTU,national,2023,18688.915915731624
LTU,national,2024,19371.813690559593
LTU,national,2025,19963.860039126594
LTU,national,2026,20494.18341106216
LTU,national,2027,21039.161211329574
LTU,national,2028,21719.33101537951
LTU,national,2029,22412.42371135186
LTU,national,2030,23125.179979407632
LUX,national,1960,25520.1824340318
LUX,national,1961,26257.1661908152
LUX,national,1962,26289.9029024973
LUX,national,1963,26912.9549966405
LUX,national,1964,28706.589612341
LUX,national,1965,28173.2666499077
LUX,national,1966,28280.5166959382
LUX,national,1967,28248.745242907
LUX,national,1968,29355.712798391
LUX,national,1969,32125.4867875047
LUX,national,1970,35513.8009854427
LUX,national,1971,36114.9765484434
LUX,national,1972,38033.7401625331
LUX,national,1973,40742.7918500131
LUX,national,1974,41908.9752721689
LUX,national,1975,38729.5604581864
LUX,national,1976,39515.0353486263
LUX,national,1977,40065.6914169583
LUX,national,1978,41623.6010396531
LUX,national,1979,42500.2548997291
LUX,national,1980,42705.3385418472
LUX,national,1981,42345.0451531547
LUX,national,1982,42788.9485611364
LUX,national,1983,44056.251468465
LUX,national,1984,46733.9235529516
LUX,national,1985,47945.8483699444
LUX,national,1986,52496.6662006102
LUX,national,1987,54218.2753941324
LUX,national,1988,58381.7542558669
LUX,national,1989,63481.5847355331
LUX,national,1990,66027.0758007817
LUX,national,1991,70779.9729147771
LUX,national,1992,71116.9400892209
LUX,national,1993,73116.1946629406
LUX,national,1994,74883.1418537888
LUX,national,1995,74896.0965788046
LUX,national,1996,74916.5067672272
LUX,national,1997,77993.0585335828
LUX,national,1998,82170.2399212578
LUX,national,1999,87695.33957586
LUX,national,2000,92527.7118069642
LUX,national,2001,94243.7073233917
LUX,national,2002,96269.5793851216
LUX,national,2003,97597.9969176553
LUX,national,2004,100292.568479162
LUX,national,2005,101222.045664401
LUX,national,2006,105614.179863952
LUX,national,2007,112417.878458001
LUX,national,2008,110094.792338745
LUX,national,2009,104574.349887682
LUX,national,2010,106544.057241723
LUX,national,2011,105290.249048827
LUX,national,2012,104487.744238704
LUX,national,2013,105338.956059283
LUX,national,2014,105583.937014123
LUX,national,2015,105462.012584423
LUX,national,2016,108351.452158933
LUX,national,2017,107142.127556443
LUX,national,2018,106376.783565763
LUX,national,2019,107350.626687276
LUX,national,2020,104616.03467801
LUX,national,2021,110425.88843286
LUX,national,2022,109714.924316129
LUX,national,2023,107298.60722517164
LUX,national,2024,106768.30234724391
LUX,national,2025,107023.87797804242
LUX,national,2026,107495.06042563275
LUX,national,2027,108462.85350395316
LUX,national,2028,108642.08657973137
LUX,national,2029,108781.44774863774
LUX,national,2030,108868.08777917469
LVA,national,1973,6958.763790559811
LVA,national,1980,7644.846930953242
LVA,national,1981,7773.383188399213
LVA,national,1982,7895.798671681091
LVA,national,1983,7999.295398455769
LVA,national,1984,8169.564207020562
LVA,national,1985,7941.982694919254
LVA,national,1986,8089.994142887342
LVA,national,1987,7990.392454217086
LVA,national,1988,8276.955971899662
LVA,national,1989,8714.313107624916
LVA,national,1990,8794.996039787971
LVA,national,1991,7664.84183084529
LVA,national,1992,5236.709019022671
LVA,national,1993,4653.687199956369
LVA,national,1994,4830.670387288238
LVA,national,1995,4969.82307985825
LVA,national,1996,5156.19509655969
LVA,national,1997,5668.0600072591
LVA,national,1998,6084.28501085339
LVA,national,1999,6303.07485521062
LVA,national,2000,6725.33754041856
LVA,national,2001,7243.56297995178
LVA,national,2002,7847.64536792469
LVA,national,2003,8591.26791254397
LVA,national,2004,9405.06172211095
LVA,national,2005,10526.4522506693
LVA,national,2006,11895.2750583575
LVA,national,2007,13185.0693240034
LVA,national,2008,12891.4423439709
LVA,national,2009,11237.1089285212
LVA,national,2010,10962.2315251539
LVA,national,2011,11450.9767983716
LVA,national,2012,12410.3652614992
LVA,national,2013,12795.8782909892
LVA,national,2014,13162.6545599056
LVA,national,2015,13786.4567953114
LVA,national,2016,14242.5726741319
LVA,national,2017,14845.3348946383
LVA,national,2018,15558.4920048315
LVA,national,2019,15759.0818388809
LVA,national,2020,15312.3350649782
LVA,national,2021,16481.5243496066
LVA,national,2022,17081.3427820803
LVA,national,2023,17201.093019604377
LVA,national,2024,17686.07247005609
LVA,national,2025,18100.60369482599
LVA,national,2026,18593.34341487618
LVA,national,2027,19169.93214209645
LVA,national,2028,19680.362218931332
LVA,national,2029,20204.588696489325
LVA,national,2030,20742.98770575037
MAC,national,1982,22840.1713178122
MAC,national,1983,24227.1315031038
MAC,national,1984,25294.4894043487
MAC,national,1985,24495.9332250318
MAC,national,1986,25106.5398292582
MAC,national,1987,27561.7193341253
MAC,national,1988,28554.2469253119
MAC,national,1989,28845.9639017832
MAC,national,1990,30001.4821171518
MAC,national,1991,30055.5590853125
MAC,national,1992,33139.987469551
MAC,national,1993,34094.7744813333
MAC,national,1994,34807.3042839656
MAC,national,1995,35241.7168016414
MAC,national,1996,34429.5228337684
MAC,national,1997,33716.074933257
MAC,national,1998,31631.2426242222
MAC,national,1999,30395.9502394396
MAC,national,2000,31668.0219855995
MAC,national,2001,32046.5584930022
MAC,national,2002,34083.774269273
MAC,national,2003,36992.7240489276
MAC,national,2004,45563.7868050788
MAC,national,2005,47924.1591753166
MAC,national,2006,52907.2260844044
MAC,national,2007,58983.6987069531
MAC,national,2008,59403.8700009709
MAC,national,2009,58611.7503229623
MAC,national,2010,71457.9169903019
MAC,national,2011,84818.7166340753
MAC,national,2012,90787.6086775838
MAC,national,2013,98752.2289204409
MAC,national,2014,95001.4822041092
MAC,national,2015,73220.6355551661
MAC,national,2016,71394.8611441461
MAC,national,2017,76970.2682119038
MAC,national,2018,80342.5875773682
MAC,national,2019,76789.4065769928
MAC,national,2020,34410.3457997943
MAC,national,2021,41869.8392405949
MAC,national,2022,32482.920552713
MAC,national,2023,55703.26140409396
MAC,national,2024,69648.37900641507
MAC,national,2025,71034.35395893951
MAC,national,2026,72475.79344049
MAC,national,2027,74402.50457342225
MAC,national,2028,76215.8342306102
MAC,national,2029,78070.92382499154
MAC,national,2030,79915.03032449128
MAR,national,1960,772.6476625215022
MAR,national,1961,779.9436744433294
MAR,national,1962,787.2396863651567
MAR,national,1963,794.9004988830752
MAR,national,1964,802.9261119970852
MAR,national,1965,810.5869245150038
MAR,national,1966,835.028564453125
MAR,national,1967,894.384338378906
MAR,national,1968,956.820739746094
MAR,national,1969,1009.62487792969
MAR,national,1970,1029.48474121094
MAR,national,1971,1059.1396484375
MAR,national,1972,1057.85095214844
MAR,national,1973,1068.56274414063
MAR,national,1974,1100.9970703125
MAR,national,1975,1156.0693359375
MAR,national,1976,1250.24597167969
MAR,national,1977,1292.42785644531
MAR,national,1978,1287.02282714844
MAR,national,1979,1313.61767578125
MAR,national,1980,1325.49353027344
MAR,national,1981,1267.85656738281
MAR,national,1982,1345.3115234375
MAR,national,1983,1329.17626953125
MAR,national,1984,1380.01135253906
MAR,national,1985,1428.86889648438
MAR,national,1986,1527.71215820313
MAR,national,1987,1492.79602050781
MAR,national,1988,1638.86462402344
MAR,national,1989,1655.48596191406
MAR,national,1990,1682.328125
MAR,national,1991,1773.4140625
MAR,national,1992,1707.84753417969
MAR,national,1993,1668.37475585938
MAR,national,1994,1817.06237792969
MAR,national,1995,1692.84704589844
MAR,national,1996,1873.54614257813
MAR,national,1997,1816.91381835938
MAR,national,1998,1920.13293457031
MAR,national,1999,1925.39514160156
MAR,national,2000,1948.35461425781
MAR,national,2001,2070.84765625
MAR,national,2002,2120.13110351563
MAR,national,2003,2222.93701171875
MAR,national,2004,2295.01538085938
MAR,national,2005,2336.50341796875
MAR,national,2006,2484.974609375
MAR,national,2007,2536.77734375
MAR,national,2008,2646.06469726563
MAR,national,2009,2709.4091796875
MAR,national,2010,2766.921875
MAR,national,2011,2879.9443359375
MAR,national,2012,2927.29077148438
MAR,national,2013,3006.31689453125
MAR,national,2014,3047.13110351563
MAR,national,2015,3139.22827148438
MAR,national,2016,3116.56298828125
MAR,national,2017,3234.75170898438
MAR,national,2018,3296.19409179688
MAR,national,2019,3355.61328125
MAR,national,2020,3081.662109375
MAR,national,2021,3293.703125
MAR,national,2022,3300.7998046875
MAR,national,2023,3347.2985374237983
MAR,national,2024,3436.05596097302
MAR,national,2025,3527.3715258866027
MAR,national,2026,3619.5913951396183
MAR,national,2027,3716.1850634889365
MAR,national,2028,3817.518752185721
MAR,national,2029,3921.6994344657946
MAR,national,2030,4029.7987067486865
MCO,national,1970,72743.9060565678
MCO,national,1971,75489.4643390683
MCO,national,1972,78112.8938270844
MCO,national,1973,82525.9664538509
MCO,national,1974,85672.6057846966
MCO,national,1975,83968.4590890937
MCO,national,1976,86406.7287422472
MCO,national,1977,88304.0320316914
MCO,national,1978,90720.0331850214
MCO,national,1979,92942.6889915324
MCO,national,1980,93664.4936943591
MCO,national,1981,93807.7957227407
MCO,national,1982,95082.4261814614
MCO,national,1983,94802.0884705871
MCO,national,1984,94780.2015905044
MCO,national,1985,95061.1510700947
MCO,national,1986,96177.1206052826
MCO,national,1987,97467.4430639456
MCO,national,1988,100916.471343897
MCO,national,1989,104153.709045177
MCO,national,1990,106022.21245543
MCO,national,1991,106275.016823374
MCO,national,1992,106922.798665797
MCO,national,1993,105160.171105526
MCO,national,1994,106702.513788893
MCO,national,1995,108168.981232745
MCO,national,1996,108553.248593931
MCO,national,1997,110117.412793093
MCO,national,1998,113122.312669772
MCO,national,1999,116188.604803201
MCO,national,2000,120467.808533196
MCO,national,2001,123183.004831338
MCO,national,2002,124670.345647476
MCO,national,2003,126299.168001323
MCO,national,2004,129740.548672864
MCO,national,2005,132564.736089156
MCO,national,2006,140815.152408156
MCO,national,2007,162098.943453973
MCO,national,2008,163097.966733688
MCO,national,2009,142205.995539685
MCO,national,2010,141743.742237028
MCO,national,2011,148269.833440103
MCO,national,2012,146511.948802869
MCO,national,2013,157257.894015605
MCO,national,2014,165362.509615774
MCO,national,2015,170338.680381498
MCO,national,2016,173916.315783045
MCO,national,2017,168744.994245276
MCO,national,2018,178571.347957464
MCO,national,2019,191194.562185505
MCO,national,2020,166822.571755127
MCO,national,2021,204610.120440895
MCO,national,2022,228667.935282559
MDA,national,1973,3455.81856520873
MDA,national,1980,3668.3724198976674
MDA,national,1981,3854.256019055293
MDA,national,1982,4051.4542720746877
MDA,national,1983,4193.695634908349
MDA,national,1984,4246.227956409417
MDA,national,1985,3797.68274974645
MDA,national,1986,4015.4898365854942
MDA,national,1987,3981.1417802194114
MDA,national,1988,3932.246311745341
MDA,national,1989,4157.327104638379
MDA,national,1990,3974.272168946195
MDA,national,1991,3215.660309083758
MDA,national,1992,2241.2577145194
MDA,national,1993,2220.116855084324
MDA,national,1994,1532.3667995935834
MDA,national,1995,1512.15719609634
MDA,national,1996,1426.13937455567
MDA,national,1997,1454.99997670525
MDA,national,1998,1360.36052515012
MDA,national,1999,1316.60570873485
MDA,national,2000,1347.09284099859
MDA,national,2001,1432.46529021444
MDA,national,2002,1547.7777755695
MDA,national,2003,1654.58390339416
MDA,national,2004,1781.42574579925
MDA,national,2005,1919.69798572163
MDA,national,2006,2017.44263405909
MDA,national,2007,2082.78652841544
MDA,national,2008,2249.52175359761
MDA,national,2009,2117.22203182645
MDA,national,2010,2269.80968612645
MDA,national,2011,2403.26053914183
MDA,national,2012,2389.4009147431
MDA,national,2013,2606.19306556573
MDA,national,2014,2738.16197278055
MDA,national,2015,2749.91303825395
MDA,national,2016,2911.33776696462
MDA,national,2017,3085.73889386565
MDA,national,2018,3268.42596665742
MDA,national,2019,3439.12963997156
MDA,national,2020,3189.33637655884
MDA,national,2021,3688.65242484521
MDA,national,2022,3582.19085447967
MDA,national,2023,3720.402663084122
MDA,national,2024,3950.1777082768035
MDA,national,2025,4037.4183389071018
MDA,national,2026,4182.97593028704
MDA,national,2027,4413.223745236254
MDA,national,2028,4767.524377769248
MDA,national,2029,5149.6689891007345
MDA,national,2030,5562.445542461283
MDG,national,1960,818.284112303608
MDG,national,1961,813.731911863051
MDG,national,1962,810.893022311176
MDG,national,1963,782.682514048837
MDG,national,1964,792.628311562849
MDG,national,1965,768.509754214225
MDG,national,1966,763.762928529014
MDG,national,1967,784.440356504125
MDG,national,1968,815.155401960626
MDG,national,1969,821.922024451168
MDG,national,1970,840.604304652204
MDG,national,1971,848.001380731173
MDG,national,1972,812.200072270184
MDG,national,1973,767.268658702636
MDG,national,1974,759.331295091682
MDG,national,1975,746.091324825769
MDG,national,1976,701.891528058441
MDG,national,1977,697.447795375406
MDG,national,1978,659.115827378864
MDG,national,1979,703.130216649979
MDG,national,1980,689.531407144208
MDG,national,1981,604.451782237189
MDG,national,1982,576.458513340894
MDG,national,1983,565.576975338509
MDG,national,1984,559.732836876336
MDG,national,1985,550.659867886975
MDG,national,1986,546.040553969721
MDG,national,1987,537.131781026195
MDG,national,1988,539.756241971867
MDG,national,1989,545.684867967537
MDG,national,1990,546.371198925528
MDG,national,1991,496.760821557166
MDG,national,1992,487.572802892219
MDG,national,1993,482.64178276789397
MDG,national,1994,467.500896376178
MDG,national,1995,460.507184085452
MDG,national,1996,455.69716718555
MDG,national,1997,457.774323261547
MDG,national,1998,460.982138901307
MDG,national,1999,467.919193188843
MDG,national,2000,474.139021914094
MDG,national,2001,487.661102523517
MDG,national,2002,414.687336442666
MDG,national,2003,442.103229664323
MDG,national,2004,451.921226359558
MDG,national,2005,459.774982591233
MDG,national,2006,470.6185887303
MDG,national,2007,483.145271398512
MDG,national,2008,500.78247263489
MDG,national,2009,467.115644011521
MDG,national,2010,456.729207078845
MDG,national,2011,451.127504641527
MDG,national,2012,452.205008433058
MDG,national,2013,450.412085258455
MDG,national,2014,453.383414241637
MDG,national,2015,455.63803458407
MDG,national,2016,461.736048112361
MDG,national,2017,467.655067624663
MDG,national,2018,470.423898266865
MDG,national,2019,478.926961352974
MDG,national,2020,433.838239991494
MDG,national,2021,447.78467591887
MDG,national,2022,453.858147011855
MDG,national,2023,459.2452135810103
MDG,national,2024,468.2737838244441
MDG,national,2025,474.0946582846311
MDG,national,2026,481.1025491601816
MDG,national,2027,490.5668230434907
MDG,national,2028,500.30809478842616
MDG,national,2029,510.78996362934606
MDG,national,2030,521.9073771659639
MDV,national,1980,2968.388506413706
MDV,national,1981,3081.6339958716085
MDV,national,1982,3210.72864073391
MDV,national,1983,3234.1431771777134
MDV,national,1984,3666.781253222692
MDV,national,1985,4013.2184876598735
MDV,national,1986,4197.616703666525
MDV,national,1987,4453.987758956447
MDV,national,1988,4719.75514464657
MDV,national,1989,5027.615293245849
MDV,national,1990,4642.912488660623
MDV,national,1991,4739.526854757954
MDV,national,1992,4907.688110113649
MDV,national,1993,5035.517619827344
MDV,national,1994,5272.727281459482
MDV,national,1995,5556.25741893456
MDV,national,1996,5864.95569144664
MDV,national,1997,6234.63736146619
MDV,national,1998,6585.48760108778
MDV,national,1999,6883.69819392453
MDV,national,2000,7037.19773478496
MDV,national,2001,6646.35010358019
MDV,national,2002,7008.44748608127
MDV,national,2003,7839.55956751299
MDV,national,2004,8160.75367394983
MDV,national,2005,7129.63212145605
MDV,national,2006,8605.6937131663
MDV,national,2007,8914.61439432017
MDV,national,2008,9376.0786513968
MDV,national,2009,8311.34524198222
MDV,national,2010,8571.55992336251
MDV,national,2011,8986.6257974082
MDV,national,2012,8888.11484649978
MDV,national,2013,9194.11558322666
MDV,national,2014,9530.58844795055
MDV,national,2015,9480.43151420101
MDV,national,2016,9688.24828820587
MDV,national,2017,9972.37714365815
MDV,national,2018,10453.6355280567
MDV,national,2019,10888.6445657569
MDV,national,2020,7164.30739218603
MDV,national,2021,9731.55619095909
MDV,national,2022,11035.5824827484
MDV,national,2023,11729.097125837234
MDV,national,2024,12112.269143359428
MDV,national,2025,12757.299727572401
MDV,national,2026,13386.907360342855
MDV,national,2027,13960.71047762449
MDV,national,2028,14279.611804022876
MDV,national,2029,14603.522150332816
MDV,national,2030,14939.211167284759
MEX,national,1960,4197.98228973599
MEX,national,1961,4269.98401714764
MEX,national,1962,4325.43600351045
MEX,national,1963,4524.18942984726
MEX,national,1964,4897.24443504918
MEX,national,1965,5072.63135963502
MEX,national,1966,5206.15362198032
MEX,national,1967,5332.74767186568
MEX,national,1968,5648.05347185248
MEX,national,1969,5655.99755073306
MEX,national,1970,5835.13102025154
MEX,national,1971,5867.03452592942
MEX,national,1972,6154.64745484385
MEX,national,1973,6435.96140377416
MEX,national,1974,6602.41123498417
MEX,national,1975,6773.99030340371
MEX,national,1976,6867.22204865459
MEX,national,1977,6893.66695088943
MEX,national,1978,7293.08389386471
MEX,national,1979,7776.16601290539
MEX,national,1980,8240.7161225115
MEX,national,1981,8831.27401325893
MEX,national,1982,8649.12294224101
MEX,national,1983,8086.26196172259
MEX,national,1984,8209.84351673619
MEX,national,1985,8212.92177366905
MEX,national,1986,7750.17148738278
MEX,national,1987,7774.51986870543
MEX,national,1988,7735.72150888391
MEX,national,1989,7882.12311018268
MEX,national,1990,8145.0161533541
MEX,national,1991,8303.12118718677
MEX,national,1992,8433.33703578674
MEX,national,1993,8509.39615451119
MEX,national,1994,8715.73376736149
MEX,national,1995,8049.74323082012
MEX,national,1996,8399.3425471036
MEX,national,1997,8849.73207519458
MEX,national,1998,9240.00719179304
MEX,national,1999,9340.07987319831
MEX,national,2000,9655.60249705114
MEX,national,2001,9464.99502435476
MEX,national,2002,9300.11739878693
MEX,national,2003,9271.44031800693
MEX,national,2004,9461.9237562519
MEX,national,2005,9524.74243606686
MEX,national,2006,9847.51282063333
MEX,national,2007,9920.68784016417
MEX,national,2008,9888.13944322185
MEX,national,2009,9151.76956558176
MEX,national,2010,9480.13530541633
MEX,national,2011,9667.62664506427
MEX,national,2012,9872.2925200884
MEX,national,2013,9826.1323870576
MEX,national,2014,9947.8860235819
MEX,national,2015,10098.1731805195
MEX,national,2016,10161.3557074563
MEX,national,2017,10240.3104246761
MEX,national,2018,10343.3534291048
MEX,national,2019,10226.2313328256
MEX,national,2020,9273.81099988452
MEX,national,2021,9760.44529945868
MEX,national,2022,10077.3833104761
MEX,national,2023,10309.444510612495
MEX,national,2024,10444.280026441336
MEX,national,2025,10379.04272849945
MEX,national,2026,10410.309159837163
MEX,national,2027,10517.032224352102
MEX,national,2028,10675.381373152382
MEX,national,2029,10837.650874381636
MEX,national,2030,10998.844013565047
MHL,national,1981,2400.9695457054827
MHL,national,1982,2480.5750457133827
MHL,national,1983,2678.359195165138
MHL,national,1984,2608.16549306377
MHL,national,1985,2527.8959071515446
MHL,national,1986,2922.092180650652
MHL,national,1987,3064.8754407098204
MHL,national,1988,3118.5239845273454
MHL,national,1989,3013.619495090205
MHL,national,1990,3005.233857207102
MHL,national,1991,2995.6850374085
MHL,national,1992,3137.5299372123623
MHL,national,1993,3262.6873137338976
MHL,national,1994,3412.50354180463
MHL,national,1995,3468.0371504633
MHL,national,1996,3090.5919355987376
MHL,national,1997,2886.660591194035
MHL,national,1998,2818.4605642234674
MHL,national,1999,2769.94462690841
MHL,national,2000,2827.8200253567725
MHL,national,2001,2989.0886986695223
MHL,national,2002,3056.3546722414826
MHL,national,2003,3030.5952476010852
MHL,national,2004,3079.5921577048675
MHL,national,2005,3128.409268484635
MHL,national,2006,3168.5093551149575
MHL,national,2007,3197.4500857445023
MHL,national,2008,3051.1780025080325
MHL,national,2009,3190.2841193706026
MHL,national,2010,3332.1801065984646
MHL,national,2011,3348.950626274258
MHL,national,2012,3397.193912094065
MHL,national,2013,3537.076154143765
MHL,national,2014,3592.0572739529925
MHL,national,2015,3744.65776721184
MHL,national,2016,3928.0615333383375
MHL,national,2017,4195.60672865241
MHL,national,2018,4604.850455104341
MHL,national,2019,5056.095210614398
MHL,national,2020,5115.294859744685
MHL,national,2021,5288.133594150206
MHL,national,2022,5012.530856028187
MHL,national,2023,5121.923512172256
MHL,national,2024,5233.717207914762
MHL,national,2025,5595.07862635891
MHL,national,2026,5943.881596452188
MHL,national,2027,6240.438123647
MHL,national,2028,6489.793200727151
MHL,national,2029,6706.5837172101155
MHL,national,2030,6883.071002098119
MKD,national,1960,1394.8627446755559
MKD,national,1961,1413.5335231876659
MKD,national,1962,1425.980708862406
MKD,national,1963,1657.4205675021035
MKD,national,1964,2119.911310229163
MKD,national,1965,1918.8114666716442
MKD,national,1966,2064.676923797504
MKD,national,1967,2133.52541956091
MKD,national,1968,2180.5913403935206
MKD,national,1969,2384.0250312650533
MKD,national,1970,2545.838445036674
MKD,national,1971,2677.700818278451
MKD,national,1972,2772.2216344960084
MKD,national,1973,2906.028880499464
MKD,national,1974,3035.1684318748917
MKD,national,1975,3136.69079003449
MKD,national,1976,3235.8793008800744
MKD,national,1977,3398.859638308702
MKD,national,1978,3633.4112933670845
MKD,national,1979,3847.3472971516785
MKD,national,1980,3850.459093570363
MKD,national,1981,3865.240126559117
MKD,national,1982,3880.799108652542
MKD,national,1983,3783.9444451209715
MKD,national,1984,3892.4683452226113
MKD,national,1985,3848.514220808686
MKD,national,1986,4104.0705016931925
MKD,national,1987,4039.500726005479
MKD,national,1988,3902.9706581356745
MKD,national,1989,3969.8742811374022
MKD,national,1990,3568.0635685747
MKD,national,1991,3360.19536521454
MKD,national,1992,3168.62731208797
MKD,national,1993,2962.97823069468
MKD,national,1994,2932.07935901595
MKD,national,1995,2897.19376746554
MKD,national,1996,2916.44329957259
MKD,national,1997,2954.5238308875
MKD,national,1998,3038.13983382569
MKD,national,1999,3154.84918240006
MKD,national,2000,3283.37934095351
MKD,national,2001,3169.32514368931
MKD,national,2002,3240.11064526089
MKD,national,2003,3301.31361922323
MKD,national,2004,3445.80843699925
MKD,national,2005,3600.95390451686
MKD,national,2006,3779.67672714493
MKD,national,2007,4017.79390926417
MKD,national,2008,4230.73498999821
MKD,national,2009,4207.80679229371
MKD,national,2010,4339.9663336969
MKD,national,2011,4433.88946223239
MKD,national,2012,4408.29842132998
MKD,national,2013,4530.68414622156
MKD,national,2014,4687.29849775791
MKD,national,2015,4861.55615984223
MKD,national,2016,4994.56120070716
MKD,national,2017,5043.6945185295
MKD,national,2018,5184.69680504137
MKD,national,2019,5386.2027499932
MKD,national,2020,5067.21588735157
MKD,national,2021,5365.47609852695
MKD,national,2022,5500.39905883565
MKD,national,2023,5637.909438610095
MKD,national,2024,5818.321637245658
MKD,national,2025,5999.93645687217
MKD,national,2026,6195.161831311787
MKD,national,2027,6386.635004174015
MKD,national,2028,6621.835381553873
MKD,national,2029,6867.424085230847
MKD,national,2030,7117.790623534118
MLI,national,1960,318.2076256962278
MLI,national,1961,314.0944836484505
MLI,national,1962,309.23349759198635
MLI,national,1963,323.8164557613787
MLI,national,1964,332.04273985693334
MLI,national,1965,329.4252858265296
MLI,national,1966,336.15588190471067
MLI,national,1967,340.269023952488
MLI,national,1968,347.850742174419
MLI,national,1969,343.592667306213
MLI,national,1970,359.23710614715
MLI,national,1971,362.905122321818
MLI,national,1972,378.105192052109
MLI,national,1973,366.363750747824
MLI,national,1974,354.501305511986
MLI,national,1975,388.728569572442
MLI,national,1976,433.878018844551
MLI,national,1977,452.928035509553
MLI,national,1978,437.616910094373
MLI,national,1979,473.395781431114
MLI,national,1980,443.425965454416
MLI,national,1981,440.538895307837
MLI,national,1982,399.366613878852
MLI,national,1983,397.972365554569
MLI,national,1984,388.619119408544
MLI,national,1985,458.461758550239
MLI,national,1986,462.506179750716
MLI,national,1987,454.246460434794
MLI,national,1988,479.710920358807
MLI,national,1989,490.828060026722
MLI,national,1990,469.40249257314
MLI,national,1991,514.247382129515
MLI,national,1992,487.720653850649
MLI,national,1993,492.820719332849
MLI,national,1994,500.638058999875
MLI,national,1995,494.59023221281
MLI,national,1996,518.470546306235
MLI,national,1997,531.577185302854
MLI,national,1998,557.764341335031
MLI,national,1999,573.548990124541
MLI,national,2000,556.77239407158
MLI,national,2001,623.266374437479
MLI,national,2002,622.796722894514
MLI,national,2003,658.142718821535
MLI,national,2004,646.928049650012
MLI,national,2005,666.794421867006
MLI,national,2006,675.188949468141
MLI,national,2007,676.080031773356
MLI,national,2008,685.460670564343
MLI,national,2009,695.39448652741
MLI,national,2010,708.930473940785
MLI,national,2011,708.418672479958
MLI,national,2012,682.287844188171
MLI,national,2013,677.861141016751
MLI,national,2014,703.231034477626
MLI,national,2015,723.504204947663
MLI,national,2016,741.797634683131
MLI,national,2017,756.428073205064
MLI,national,2018,767.571595521859
MLI,national,2019,779.326624981433
MLI,national,2020,745.885984785402
MLI,national,2021,744.760427319594
MLI,national,2022,748.974818109328
MLI,national,2023,758.3056134568869
MLI,national,2024,769.9014039811619
MLI,national,2025,783.7953596070803
MLI,national,2026,798.1849692614356
MLI,national,2027,812.3039450513257
MLI,national,2028,827.7023823487792
MLI,national,2029,843.3174413726946
MLI,national,2030,859.2435823313017
MLT,national,1960,1921.1584671751677
MLT,national,1961,1903.4222161143814
MLT,national,1962,1821.9966998807718
MLT,national,1963,1824.415279570879
MLT,national,1964,1888.910737973738
MLT,national,1965,2046.9246110607428
MLT,national,1966,2279.9144545410713
MLT,national,1967,2429.8663953277187
MLT,national,1968,2667.6933981882617
MLT,national,1969,2807.97102021448
MLT,national,1970,3135.28547160899
MLT,national,1971,3211.69458130569
MLT,national,1972,3402.013537823
MLT,national,1973,3545.99678690791
MLT,national,1974,3904.52309573476
MLT,national,1975,4634.09326126722
MLT,national,1976,5395.15746289756
MLT,national,1977,6028.93113520401
MLT,national,1978,6632.43081728407
MLT,national,1979,7254.32021442954
MLT,national,1980,7684.72265859568
MLT,national,1981,7881.0562144742
MLT,national,1982,7890.02775181029
MLT,national,1983,7731.95775832879
MLT,national,1984,7803.19249101371
MLT,national,1985,7865.52845206493
MLT,national,1986,8035.72241838806
MLT,national,1987,8308.62074303897
MLT,national,1988,8934.07352030925
MLT,national,1989,9571.19013627356
MLT,national,1990,10074.309100156
MLT,national,1991,10419.961305061
MLT,national,1992,10796.7940507006
MLT,national,1993,11168.4668025566
MLT,national,1994,11689.7655394043
MLT,national,1995,12344.826345577
MLT,national,1996,12727.2991543136
MLT,national,1997,13295.3706525006
MLT,national,1998,13886.2923556034
MLT,national,1999,14455.7647568425
MLT,national,2000,17189.5654940777
MLT,national,2001,16860.522964945
MLT,national,2002,17164.5983933947
MLT,national,2003,17746.7846758302
MLT,national,2004,17652.7181167607
MLT,national,2005,18134.0520355123
MLT,national,2006,18521.638379981
MLT,national,2007,19338.4306191148
MLT,national,2008,19948.1713924858
MLT,national,2009,19573.8579946305
MLT,national,2010,20557.7377488972
MLT,national,2011,20566.4277747482
MLT,national,2012,21221.6057063718
MLT,national,2013,22071.0651510994
MLT,national,2014,23286.2264514326
MLT,national,2015,24921.7141769982
MLT,national,2016,25181.477100564
MLT,national,2017,27164.3004165602
MLT,national,2018,28177.5495393975
MLT,national,2019,29003.5818128032
MLT,national,2020,26077.6273444161
MLT,national,2021,29103.6973856926
MLT,national,2022,30379.5968015298
MLT,national,2023,31311.11873251274
MLT,national,2024,32177.526630828772
MLT,national,2025,32759.37266958485
MLT,national,2026,33638.94554435498
MLT,national,2027,34586.172199167566
MLT,national,2028,35339.16556599433
MLT,national,2029,36137.75971140218
MLT,national,2030,36982.74567401664
MMR,national,1960,129.661958142975
MMR,national,1961,128.56961610924625
MMR,national,1962,133.84274067357748
MMR,national,1963,141.56713682256748
MMR,national,1964,135.63925432333227
MMR,national,1965,141.27817215559799
MMR,national,1966,130.99693274250524
MMR,national,1967,125.79117563238276
MMR,national,1968,134.81518930834073
MMR,national,1969,136.6048010837975
MMR,national,1970,139.845521853366
MMR,national,1971,141.75413505048624
MMR,national,1972,140.83163180478
MMR,national,1973,138.70751426930423
MMR,national,1974,142.82996304053074
MMR,national,1975,146.55149992561024
MMR,national,1976,152.40949139471076
MMR,national,1977,158.553403742529
MMR,national,1978,165.05770176604074
MMR,national,1979,171.41715732714476
MMR,national,1980,180.78741021157825
MMR,national,1981,188.335373489742
MMR,national,1982,194.64028347941974
MMR,national,1983,199.48310884904
MMR,national,1984,204.0679588688105
MMR,national,1985,203.87319404378002
MMR,national,1986,196.61641717203798
MMR,national,1987,182.12193234354748
MMR,national,1988,164.9055452456755
MMR,national,1989,167.96977371178
MMR,national,1990,168.66558249684473
MMR,national,1991,169.42908014288673
MMR,national,1992,181.69868905581575
MMR,national,1993,190.81176632153876
MMR,national,1994,202.1773302805605
MMR,national,1995,213.232353790563
MMR,national,1996,223.70073041980424
MMR,national,1997,233.5321992367605
MMR,national,1998,247.275304916006
MMR,national,1999,273.0287727777935
MMR,national,2000,305.44846201763346
MMR,national,2001,337.1616102496947
MMR,national,2002,375.6202599142233
MMR,national,2003,423.3737152027827
MMR,national,2004,476.6880122441723
MMR,national,2005,536.4314751109865
MMR,national,2006,600.4456850362612
MMR,national,2007,664.9673807663128
MMR,national,2008,729.4092792849742
MMR,national,2009,799.4951568555738
MMR,national,2010,861.2127067842157
MMR,national,2011,905.7672205829224
MMR,national,2012,966.539193545591
MMR,national,2013,1038.03149389996
MMR,national,2014,1109.059151772005
MMR,national,2015,1174.4214882878225
MMR,national,2016,1235.9244485140848
MMR,national,2017,1302.388224040175
MMR,national,2018,1375.193819835275
MMR,national,2019,1399.6459499488049
MMR,national,2020,1254.3900202024902
MMR,national,2021,1141.050992276005
MMR,national,2022,1156.2820948391084
MMR,national,2023,1179.1667771440195
MMR,national,2024,1203.6035840119544
MMR,national,2025,1166.0134649553588
MMR,national,2026,1193.721257526952
MMR,national,2027,1212.441706393909
MMR,national,2028,1230.4274510105772
MMR,national,2029,1248.3448432701346
MMR,national,2030,1266.9810413888274
MNE,national,1960,2137.592949714216
MNE,national,1961,2560.9047146637718
MNE,national,1962,2495.1730741436545
MNE,national,1963,2819.4491673762336
MNE,national,1964,3270.8064322810396
MNE,national,1965,3332.1559634331493
MNE,national,1966,3460.1135569789776
MNE,national,1967,3501.305385038251
MNE,national,1968,3645.9149941825094
MNE,national,1969,3984.2138373927137
MNE,national,1970,4256.7810400828
MNE,national,1971,4376.850836766214
MNE,national,1972,4562.652273969747
MNE,national,1973,4502.179164691239
MNE,national,1974,4727.419586206841
MNE,national,1975,4830.837367291825
MNE,national,1976,5030.661554472982
MNE,national,1977,5519.7049599426555
MNE,national,1978,5769.485193919101
MNE,national,1979,5716.899881503007
MNE,national,1980,7004.363613823705
MNE,national,1981,6691.4810049479465
MNE,national,1982,6827.326395356189
MNE,national,1983,6669.570458107907
MNE,national,1984,6860.630426553049
MNE,national,1985,6839.596301586612
MNE,national,1986,7029.779848158151
MNE,national,1987,6653.7948643830805
MNE,national,1988,6397.003255417822
MNE,national,1989,6378.598396072189
MNE,national,1990,5788.766475138335
MNE,national,1991,5318.316535001494
MNE,national,1992,4036.184690433225
MNE,national,1993,2613.3187742457644
MNE,national,1994,2694.0513391966338
MNE,national,1995,3129.765963574837
MNE,national,1996,4086.895511746061
MNE,national,1997,4488.79462512197
MNE,national,1998,4723.14338358475
MNE,national,1999,4290.89684941343
MNE,national,2000,4431.60047014419
MNE,national,2001,4462.34990117884
MNE,national,2002,4529.12330572995
MNE,national,2003,4623.0760644615
MNE,national,2004,4819.14785988608
MNE,national,2005,5013.1959009921
MNE,national,2006,5435.88622103627
MNE,national,2007,5798.06497333447
MNE,national,2008,6205.8212472095
MNE,national,2009,5833.65954418904
MNE,national,2010,5982.19928466066
MNE,national,2011,6168.84838637415
MNE,national,2012,5995.77445120446
MNE,national,2013,6202.50670294785
MNE,national,2014,6307.01856129174
MNE,national,2015,6517.19267514764
MNE,national,2016,6707.85041020824
MNE,national,2017,7023.43381181246
MNE,national,2018,7381.80764032937
MNE,national,2019,7684.18397197185
MNE,national,2020,6515.53680560451
MNE,national,2021,7390.30811727832
MNE,national,2022,7889.23763310614
MNE,national,2023,8238.953152236143
MNE,national,2024,8538.300761716591
MNE,national,2025,8874.370397196344
MNE,national,2026,9226.451964224194
MNE,national,2027,9504.561658070712
MNE,national,2028,9784.805892130918
MNE,national,2029,10073.31237136609
MNE,national,2030,10370.32744178196
MNG,national,1960,760.0654587179763
MNG,national,1961,782.567396640548
MNG,national,1962,805.0693345631197
MNG,national,1963,830.0714878104216
MNG,national,1964,855.9070461659668
MNG,national,1965,880.9091994132687
MNG,national,1966,905.9113526605705
MNG,national,1967,935.0805314490894
MNG,national,1968,961.749494912878
MNG,national,1969,990.918673701397
MNG,national,1970,1021.7546627064027
MNG,national,1971,1038.4227648712706
MNG,national,1972,1046.7568159537045
MNG,national,1973,1106.761983747229
MNG,national,1974,1118.4296552626365
MNG,national,1975,1155.9328851335895
MNG,national,1976,1167.600556648997
MNG,national,1977,1225.1055091177914
MNG,national,1978,1280.943651370099
MNG,national,1979,1296.7783484267234
MNG,national,1980,1348.449465137814
MNG,national,1981,1428.45635552918
MNG,national,1982,1510.63978021586
MNG,national,1983,1560.2627002862
MNG,national,1984,1612.32428429585
MNG,national,1985,1661.7360894034
MNG,national,1986,1771.23664741971
MNG,national,1987,1785.73101021921
MNG,national,1988,1829.63760080266
MNG,national,1989,1863.79383676329
MNG,national,1990,1770.54104423496
MNG,national,1991,1588.22262573764
MNG,national,1992,1417.74202296458
MNG,national,1993,1352.36819433688
MNG,national,1994,1362.50907553224
MNG,national,1995,1431.46092314111
MNG,national,1996,1446.87830772571
MNG,national,1997,1487.64557849719
MNG,national,1998,1522.38979445595
MNG,national,1999,1554.05197183459
MNG,national,2000,1557.43844017552
MNG,national,2001,1589.40371767026
MNG,national,2002,1649.93882429938
MNG,national,2003,1750.19045781054
MNG,national,2004,1919.75715306035
MNG,national,2005,2041.86849401263
MNG,national,2006,2197.6947830343
MNG,national,2007,2400.22509316356
MNG,national,2008,2585.82477848101
MNG,national,2009,2521.5945282286
MNG,national,2010,2646.56167654317
MNG,national,2011,3057.31725486018
MNG,national,2012,3374.43838312918
MNG,national,2013,3697.60133986287
MNG,national,2014,3909.91331954702
MNG,national,2015,3919.35121343969
MNG,national,2016,3892.65220400112
MNG,national,2017,4023.78562311837
MNG,national,2018,4242.30022157508
MNG,national,2019,4385.11167680522
MNG,national,2020,4106.60268340307
MNG,national,2021,4107.18372095123
MNG,national,2022,4249.67501406205
MNG,national,2023,4418.8665194830255
MNG,national,2024,4553.485464738409
MNG,national,2025,4783.158499527047
MNG,national,2026,4975.7212381486715
MNG,national,2027,5177.646872967929
MNG,national,2028,5402.240498727146
MNG,national,2029,5610.659201877823
MNG,national,2030,5827.462827369398
MNP,national,2002,20827.8058048671
MNP,national,2003,21610.3654775378
MNP,national,2004,21739.0461402812
MNP,national,2005,19767.4536015717
MNP,national,2006,19235.4058294113
MNP,national,2007,18806.6229303343
MNP,national,2008,17565.5811849842
MNP,national,2009,15233.9434728666
MNP,national,2010,16294.5109198368
MNP,national,2011,15541.5541554155
MNP,national,2012,15715.743349961
MNP,national,2013,16204.5455998391
MNP,national,2014,16974.2784213627
MNP,national,2015,17665.1007493109
MNP,national,2016,22995.5274095066
MNP,national,2017,28549.3265760963
MNP,national,2018,23242.9254375819
MNP,national,2019,20796.0304233721
MNP,national,2020,14703.5116119755
MOZ,national,1960,271.70118668886073
MOZ,national,1961,273.7566093777599
MOZ,national,1962,286.731465101436
MOZ,national,1963,270.54501142635496
MOZ,national,1964,276.19742382082774
MOZ,national,1965,276.58281557499635
MOZ,national,1966,279.28055785417655
MOZ,national,1967,291.7415579056278
MOZ,national,1968,317.17741368075525
MOZ,national,1969,346.72411483368103
MOZ,national,1970,356.87276436012075
MOZ,national,1971,371.90304277269604
MOZ,national,1972,373.31614587131423
MOZ,national,1973,383.59325931581014
MOZ,national,1974,344.7971560628381
MOZ,national,1975,287.50224860977335
MOZ,national,1976,265.1495268679947
MOZ,national,1977,258.59786704712855
MOZ,national,1978,252.94545465265577
MOZ,national,1979,248.83460927485743
MOZ,national,1980,249.862320619307
MOZ,national,1981,257.251961048681
MOZ,national,1982,234.233109823935
MOZ,national,1983,193.213320213899
MOZ,national,1984,176.832444288449
MOZ,national,1985,175.02535737614
MOZ,national,1986,167.956811363315
MOZ,national,1987,191.829266733543
MOZ,national,1988,207.687748684104
MOZ,national,1989,218.97633148766
MOZ,national,1990,217.577553450925
MOZ,national,1991,223.955735832331
MOZ,national,1992,203.156729119935
MOZ,national,1993,219.205536167812
MOZ,national,1994,222.267205712147
MOZ,national,1995,217.059689238316
MOZ,national,1996,233.033001467804
MOZ,national,1997,253.592202550161
MOZ,national,1998,273.247956294767
MOZ,national,1999,298.229600354859
MOZ,national,2000,293.231895626377
MOZ,national,2001,322.704256828301
MOZ,national,2002,344.927517545918
MOZ,national,2003,360.343788841539
MOZ,national,2004,379.858366403334
MOZ,national,2005,393.510954761018
MOZ,national,2006,421.562874007733
MOZ,national,2007,442.197515842164
MOZ,national,2008,460.387399376419
MOZ,national,2009,474.835717835762
MOZ,national,2010,492.567572391021
MOZ,national,2011,512.456395345933
MOZ,national,2012,536.990103623469
MOZ,national,2013,554.960755897719
MOZ,national,2014,579.642369195999
MOZ,national,2015,603.838513777915
MOZ,national,2016,612.724515323393
MOZ,national,2017,609.673549078088
MOZ,national,2018,612.599059978703
MOZ,national,2019,608.96362492754
MOZ,national,2020,584.314952044537
MOZ,national,2021,581.444271632901
MOZ,national,2022,590.369044294331
MOZ,national,2023,614.2788102446416
MOZ,national,2024,626.9693053123531
MOZ,national,2025,627.6567305718086
MOZ,national,2026,631.749364777126
MOZ,national,2027,636.0577723169546
MOZ,national,2028,643.9898312637613
MOZ,national,2029,685.4292058512336
MOZ,national,2030,744.2482699281059
MRT,national,1960,1069.3454129662032
MRT,national,1961,1235.66200512524
MRT,national,1962,1210.53686125797
MRT,national,1963,1153.51367845002
MRT,national,1964,1431.2487941942
MRT,national,1965,1614.3887838668
MRT,national,1966,1570.81819849104
MRT,national,1967,1578.7676180685
MRT,national,1968,1688.0322742258
MRT,national,1969,1658.18934471457
MRT,national,1970,1801.72693538352
MRT,national,1971,1780.72036366259
MRT,national,1972,1715.71684101768
MRT,national,1973,1589.06244739883
MRT,national,1974,1730.18416592477
MRT,national,1975,1593.35598519987
MRT,national,1976,1679.03251815216
MRT,national,1977,1600.11090941396
MRT,national,1978,1546.73348555147
MRT,national,1979,1574.6094208257
MRT,national,1980,1581.04513707793
MRT,national,1981,1588.16972076704
MRT,national,1982,1505.74384380007
MRT,national,1983,1516.43748927608
MRT,national,1984,1424.81024607589
MRT,national,1985,1424.96641714189
MRT,national,1986,1463.03156256031
MRT,national,1987,1448.08272979866
MRT,national,1988,1430.67634248135
MRT,national,1989,1461.30936371092
MRT,national,1990,1398.94105902159
MRT,national,1991,1382.41789981651
MRT,national,1992,1355.05962864535
MRT,national,1993,1377.22996859419
MRT,national,1994,1290.02397839063
MRT,national,1995,1377.92659152122
MRT,national,1996,1429.00446205312
MRT,national,1997,1340.59313145813
MRT,national,1998,1342.05718848474
MRT,national,1999,1354.13004474105
MRT,national,2000,1265.16042472798
MRT,national,2001,1224.6807669845
MRT,national,2002,1215.2512697343
MRT,national,2003,1271.67511795702
MRT,national,2004,1303.27169193052
MRT,national,2005,1384.01429519465
MRT,national,2006,1601.14283308699
MRT,national,2007,1533.63381372064
MRT,national,2008,1490.81766626765
MRT,national,2009,1452.17875148954
MRT,national,2010,1448.0233220059
MRT,national,2011,1463.59492239454
MRT,national,2012,1481.9780029115
MRT,national,2013,1499.43182393508
MRT,national,2014,1522.75911860633
MRT,national,2015,1562.72683648828
MRT,national,2016,1541.16287756286
MRT,national,2017,1595.23327567391
MRT,national,2018,1628.03885516365
MRT,national,2019,1635.83999676974
MRT,national,2020,1588.36203400464
MRT,national,2021,1559.80984520601
MRT,national,2022,1616.81571400654
MRT,national,2023,1653.6062976338578
MRT,national,2024,1704.0604982181846
MRT,national,2025,1738.5678340710351
MRT,national,2026,1768.1494110352164
MRT,national,2027,1813.799824941413
MRT,national,2028,1889.0807378172883
MRT,national,2029,1933.4816952571073
MRT,national,2030,1909.5064274953158
MUS,national,1960,1457.4290603374955
MUS,national,1961,1741.8863246162878
MUS,national,1962,1705.417444580545
MUS,national,1963,1904.6701436849205
MUS,national,1964,1722.6572787792595
MUS,national,1965,1732.9348722438779
MUS,national,1966,1631.485078689903
MUS,national,1967,1669.2800998178545
MUS,national,1968,1525.7253265862494
MUS,national,1969,1577.4448291823935
MUS,national,1970,1545.6174429693817
MUS,national,1971,1592.6954517427948
MUS,national,1972,1700.1128802117094
MUS,national,1973,1879.1419276599001
MUS,national,1974,2001.8099786892162
MUS,national,1975,1999.1576965047984
MUS,national,1976,2408.27222345122
MUS,national,1977,2524.53954704451
MUS,national,1978,2587.21700199306
MUS,national,1979,2631.98857661803
MUS,national,1980,2327.60106822027
MUS,national,1981,2428.26469050182
MUS,national,1982,2530.62333901935
MUS,national,1983,2517.08019900546
MUS,national,1984,2607.92722113552
MUS,national,1985,2766.59028709953
MUS,national,1986,3012.98937219385
MUS,national,1987,3256.42283642935
MUS,national,1988,3453.72035086726
MUS,national,1989,3580.40595040965
MUS,national,1990,3810.48083308809
MUS,national,1991,3936.7665085183
MUS,national,1992,4138.34644932114
MUS,national,1993,4297.40909221881
MUS,national,1994,4412.9375663223
MUS,national,1995,4562.74692775784
MUS,national,1996,4768.68343568327
MUS,national,1997,4977.19016757315
MUS,national,1998,5224.18419650851
MUS,national,1999,5292.86908859768
MUS,national,2000,5671.0295504201
MUS,national,2001,5814.74834570012
MUS,national,2002,5867.77362995049
MUS,national,2003,6170.64876733851
MUS,national,2004,6397.59346169031
MUS,national,2005,6472.87388554741
MUS,national,2006,6756.22955969517
MUS,national,2007,7110.69493851624
MUS,national,2008,7466.69465771689
MUS,national,2009,7693.76434353874
MUS,national,2010,8011.45517219702
MUS,national,2011,8324.78328337964
MUS,national,2012,8591.96715947096
MUS,national,2013,8859.2121832294
MUS,national,2014,9181.61575362564
MUS,national,2015,9507.87133656424
MUS,national,2016,9868.32716641952
MUS,national,2017,10247.6960577758
MUS,national,2018,10652.4836886859
MUS,national,2019,10956.9450226163
MUS,national,2020,9362.8743588779
MUS,national,2021,9679.12123969385
MUS,national,2022,10570.4954572341
MUS,national,2023,11109.901918915188
MUS,national,2024,11533.186059665832
MUS,national,2025,11929.359258576573
MUS,national,2026,12318.525246234496
MUS,national,2027,12687.916181753737
MUS,national,2028,13096.05503004029
MUS,national,2029,13529.524904510507
MUS,national,2030,13984.495849176537
MWI,national,1960,260.87994774268
MWI,national,1961,274.213401020885
MWI,national,1962,269.436858703596
MWI,national,1963,259.242243651019
MWI,national,1964,259.689247416674
MWI,national,1965,287.925495931121
MWI,national,1966,318.162394862107
MWI,national,1967,332.986693438674
MWI,national,1968,318.597832229659
MWI,national,1969,329.158874403145
MWI,national,1970,322.707560808036
MWI,national,1971,365.7666572312
MWI,national,1972,378.697272141931
MWI,national,1973,377.30933919777
MWI,national,1974,393.518776511879
MWI,national,1975,405.869405076903
MWI,national,1976,413.83028229691803
MWI,national,1977,420.75983668265
MWI,national,1978,446.095141122899
MWI,national,1979,448.687317510485
MWI,national,1980,433.387909977902
MWI,national,1981,394.563594531545
MWI,national,1982,388.676060901976
MWI,national,1983,387.482228800494
MWI,national,1984,392.638568371412
MWI,national,1985,395.181731177596
MWI,national,1986,380.137510334009
MWI,national,1987,368.332869147492
MWI,national,1988,360.120370953364
MWI,national,1989,348.251398600176
MWI,national,1990,354.000743958548
MWI,national,1991,373.477220806742
MWI,national,1992,336.379017499362
MWI,national,1993,363.878939571282
MWI,national,1994,330.660669395191
MWI,national,1995,386.70081365771
MWI,national,1996,407.036655525707
MWI,national,1997,414.349385457249
MWI,national,1998,421.673833120553
MWI,national,1999,424.940383733688
MWI,national,2000,421.819458196975
MWI,national,2001,391.442073444242
MWI,national,2002,388.445924563495
MWI,national,2003,400.300949372115
MWI,national,2004,411.004079534622
MWI,national,2005,412.982043419833
MWI,national,2006,420.438603998222
MWI,national,2007,447.922770233085
MWI,national,2008,468.467374149172
MWI,national,2009,492.948011987358
MWI,national,2010,511.818289897155
MWI,national,2011,521.899796859343
MWI,national,2012,516.963208289501
MWI,national,2013,529.850409820553
MWI,national,2014,544.26379390838
MWI,national,2015,544.276872741836
MWI,national,2016,542.925737032349
MWI,national,2017,549.626301700128
MWI,national,2018,558.560452702602
MWI,national,2019,573.400114038594
MWI,national,2020,562.783038786531
MWI,national,2021,563.361956276702
MWI,national,2022,554.198503457917
MWI,national,2023,547.8430068129363
MWI,national,2024,549.840908035299
MWI,national,2025,546.6797050634952
MWI,national,2026,545.8104802323464
MWI,national,2027,549.3413621238004
MWI,national,2028,558.5255306305394
MWI,national,2029,567.8632436240648
MWI,national,2030,577.3570692376364
MYS,national,1960,1286.1033980531
MYS,national,1961,1342.5160882083
MYS,national,1962,1385.91167457356
MYS,national,1963,1443.38225901037
MYS,national,1964,1476.57399207481
MYS,national,1965,1545.430486204
MYS,national,1966,1621.77253408446
MYS,national,1967,1641.8152995884
MYS,national,1968,1729.6183708124
MYS,national,1969,1770.83036626659
MYS,national,1970,1832.25872549921
MYS,national,1971,1969.11075706527
MYS,national,1972,2104.31351999083
MYS,national,1973,2295.07539224365
MYS,national,1974,2426.22613157934
MYS,national,1975,2386.13883027545
MYS,national,1976,2596.76395871399
MYS,national,1977,2727.36857403262
MYS,national,1978,2833.48683141983
MYS,national,1979,3018.70802068157
MYS,national,1980,3159.74255859329
MYS,national,1981,3292.18344591688
MYS,national,1982,3398.53995309292
MYS,national,1983,3517.08265253516
MYS,national,1984,3688.49859944437
MYS,national,1985,3548.7885866628
MYS,national,1986,3488.76124821439
MYS,national,1987,3561.31609661087
MYS,national,1988,3798.77397225951
MYS,national,1989,4022.30991164431
MYS,national,1990,4260.27993517112
MYS,national,1991,4537.32570233931
MYS,national,1992,4804.6735773951
MYS,national,1993,5135.03157384299
MYS,national,1994,5453.8689572785
MYS,national,1995,5826.87084670636
MYS,national,1996,6238.64859944601
MYS,national,1997,6518.99606810695
MYS,national,1998,5883.79704074829
MYS,national,1999,6089.10667496801
MYS,national,2000,6461.99127331693
MYS,national,2001,6330.62825424567
MYS,national,2002,6506.11792732392
MYS,national,2003,6716.64325815606
MYS,national,2004,7004.13774579999
MYS,national,2005,7209.61711044747
MYS,national,2006,7444.02673539705
MYS,national,2007,7742.57802549995
MYS,national,2008,7948.94761893736
MYS,national,2009,7675.23810293464
MYS,national,2010,8101.4071201944
MYS,national,2011,8393.9629789131
MYS,national,2012,8711.29585407121
MYS,national,2013,8976.5456139839
MYS,national,2014,9369.10215840487
MYS,national,2015,9699.60046342736
MYS,national,2016,9984.16368060234
MYS,national,2017,10416.0416934375
MYS,national,2018,10777.7665213518
MYS,national,2019,11114.5605305734
MYS,national,2020,10382.7274795282
MYS,national,2021,10605.6769579889
MYS,national,2022,11399.397137351
MYS,national,2023,11704.883065694514
MYS,national,2024,12058.688011669394
MYS,national,2025,12382.658906413433
MYS,national,2026,12770.546823478795
MYS,national,2027,13180.511106345466
MYS,national,2028,13565.755276364265
MYS,national,2029,13968.144147341838
MYS,national,2030,14388.61675640559
NAM,national,1960,2749.0419074931506
NAM,national,1961,2710.538333917551
NAM,national,1962,3014.6033193601506
NAM,national,1963,3233.1677223039933
NAM,national,1964,3662.3693218672906
NAM,national,1965,3809.5888678916403
NAM,national,1966,3854.8871897452864
NAM,national,1967,3604.047732480721
NAM,national,1968,3540.630081885616
NAM,national,1969,3568.9415330441448
NAM,national,1970,3490.235698823435
NAM,national,1971,3543.4612270014695
NAM,national,1972,3485.705866638071
NAM,national,1973,3497.596676124653
NAM,national,1974,3616.5047709904743
NAM,national,1975,3563.2792428124403
NAM,national,1976,3482.308492499048
NAM,national,1977,3388.314474652732
NAM,national,1978,3412.6623226490665
NAM,national,1979,3438.708857714913
NAM,national,1980,3563.27924281244
NAM,national,1981,3556.35505280423
NAM,national,1982,3478.34413081431
NAM,national,1983,3323.80065577369
NAM,national,1984,3225.65953103902
NAM,national,1985,3147.80982135135
NAM,national,1986,3196.48716666654
NAM,national,1987,3203.74209241059
NAM,national,1988,3116.10671551088
NAM,national,1989,2976.59314929167
NAM,national,1990,2857.94722416118
NAM,national,1991,2989.54150224173
NAM,national,1992,3103.4701951279
NAM,national,1993,2957.04651770993
NAM,national,1994,2914.36064044365
NAM,national,1995,2939.49124963352
NAM,national,1996,2951.13573509268
NAM,national,1997,2997.24990459949
NAM,national,1998,3019.73594810922
NAM,national,1999,3047.18628517046
NAM,national,2000,3082.7592074118
NAM,national,2001,3056.46768315407
NAM,national,2002,3148.3527749676
NAM,national,2003,3235.74673698855
NAM,national,2004,3587.83872520559
NAM,national,2005,3634.62032588633
NAM,national,2006,3845.28837409643
NAM,national,2007,4001.70898825704
NAM,national,2008,4053.21999889968
NAM,national,2009,4007.48526568225
NAM,national,2010,4186.04214686402
NAM,national,2011,4330.94402948598
NAM,national,2012,4476.41435333873
NAM,national,2013,4648.31715108154
NAM,national,2014,4846.88951171527
NAM,national,2015,4965.67276506551
NAM,national,2016,4880.44503754673
NAM,national,2017,4746.18332934152
NAM,national,2018,4714.45251824565
NAM,national,2019,4596.61957617524
NAM,national,2020,4152.1806478348
NAM,national,2021,4228.78494333727
NAM,national,2022,4483.28301781046
NAM,national,2023,4528.263186107552
NAM,national,2024,4568.74294882463
NAM,national,2025,4605.952113137193
NAM,national,2026,4671.283366263477
NAM,national,2027,4746.890423188134
NAM,national,2028,4802.2398110996055
NAM,national,2029,4862.840538264942
NAM,national,2030,4920.923151788232
NCL,national,2015,32428.5722348241
NER,national,1960,744.02621600334
NER,national,1961,755.159762449184
NER,national,1962,808.424051997014
NER,national,1963,858.811071220495
NER,national,1964,834.968207262409
NER,national,1965,867.084595190819
NER,national,1966,839.138062075477
NER,national,1967,816.342660547613
NER,national,1968,796.533921098468
NER,national,1969,732.115817586243
NER,national,1970,734.014236181446
NER,national,1971,755.106738330834
NER,national,1972,697.307923192326
NER,national,1973,563.220706393943
NER,national,1974,596.469982667742
NER,national,1975,564.290132149212
NER,national,1976,552.677887559207
NER,national,1977,579.126193943342
NER,national,1978,638.414862864068
NER,national,1979,663.842642500309
NER,national,1980,628.031577288307
NER,national,1981,607.901789666341
NER,national,1982,602.36852061826
NER,national,1983,561.794032071644
NER,national,1984,453.414336703526
NER,national,1985,473.883508629726
NER,national,1986,488.968061098026
NER,national,1987,474.773538623254
NER,national,1988,492.206712710677
NER,national,1989,481.988973647819
NER,national,1990,461.215528141783
NER,national,1991,445.149491105674
NER,national,1992,440.139798186444
NER,national,1993,427.845764473459
NER,national,1994,421.998870530666
NER,national,1995,418.244113280615
NER,national,1996,404.804465318393
NER,national,1997,397.505233896642
NER,national,1998,422.620105751624
NER,national,1999,407.554434017867
NER,national,2000,389.077522969398
NER,national,2001,403.176623559323
NER,national,2002,408.571358106071
NER,national,2003,403.064199429663
NER,national,2004,390.424823536521
NER,national,2005,404.280568914713
NER,national,2006,413.05596019196
NER,national,2007,410.803308076903
NER,national,2008,426.605680418062
NER,national,2009,419.173248786553
NER,national,2010,438.463882743882
NER,national,2011,432.297562301741
NER,national,2012,460.032236617561
NER,national,2013,466.33367598761
NER,national,2014,478.855153862414
NER,national,2015,481.111301105002
NER,national,2016,489.43381232354
NER,national,2017,494.635494273661
NER,national,2018,510.595514269487
NER,national,2019,520.934643317948
NER,national,2020,519.696077796015
NER,national,2021,507.710324508007
NER,national,2022,545.412898235706
NER,national,2023,547.2073684804323
NER,national,2024,586.1851287843178
NER,national,2025,607.8933285204388
NER,national,2026,619.0061753960813
NER,national,2027,627.2613376971206
NER,national,2028,641.5103291874705
NER,national,2029,656.2410768385121
NER,national,2030,671.5708382063701
NGA,national,1960,1459.04322824339
NGA,national,1961,1432.28423326939
NGA,national,1962,1460.27752788726
NGA,national,1963,1552.3703374537
NGA,national,1964,1594.74718781614
NGA,national,1965,1636.82016175842
NGA,national,1966,1533.62601315183
NGA,national,1967,1265.2367063961
NGA,national,1968,1223.5318516573
NGA,national,1969,1487.42993643565
NGA,national,1970,1818.95722627621
NGA,national,1971,2031.56210486308
NGA,national,1972,2051.67545368234
NGA,national,1973,2110.38255291636
NGA,national,1974,2286.36476505248
NGA,national,1975,2108.45898832892
NGA,national,1976,2234.86005177182
NGA,national,1977,2300.76688585655
NGA,national,1978,2103.58631612681
NGA,national,1979,2178.57952632535
NGA,national,1980,2201.68780773237
NGA,national,1981,1856.06997557428
NGA,national,1982,1680.3360306177
NGA,national,1983,1459.73768294849
NGA,national,1984,1408.20865387617
NGA,national,1985,1451.36900071753
NGA,national,1986,1414.69762558577
NGA,national,1987,1422.82547674125
NGA,national,1988,1488.17679945872
NGA,national,1989,1477.61194783867
NGA,national,1990,1608.77956097809
NGA,national,1991,1573.70224784136
NGA,national,1992,1605.54813640308
NGA,national,1993,1533.18368552056
NGA,national,1994,1467.09192119281
NGA,national,1995,1429.01207194663
NGA,national,1996,1451.81957164531
NGA,national,1997,1457.22789628083
NGA,national,1998,1457.70110954277
NGA,national,1999,1429.40559246409
NGA,national,2000,1462.53599651572
NGA,national,2001,1508.55359010266
NGA,national,2002,1693.74572675905
NGA,national,2003,1769.88223743289
NGA,national,2004,1882.1819862634
NGA,national,2005,1950.12236810153
NGA,national,2006,2013.27401094831
NGA,national,2007,2088.60443004583
NGA,national,2008,2170.05881613981
NGA,national,2009,2281.38634618286
NGA,national,2010,2397.32354525449
NGA,national,2011,2455.7464935376
NGA,national,2012,2490.21311115351
NGA,national,2013,2585.64719625123
NGA,national,2014,2677.49358113967
NGA,national,2015,2679.5542234874
NGA,national,2016,2570.95975900419
NGA,national,2017,2526.99960987237
NGA,national,2018,2512.08047529121
NGA,national,2019,2505.46223905246
NGA,national,2020,2401.1834151547
NGA,national,2021,2429.58529026503
NGA,national,2022,2449.58798087473
NGA,national,2023,2458.2423677462616
NGA,national,2024,2472.012045500572
NGA,national,2025,2508.730387891933
NGA,national,2026,2548.927669530449
NGA,national,2027,2593.6861639415715
NGA,national,2028,2614.8565192947076
NGA,national,2029,2641.8749295830803
NGA,national,2030,2669.8435797182256
NIC,national,1960,1665.42261636082
NIC,national,1961,1736.96430484788
NIC,national,1962,1868.5749954514
NIC,national,1963,2009.56285777389
NIC,national,1964,2177.13637835691
NIC,national,1965,2312.25230299352
NIC,national,1966,2315.36349827636
NIC,national,1967,2399.72111169455
NIC,national,1968,2355.21142949955
NIC,national,1969,2422.47468963293
NIC,national,1970,2376.80310662576
NIC,national,1971,2376.87801704706
NIC,national,1972,2357.14020105273
NIC,national,1973,2434.00405915015
NIC,national,1974,2692.66462060899
NIC,national,1975,2605.50521790515
NIC,national,1976,2657.54111225617
NIC,national,1977,2793.47664213197
NIC,national,1978,2500.5518463421
NIC,national,1979,1789.3812779083
NIC,national,1980,1821.46980690581
NIC,national,1981,1865.86711990529
NIC,national,1982,1800.68601333633
NIC,national,1983,1835.03840801923
NIC,national,1984,1762.11163986662
NIC,national,1985,1650.41983598949
NIC,national,1986,1595.89251480381
NIC,national,1987,1548.65914521259
NIC,national,1988,1324.98441957628
NIC,national,1989,1271.63676496714
NIC,national,1990,1241.39622348921
NIC,national,1991,1210.56521341303
NIC,national,1992,1187.82467949717
NIC,national,1993,1157.14616661414
NIC,national,1994,1170.28497297861
NIC,national,1995,1214.09625193491
NIC,national,1996,1266.85162521674
NIC,national,1997,1294.6210820735
NIC,national,1998,1321.46119290331
NIC,national,1999,1393.34047714592
NIC,national,2000,1429.72439814782
NIC,national,2001,1452.34237804143
NIC,national,2002,1444.8606459424
NIC,national,2003,1463.45646012443
NIC,national,2004,1523.12506420112
NIC,national,2005,1568.4178896373
NIC,national,2006,1611.36243015708
NIC,national,2007,1669.72254669684
NIC,national,2008,1702.71985331975
NIC,national,2009,1622.98577411688
NIC,national,2010,1669.94196071822
NIC,national,2011,1749.50147681785
NIC,national,2012,1835.94455269999
NIC,national,2013,1898.45205160921
NIC,national,2014,1960.68494101726
NIC,national,2015,2025.32143224265
NIC,national,2016,2087.69341684857
NIC,national,2017,2153.59760576083
NIC,national,2018,2052.14140413641
NIC,national,2019,1965.27225005465
NIC,national,2020,1904.27888558464
NIC,national,2021,2072.28156848634
NIC,national,2022,2119.72620568009
NIC,national,2023,2161.3088113292147
NIC,national,2024,2209.451989595531
NIC,national,2025,2254.787679733742
NIC,national,2026,2299.716301701232
NIC,national,2027,2346.3841042536424
NIC,national,2028,2400.5634178104215
NIC,national,2029,2455.9937498381073
NIC,national,2030,2512.704035614331
NLD,national,1960,14276.8700623396
NLD,national,1961,14131.9601777754
NLD,national,1962,14885.5239013739
NLD,national,1963,15218.4581936088
NLD,national,1964,16258.8023709137
NLD,national,1965,17423.2548724934
NLD,national,1966,17668.7259509897
NLD,national,1967,18392.0436779347
NLD,national,1968,19369.888243145
NLD,national,1969,20377.9237628864
NLD,national,1970,21362.8476594376
NLD,national,1971,22021.6476367213
NLD,national,1972,22570.480652863
NLD,national,1973,23603.1814835262
NLD,national,1974,24224.2438208069
NLD,national,1975,24009.7580066512
NLD,national,1976,24883.6038328871
NLD,national,1977,25359.5365872642
NLD,national,1978,25883.5490958627
NLD,national,1979,26223.246165217
NLD,national,1980,26365.6719647464
NLD,national,1981,25980.218223968
NLD,national,1982,25540.479624977
NLD,national,1983,25970.4838777274
NLD,national,1984,26659.5857351025
NLD,national,1985,27220.2194444849
NLD,national,1986,27823.9996673834
NLD,national,1987,28181.9596469492
NLD,national,1988,28964.021267438002
NLD,national,1989,30063.370768457
NLD,national,1990,31106.0519601296
NLD,national,1991,31614.6528926889
NLD,national,1992,31911.8353719116
NLD,national,1993,32088.7065995431
NLD,national,1994,32840.2781037327
NLD,national,1995,33696.7438281983
NLD,national,1996,34715.1616306125
NLD,national,1997,36032.0402458477
NLD,national,1998,37480.7094477732
NLD,national,1999,39106.3881617199
NLD,national,2000,40456.9422374474
NLD,national,2001,41087.042173269
NLD,national,2002,40914.3255026768
NLD,national,2003,40785.1222216206
NLD,national,2004,41450.4042697266
NLD,national,2005,42201.7754133082
NLD,national,2006,43592.3027449221
NLD,national,2007,45138.678436798
NLD,national,2008,45939.1481987846
NLD,national,2009,44027.6025577706
NLD,national,2010,44390.5044098134
NLD,national,2011,44869.3129413094
NLD,national,2012,44242.9735261304
NLD,national,2013,44055.3042590473
NLD,national,2014,44521.8945390276
NLD,national,2015,45193.4032187971
NLD,national,2016,45938.7850440865
NLD,national,2017,46997.3454541962
NLD,national,2018,47826.8191172843
NLD,national,2019,48443.7320540283
NLD,national,2020,46303.21886247
NLD,national,2021,48913.5189902522
NLD,national,2022,50546.7893728169
NLD,national,2023,50538.62100618617
NLD,national,2024,50918.26440981885
NLD,national,2025,50989.94399570625
NLD,national,2026,51261.295452109094
NLD,national,2027,51767.3356782012
NLD,national,2028,52243.78407062527
NLD,national,2029,52707.57164442481
NLD,national,2030,53148.800773228126
NOR,national,1960,19134.0598784469
NOR,national,1961,20173.5163715661
NOR,national,1962,20575.2206122982
NOR,national,1963,21193.1478424163
NOR,national,1964,22087.3701871548
NOR,national,1965,23074.7568949709
NOR,national,1966,23758.0469556874
NOR,national,1967,25034.0716077623
NOR,national,1968,25385.5198473641
NOR,national,1969,26313.7773973959
NOR,national,1970,26735.8304095216
NOR,national,1971,28055.2761671794
NOR,national,1972,29325.6487853574
NOR,national,1973,30441.2763811072
NOR,national,1974,31439.5969962052
NOR,national,1975,32814.9157097687
NOR,national,1976,34564.0686876912
NOR,national,1977,35850.3348649494
NOR,national,1978,37095.6138644061
NOR,national,1979,38585.9873612669
NOR,national,1980,40217.748173408
NOR,national,1981,40720.2148104905
NOR,national,1982,40666.4051195008
NOR,national,1983,42142.3366571342
NOR,national,1984,44567.0046807654
NOR,national,1985,46901.3242898955
NOR,national,1986,48623.3846873713
NOR,national,1987,49244.9631981733
NOR,national,1988,48855.8114061805
NOR,national,1989,49159.7036154895
NOR,national,1990,49937.4557760277
NOR,national,1991,51233.0361138797
NOR,national,1992,52758.9452456296
NOR,national,1993,53938.0213173081
NOR,national,1994,56343.0105413415
NOR,national,1995,58380.5400198046
NOR,national,1996,61005.8800438647
NOR,national,1997,63882.4765007626
NOR,national,1998,65197.9463149391
NOR,national,1999,66094.7354617269
NOR,national,2000,67846.5968530147
NOR,national,2001,68899.5269042015
NOR,national,2002,69472.9836723066
NOR,national,2003,69719.312268163
NOR,national,2004,72090.9862919578
NOR,national,2005,73524.2549173583
NOR,national,2006,74729.7366063199
NOR,national,2007,76115.7066720983
NOR,national,2008,75535.2117892008
NOR,national,2009,73141.3073422967
NOR,national,2010,72804.3956195341
NOR,national,2011,72660.6754085214
NOR,national,2012,73661.6785918009
NOR,national,2013,73515.9144885958
NOR,national,2014,74180.323865677
NOR,national,2015,74809.9658049898
NOR,national,2016,75017.4944737055
NOR,national,2017,76247.4116556881
NOR,national,2018,76373.6241145297
NOR,national,2019,76712.2871258373
NOR,national,2020,75287.2059530897
NOR,national,2021,77812.7115682103
NOR,national,2022,79442.533445361
NOR,national,2023,80771.82360574813
NOR,national,2024,81493.71343478937
NOR,national,2025,81369.82618636478
NOR,national,2026,82167.93411972284
NOR,national,2027,82901.26366336082
NOR,national,2028,83464.03314668196
NOR,national,2029,84015.22810253725
NOR,national,2030,84570.3086407473
NPL,national,1960,325.68434323317274
NPL,national,1961,325.52301334626736
NPL,national,1962,325.23483944269117
NPL,national,1963,333.1330586330257
NPL,national,1964,337.42602150884886
NPL,national,1965,338.88029346117366
NPL,national,1966,341.6451336466429
NPL,national,1967,332.5854491585736
NPL,national,1968,333.345710888971
NPL,national,1969,337.8721780263123
NPL,national,1970,333.35165016862436
NPL,national,1971,328.7270779262424
NPL,national,1972,326.39545011178393
NPL,national,1973,327.8405203165603
NPL,national,1974,333.7576779183113
NPL,national,1975,335.77434136489205
NPL,national,1976,340.8176880322073
NPL,national,1977,345.41052993351747
NPL,national,1978,349.1818117397058
NPL,national,1979,341.8139295435602
NPL,national,1980,342.19650078436064
NPL,national,1981,354.90816931763266
NPL,national,1982,348.83961101384034
NPL,national,1983,349.876608882568
NPL,national,1984,369.0938434449292
NPL,national,1985,380.29555327828086
NPL,national,1986,384.0319821104996
NPL,national,1987,392.6831407472705
NPL,national,1988,407.62723888656944
NPL,national,1989,416.0464690441943
NPL,national,1990,427.8455394651053
NPL,national,1991,438.590775537278
NPL,national,1992,443.70678059203937
NPL,national,1993,457.84375865344373
NPL,national,1994,473.6688221524388
NPL,national,1995,483.31912725207053
NPL,national,1996,497.99395832421095
NPL,national,1997,508.21503213140073
NPL,national,1998,516.9849528352447
NPL,national,1999,534.53968117122
NPL,national,2000,554.858328955828
NPL,national,2001,560.5118846110893
NPL,national,2002,562.8650888571162
NPL,national,2003,579.3608190700993
NPL,national,2004,596.226679552452
NPL,national,2005,610.5966873494133
NPL,national,2006,626.16094794539
NPL,national,2007,650.9778002307665
NPL,national,2008,681.8490975715433
NPL,national,2009,709.973283330756
NPL,national,2010,736.2075397080891
NPL,national,2011,763.3128088778487
NPL,national,2012,793.1406674188452
NPL,national,2013,828.4108944683524
NPL,national,2014,866.6304520013421
NPL,national,2015,880.3854825639792
NPL,national,2016,909.5413915906609
NPL,national,2017,974.0454299968205
NPL,national,2018,1031.9812408371597
NPL,national,2019,1041.4296144142393
NPL,national,2020,1029.6051240382922
NPL,national,2021,1061.496606016348
NPL,national,2022,1106.0392558636295
NPL,national,2023,1099.6198980458644
NPL,national,2024,1138.9299391832124
NPL,national,2025,1194.9258874929906
NPL,national,2026,1257.777448915653
NPL,national,2027,1306.227670167718
NPL,national,2028,1356.0683935830016
NPL,national,2029,1407.7860879393502
NPL,national,2030,1461.4694665334562
NRU,national,2004,4026.6999460626002
NRU,national,2005,3705.28078629646
NRU,national,2006,3425.58406422287
NRU,national,2007,4387.186213207215
NRU,national,2008,5304.92147088236
NRU,national,2009,5098.289510864075
NRU,national,2010,5292.108701752325
NRU,national,2011,6339.934956300585
NRU,national,2012,7225.6320451213105
NRU,national,2013,7761.681909528659
NRU,national,2014,7904.927342992055
NRU,national,2015,7800.469726249605
NRU,national,2016,7675.39563636083
NRU,national,2017,7547.333316262465
NRU,national,2018,8005.83509234468
NRU,national,2019,8365.058623163994
NRU,national,2020,8545.27611355429
NRU,national,2021,8628.153276491536
NRU,national,2022,8621.959139584687
NRU,national,2023,8498.374465178584
NRU,national,2024,8446.306457194705
NRU,national,2025,8509.0014507545
NRU,national,2026,8565.482777977766
NRU,national,2027,8543.181283582784
NRU,national,2028,8529.171025001762
NRU,national,2029,8513.071847937717
NRU,national,2030,8496.801597768672
NZL,national,1960,17732.589712012126
NZL,national,1961,18256.79830295515
NZL,national,1962,18230.940480083522
NZL,national,1963,18981.992698945836
NZL,national,1964,19517.9548457396
NZL,national,1965,20381.841200769024
NZL,national,1966,21286.865001276037
NZL,national,1967,20012.77954705577
NZL,national,1968,19756.55202950963
NZL,national,1969,21565.424274938585
NZL,national,1970,20962.466859795597
NZL,national,1971,21687.661255786283
NZL,national,1972,22201.29164646364
NZL,national,1973,23276.74200680639
NZL,national,1974,24128.874805985073
NZL,national,1975,23397.803632069015
NZL,national,1976,23696.343950677823
NZL,national,1977,22461.045230765
NZL,national,1978,22525.3788451245
NZL,national,1979,23109.4133464936
NZL,national,1980,23376.8720119723
NZL,national,1981,24371.2686827039
NZL,national,1982,24354.6796662018
NZL,national,1983,24864.6870451289
NZL,national,1984,25831.9128651353
NZL,national,1985,26087.5069681525
NZL,national,1986,26799.9442464667
NZL,national,1987,26827.9058976889
NZL,national,1988,26659.7448534606
NZL,national,1989,26574.8967962243
NZL,national,1990,26371.0033166896
NZL,national,1991,24849.7440765574
NZL,national,1992,24861.2171393775
NZL,national,1993,26150.3483308415
NZL,national,1994,27126.0725917477
NZL,national,1995,27994.0370119089
NZL,national,1996,28550.7536660054
NZL,national,1997,28764.4002006833
NZL,national,1998,28755.2384481844
NZL,national,1999,30142.1282307149
NZL,national,2000,30825.9567973652
NZL,national,2001,31690.0970064239
NZL,national,2002,32612.4712116485
NZL,national,2003,33487.0922497671
NZL,national,2004,34342.1536966089
NZL,national,2005,35095.3631606728
NZL,national,2006,35640.3844578991
NZL,national,2007,36391.8965409593
NZL,national,2008,35647.4675995393
NZL,national,2009,35253.3134781052
NZL,national,2010,35374.9254223476
NZL,national,2011,35886.1372597202
NZL,national,2012,36501.1838580464
NZL,national,2013,37223.3066448715
NZL,national,2014,38005.28193021
NZL,national,2015,38630.7265886928
NZL,national,2016,39208.7676333129
NZL,national,2017,39751.6136157315
NZL,national,2018,40422.3457941784
NZL,national,2019,40757.3681518166
NZL,national,2020,39607.8789270066
NZL,national,2021,41481.9867434011
NZL,national,2022,42558.9362858988
NZL,national,2023,42508.45508988618
NZL,national,2024,42513.31946567054
NZL,national,2025,42907.14150701147
NZL,national,2026,43750.412164112524
NZL,national,2027,44456.4819096081
NZL,national,2028,44817.78231211778
NZL,national,2029,45162.92408507584
NZL,national,2030,45492.141866741345
OMN,national,1960,2386.0428866654283
OMN,national,1961,2355.616836432782
OMN,national,1962,2767.1692001059464
OMN,national,1963,2815.21033205223
OMN,national,1964,2744.7500051976804
OMN,national,1965,2687.10064686214
OMN,national,1966,2763.06242547018
OMN,national,1967,4485.64933001569
OMN,national,1968,7962.52556881615
OMN,national,1969,9757.97212474521
OMN,national,1970,10830.4928108572
OMN,national,1971,10640.4620881216
OMN,national,1972,11368.3322237998
OMN,national,1973,9473.13975887652
OMN,national,1974,10197.4363432232
OMN,national,1975,12164.8593801276
OMN,national,1976,14007.1763720067
OMN,national,1977,13461.4808112367
OMN,national,1978,12302.0227960089
OMN,national,1979,12160.7475639096
OMN,national,1980,12208.9323516678
OMN,national,1981,13517.4875872824
OMN,national,1982,14251.0264498171
OMN,national,1983,15710.7832039243
OMN,national,1984,17347.2757963642
OMN,national,1985,18608.2608594833
OMN,national,1986,17795.293837792
OMN,national,1987,16175.5052242905
OMN,national,1988,16189.1304498526
OMN,national,1989,17138.086185099
OMN,national,1990,16255.5858661614
OMN,national,1991,16418.084459614
OMN,national,1992,16992.1872646587
OMN,national,1993,17265.5024151856
OMN,national,1994,17415.1535578104
OMN,national,1995,17957.1559095691
OMN,national,1996,18191.9220184326
OMN,national,1997,18983.4732719427
OMN,national,1998,19193.2909672947
OMN,national,1999,18983.1838884442
OMN,national,2000,19953.6751804852
OMN,national,2001,20581.2636060941
OMN,national,2002,20109.0545563731
OMN,national,2003,19347.5235160853
OMN,national,2004,19301.8067105688
OMN,national,2005,19418.0150470802
OMN,national,2006,20097.9004025076
OMN,national,2007,20629.8433742336
OMN,national,2008,21939.8474441524
OMN,national,2009,22879.5051595214
OMN,national,2010,21782.7993849554
OMN,national,2011,20142.1570523789
OMN,national,2012,19888.7538617435
OMN,national,2013,19387.0827691562
OMN,national,2014,18694.3109518924
OMN,national,2015,18777.4330589162
OMN,national,2016,18799.808451388
OMN,national,2017,18260.005074704
OMN,national,2018,18256.6531453301
OMN,national,2019,18044.2704535008
OMN,national,2020,17662.242841682
OMN,national,2021,18300.7619953758
OMN,national,2022,18856.8752373478
OMN,national,2023,18487.48805708396
OMN,national,2024,18393.01680963552
OMN,national,2025,18209.890565357182
OMN,national,2026,18295.09444846666
OMN,national,2027,18562.497122303572
OMN,national,2028,18719.50506205678
OMN,national,2029,18833.826651909185
OMN,national,2030,18947.44329699503
PAK,national,1960,418.950927619794
PAK,national,1961,430.6090389939495
PAK,national,1962,448.39739244859504
PAK,national,1963,473.168349516738
PAK,national,1964,503.2079215504675
PAK,national,1965,529.8637028483474
PAK,national,1966,545.028346042194
PAK,national,1967,564.2145824815016
PAK,national,1968,583.9876862026505
PAK,national,1969,616.2975801886926
PAK,national,1970,634.0208107060115
PAK,national,1971,621.427649955641
PAK,national,1972,628.373252125657
PAK,national,1973,643.0128739628125
PAK,national,1974,648.835422054264
PAK,national,1975,659.206522900079
PAK,national,1976,668.2903562036186
PAK,national,1977,686.4934721349545
PAK,national,1978,703.033826263153
PAK,national,1979,724.386642377458
PAK,national,1980,756.973548710977
PAK,national,1981,777.6253431901515
PAK,national,1982,797.8257844184304
PAK,national,1983,816.759471130644
PAK,national,1984,841.086132656822
PAK,national,1985,866.0100073253905
PAK,national,1986,885.868908773126
PAK,national,1987,915.4539447656196
PAK,national,1988,939.9566392070456
PAK,national,1989,951.9268825241455
PAK,national,1990,965.2318591532189
PAK,national,1991,997.390330971621
PAK,national,1992,1017.160400078985
PAK,national,1993,1016.904171543315
PAK,national,1994,1030.54331402492
PAK,national,1995,1049.135753748415
PAK,national,1996,1047.86470718513
PAK,national,1997,1035.81451568503
PAK,national,1998,1037.703095633895
PAK,national,1999,1047.263834753405
PAK,national,2000,1055.612660043925
PAK,national,2001,1058.5007907844
PAK,national,2002,1075.290902490385
PAK,national,2003,1121.54082349122
PAK,national,2004,1179.98084980173
PAK,national,2005,1231.94428889254
PAK,national,2006,1269.21466920363
PAK,national,2007,1282.70501359733
PAK,national,2008,1289.826597901325
PAK,national,2009,1292.5404960535202
PAK,national,2010,1291.062878097775
PAK,national,2011,1302.22349498017
PAK,national,2012,1328.11314395591
PAK,national,2013,1364.191741546585
PAK,national,2014,1401.96474000049
PAK,national,2015,1459.50200032065
PAK,national,2016,1520.036396708615
PAK,national,2017,1577.869711879185
PAK,national,2018,1619.792110093655
PAK,national,2019,1602.589250217285
PAK,national,2020,1614.56115336784
PAK,national,2021,1673.324597597475
PAK,national,2022,1740.7448294386213
PAK,national,2023,1698.6110218609995
PAK,national,2024,1707.053132668902
PAK,national,2025,1729.3689483480332
PAK,national,2026,1758.3273939488024
PAK,national,2027,1795.5090237044462
PAK,national,2028,1840.521677223909
PAK,national,2029,1886.662780812286
PAK,national,2030,1933.9606224422191
PAN,national,1960,2723.05976869893
PAN,national,1961,2932.53470779276
PAN,national,1962,3080.2304648007
PAN,national,1963,3243.00173836905
PAN,national,1964,3285.00009349752
PAN,national,1965,3478.93662919316
PAN,national,1966,3632.09276390322
PAN,national,1967,3827.64142411106
PAN,national,1968,3976.97169816836
PAN,national,1969,4190.64380805425
PAN,national,1970,4357.4570662745
PAN,national,1971,4645.09387293659
PAN,national,1972,4725.88751146532
PAN,national,1973,4846.53860372483
PAN,national,1974,4835.69569994703
PAN,national,1975,4794.53585157746
PAN,national,1976,4753.34342714306
PAN,national,1977,4689.08620028612
PAN,national,1978,5026.50117250072
PAN,national,1979,5131.15178677319
PAN,national,1980,5668.59684515668
PAN,national,1981,6048.00768155606
PAN,national,1982,6224.940751145
PAN,national,1983,5808.65097640459
PAN,national,1984,5829.69466015134
PAN,national,1985,5980.01055662814
PAN,national,1986,6055.83755259643
PAN,national,1987,5816.15976017537
PAN,national,1988,4929.41038160587
PAN,national,1989,4900.56550685503
PAN,national,1990,5186.25056858445
PAN,national,1991,5556.63319306664
PAN,national,1992,5889.18003393462
PAN,national,1993,6083.96584340369
PAN,national,1994,6130.67268807774
PAN,national,1995,6112.47279651785
PAN,national,1996,6234.36133039117
PAN,national,1997,6504.8275516759
PAN,national,1998,6843.98684217942
PAN,national,1999,6972.06009434915
PAN,national,2000,7021.54643625155
PAN,national,2001,6925.07865747694
PAN,national,2002,6943.42606040676
PAN,national,2003,7097.57755878524
PAN,national,2004,7486.27675100538
PAN,national,2005,7872.78549577504
PAN,national,2006,8394.74580907636
PAN,national,2007,9228.07256961336
PAN,national,2008,9952.91684092748
PAN,national,2009,9895.25478264183
PAN,national,2010,10286.2031072243
PAN,national,2011,11248.0034066621
PAN,national,2012,12130.2286354315
PAN,national,2013,12741.3804474508
PAN,national,2014,13155.4536690823
PAN,national,2015,13669.5594424097
PAN,national,2016,14099.9363298872
PAN,national,2017,14634.8425091306
PAN,national,2018,14922.129988894
PAN,national,2019,15166.8809024504
PAN,national,2020,12307.2592047015
PAN,national,2021,14069.8794147746
PAN,national,2022,15388.0558648904
PAN,national,2023,16101.043154875882
PAN,national,2024,16534.513674453985
PAN,national,2025,16905.025935228838
PAN,national,2026,17340.563338128424
PAN,national,2027,17867.863754352522
PAN,national,2028,18359.730718743198
PAN,national,2029,18865.138046919074
PAN,national,2030,19619.744040424284
PER,national,1960,2704.87994780643
PER,national,1961,2818.84445550235
PER,national,1962,3011.4785302782
PER,national,1963,3051.18956317013
PER,national,1964,3157.32150059614
PER,national,1965,3238.78330911932
PER,national,1966,3405.49375159797
PER,national,1967,3436.48915503611
PER,national,1968,3344.81342419882
PER,national,1969,3365.28687850874
PER,national,1970,3389.14133066545
PER,national,1971,3455.64511302868
PER,national,1972,3480.62707079579
PER,national,1973,3602.72450071432
PER,national,1974,3840.82357347107
PER,national,1975,3906.3068717365
PER,national,1976,3866.35717439433
PER,national,1977,3784.72580148094
PER,national,1978,3593.06040492706
PER,national,1979,3647.80848013123
PER,national,1980,3768.89814235543
PER,national,1981,3880.55217112364
PER,national,1982,3778.76364952553
PER,national,1983,3304.09172363657
PER,national,1984,3341.88383839068
PER,national,1985,3331.14374103923
PER,national,1986,3561.8331536280202
PER,national,1987,3820.73901747426
PER,national,1988,3382.70175770593
PER,national,1989,2900.30994256905
PER,national,1990,2695.37350423999
PER,national,1991,2697.3728270652
PER,national,1992,2628.75362634299
PER,national,1993,2711.69116323028
PER,national,1994,2985.85346468487
PER,national,1995,3146.04513748962
PER,national,1996,3174.60050957258
PER,national,1997,3319.1693974849
PER,national,1998,3248.18481396883
PER,national,1999,3242.23915170676
PER,national,2000,3279.35542986708
PER,national,2001,3255.59027835568
PER,national,2002,3392.99475052571
PER,national,2003,3497.35791425681
PER,national,2004,3635.15773870114
PER,national,2005,3828.85272923973
PER,national,2006,4083.20521094216
PER,national,2007,4397.05114700703
PER,national,2008,4764.07050170128
PER,national,2009,4782.54980811942
PER,national,2010,5142.01436640952
PER,national,2011,5421.33424796172
PER,national,2012,5701.60432063189
PER,national,2013,5977.18268761459
PER,national,2014,6056.03375673421
PER,national,2015,6180.11926810233
PER,national,2016,6337.5804925458
PER,national,2017,6400.03823201922
PER,national,2018,6530.42299765457
PER,national,2019,6550.44801531118
PER,national,2020,5754.31060852027
PER,national,2021,6446.89373888097
PER,national,2022,6554.96105928135
PER,national,2023,6563.398389136947
PER,national,2024,6676.698231391976
PER,national,2025,6799.026720084864
PER,national,2026,6900.057877485973
PER,national,2027,7005.996743098114
PER,national,2028,7110.065829441159
PER,national,2029,7215.989613569872
PER,national,2030,7322.8825716640795
PHL,national,1960,1100.31089688604
PHL,national,1961,1129.06968027959
PHL,national,1962,1150.70595442733
PHL,national,1963,1197.41800591242
PHL,national,1964,1204.29674263681
PHL,national,1965,1234.29100236603
PHL,national,1966,1254.71563840565
PHL,national,1967,1285.45880830171
PHL,national,1968,1314.96657233712
PHL,national,1969,1341.45089545043
PHL,national,1970,1355.37220144668
PHL,national,1971,1391.75064594136
PHL,national,1972,1430.44307152316
PHL,national,1973,1517.79469985253
PHL,national,1974,1532.08002555459
PHL,national,1975,1577.25381203935
PHL,national,1976,1673.09191125583
PHL,national,1977,1719.7966736879
PHL,national,1978,1760.0457096763
PHL,national,1979,1808.73118158426
PHL,national,1980,1853.07357868027
PHL,national,1981,1867.89068083206
PHL,national,1982,1889.09120873345
PHL,national,1983,1877.70002149189
PHL,national,1984,1703.27307775416
PHL,national,1985,1548.89650868352
PHL,national,1986,1566.20801818646
PHL,national,1987,1597.36206460705
PHL,national,1988,1665.44515032588
PHL,national,1989,1728.09940667002
PHL,national,1990,1739.94518671625
PHL,national,1991,1691.65793105366
PHL,national,1992,1659.14491755225
PHL,national,1993,1655.84267979876
PHL,national,1994,1688.2324838968
PHL,national,1995,1725.5023808074
PHL,national,1996,1782.99444097674
PHL,national,1997,1829.71862018506
PHL,national,1998,1776.98454210796
PHL,national,1999,1794.12979092994
PHL,national,2000,1831.69920764816
PHL,national,2001,1848.01493812054
PHL,national,2002,1877.56165295031
PHL,national,2003,1933.6479796641
PHL,national,2004,2020.12970025553
PHL,national,2005,2079.33182909941
PHL,national,2006,2149.00626733381
PHL,national,2007,2246.68988734011
PHL,national,2008,2300.85610511211
PHL,national,2009,2291.62275958927
PHL,national,2010,2415.78357525384
PHL,national,2011,2464.68434755026
PHL,national,2012,2589.13439733684
PHL,national,2013,2717.67977655782
PHL,national,2014,2843.84360391676
PHL,national,2015,2974.29691673713
PHL,national,2016,3130.91064086023
PHL,national,2017,3289.47226809885
PHL,national,2018,3439.10052334951
PHL,national,2019,3589.61363648629
PHL,national,2020,3195.53888262264
PHL,national,2021,3328.04235518579
PHL,national,2022,3527.98115242547
PHL,national,2023,3672.156235549294
PHL,national,2024,3844.7892772690657
PHL,national,2025,4015.8627801478574
PHL,national,2026,4199.011796333353
PHL,national,2027,4395.16812851765
PHL,national,2028,4619.379723686514
PHL,national,2029,4857.9078351344015
PHL,national,2030,5109.523254039621
PLW,national,2000,11559.8564523739
PLW,national,2001,12167.646853401351
PLW,national,2002,12374.4082513135
PLW,national,2003,12197.802215108099
PLW,national,2004,12761.5631252841
PLW,national,2005,13196.290555006624
PLW,national,2006,13373.751194264802
PLW,national,2007,13553.852012432473
PLW,national,2008,12922.406959411052
PLW,national,2009,12464.3681828303
PLW,national,2010,12894.7717883805
PLW,national,2011,13808.274263202624
PLW,national,2012,14058.36012338945
PLW,national,2013,13998.73105461825
PLW,national,2014,14931.411138998625
PLW,national,2015,15753.21653789695
PLW,national,2016,15563.94859599385
PLW,national,2017,15116.806784843498
PLW,national,2018,15255.298191019876
PLW,national,2019,14946.00473503545
PLW,national,2020,13559.16543848975
PLW,national,2021,11712.239928509458
PLW,national,2022,11477.703628554476
PLW,national,2023,11570.214702241883
PLW,national,2024,13013.510700268918
PLW,national,2025,14158.27698909206
PLW,national,2026,14694.582285004604
PLW,national,2027,15134.252077962628
PLW,national,2028,15539.72682570586
PLW,national,2029,15942.092667899531
PLW,national,2030,16347.831520550782
PNG,national,1960,1318.80271009152
PNG,national,1961,1365.92072788399
PNG,national,1962,1420.2711157385
PNG,national,1963,1445.72046146625
PNG,national,1964,1536.29747073628
PNG,national,1965,1658.39865811327
PNG,national,1966,1716.71851385123
PNG,national,1967,1747.24654500166
PNG,national,1968,1782.95777486177
PNG,national,1969,1886.34336446774
PNG,national,1970,2042.03928199741
PNG,national,1971,2119.2851989961
PNG,national,1972,2186.24554595504
PNG,national,1973,2275.43785312075
PNG,national,1974,2282.58737926688
PNG,national,1975,2212.99468653368
PNG,national,1976,2092.06040310189
PNG,national,1977,2064.88829088597
PNG,national,1978,2194.76774396778
PNG,national,1979,2189.21366753454
PNG,national,1980,2095.466104723
PNG,national,1981,2047.31720122469
PNG,national,1982,2012.50872725957
PNG,national,1983,2034.35659311998
PNG,national,1984,1984.61576237717
PNG,national,1985,2020.23212031088
PNG,national,1986,2069.81291247631
PNG,national,1987,2081.41150218863
PNG,national,1988,2095.79872103256
PNG,national,1989,2019.68819913123
PNG,national,1990,1907.73373372294
PNG,national,1991,2023.8718539746
PNG,national,1992,2223.0313785596
PNG,national,1993,2532.80405783376
PNG,national,1994,2586.80043813728
PNG,national,1995,2411.85775031466
PNG,national,1996,2506.38154170085
PNG,national,1997,2323.77345237781
PNG,national,1998,2158.56047644346
PNG,national,1999,2123.18665799899
PNG,national,2000,1999.96936815413
PNG,national,2001,1930.87388641118
PNG,national,2002,1864.30219811136
PNG,national,2003,1842.61299167303
PNG,national,2004,1831.9435893979
PNG,national,2005,1886.52754878296
PNG,national,2006,1926.51327666388
PNG,national,2007,2013.19604224913
PNG,national,2008,1946.22852210304
PNG,national,2009,2016.18464007277
PNG,national,2010,2154.69445464368
PNG,national,2011,2116.22445966043
PNG,national,2012,2154.09993823073
PNG,national,2013,2177.0706517797
PNG,national,2014,2408.10830595741
PNG,national,2015,2502.07344498028
PNG,national,2016,2575.06751204141
PNG,national,2017,2603.01503310235
PNG,national,2018,2536.0831879568
PNG,national,2019,2590.49392420181
PNG,national,2020,2455.14534207974
PNG,national,2021,2387.06950155414
PNG,national,2022,2462.5490906188
PNG,national,2023,2485.779083093311
PNG,national,2024,2557.6954916662485
PNG,national,2025,2631.5498288353606
PNG,national,2026,2677.6212585210737
PNG,national,2027,2714.721213913894
PNG,national,2028,2742.107473544246
PNG,national,2029,2768.964398330722
PNG,national,2030,2796.084864514373
POL,national,1960,3117.0797532643937
POL,national,1961,3321.4385429418253
POL,national,1962,3238.7218899771506
POL,national,1963,3395.0320356530433
POL,national,1964,3511.2002762137263
POL,national,1965,3671.1596859910014
POL,national,1966,3869.4363688327953
POL,national,1967,3977.6978705071488
POL,national,1968,4185.097713602399
POL,national,1969,4111.504220891182
POL,national,1970,4292.7510045931895
POL,national,1971,4563.404758779074
POL,national,1972,4857.170518940382
POL,national,1973,5177.089338494933
POL,national,1974,5430.104982857468
POL,national,1975,5630.8145084335165
POL,national,1976,5715.355793448883
POL,national,1977,5767.661912235368
POL,national,1978,5924.580268594824
POL,national,1979,5760.363384032602
POL,national,1980,5564.519543925063
POL,national,1981,4963.426142882691
POL,national,1982,4679.864664228469
POL,national,1983,4872.6711066502
POL,national,1984,4813.184422457979
POL,national,1985,4961.835613992784
POL,national,1986,5103.654760977748
POL,national,1987,5194.572464937618
POL,national,1988,5360.123025927713
POL,national,1989,5558.893951686605
POL,national,1990,5111.3453296443
POL,national,1991,4735.9276980893
POL,national,1992,4840.16858549117
POL,national,1993,5008.34908886395
POL,national,1994,5262.31523522496
POL,national,1995,5628.44623895876
POL,national,1996,5968.11435672164
POL,national,1997,6348.84121749564
POL,national,1998,6641.0853123273
POL,national,1999,6950.79773500139
POL,national,2000,7344.12076059522
POL,national,2001,7438.60343541903
POL,national,2002,7593.55965522649
POL,national,2003,7864.51826399203
POL,national,2004,8261.2274414471
POL,national,2005,8554.69389731032
POL,national,2006,9084.94921446234
POL,national,2007,9731.76945440355
POL,national,2008,10139.1191437268
POL,national,2009,10419.2148703063
POL,national,2010,10755.6564372745
POL,national,2011,11291.9035865592
POL,national,2012,11466.4159300003
POL,national,2013,11571.6148487478
POL,national,2014,12024.6095070994
POL,national,2015,12560.051419682
POL,national,2016,12936.5732568387
POL,national,2017,13599.8180191148
POL,national,2018,14408.384388723
POL,national,2019,15053.2323676784
POL,national,2020,14774.989199307
POL,national,2021,15863.2311070414
POL,national,2022,17117.3281008593
POL,national,2023,17234.758253532527
POL,national,2024,17652.880205252757
POL,national,2025,18408.012554292156
POL,national,2026,19109.417989995716
POL,national,2027,19762.183019880424
POL,national,2028,20383.104190033755
POL,national,2029,21000.86895229679
POL,national,2030,21619.1923706455
PRI,national,1960,6470.800994506964
PRI,national,1961,6836.0763700431
PRI,national,1962,7259.642913058
PRI,national,1963,7667.77045393035
PRI,national,1964,8149.685448941906
PRI,national,1965,8708.20745636997
PRI,national,1966,9213.17562466604
PRI,national,1967,9669.376788294665
PRI,national,1968,10302.502665051385
PRI,national,1969,11099.15215592765
PRI,national,1970,11744.5994043153
PRI,national,1971,12317.2669604555
PRI,national,1972,12879.288611893
PRI,national,1973,13188.72442332665
PRI,national,1974,13077.6710272573
PRI,national,1975,13204.9280721113
PRI,national,1976,13793.4500127546
PRI,national,1977,14481.549674862701
PRI,national,1978,15361.902638284351
PRI,national,1979,16090.54785315685
PRI,national,1980,16329.81129971145
PRI,national,1981,16117.74394719825
PRI,national,1982,15639.78987995275
PRI,national,1983,15749.8088351039
PRI,national,1984,16294.054852986152
PRI,national,1985,16790.2350083703
PRI,national,1986,17526.2525564889
PRI,national,1987,18375.5042599039
PRI,national,1988,19134.8714334948
PRI,national,1989,19093.735730527747
PRI,national,1990,18881.97270866885
PRI,national,1991,19400.535121569148
PRI,national,1992,20143.175864072102
PRI,national,1993,20846.12780543725
PRI,national,1994,21556.57751204705
PRI,national,1995,22065.032786314703
PRI,national,1996,22627.491948927753
PRI,national,1997,23629.358809922152
PRI,national,1998,24785.7442091852
PRI,national,1999,25753.07237328885
PRI,national,2000,26927.2069379726
PRI,national,2001,27831.41811247755
PRI,national,2002,27939.14297712535
PRI,national,2003,29156.84834832295
PRI,national,2004,30095.54972162635
PRI,national,2005,29667.52360967215
PRI,national,2006,29433.83803756015
PRI,national,2007,29162.033793836003
PRI,national,2008,28770.99414604315
PRI,national,2009,28578.967119946952
PRI,national,2010,28706.5723852993
PRI,national,2011,29000.7174643385
PRI,national,2012,29303.28486655815
PRI,national,2013,29490.39101145945
PRI,national,2014,29659.056360836752
PRI,national,2015,29862.620561925498
PRI,national,2016,29885.4852632458
PRI,national,2017,29748.21209017715
PRI,national,2018,29934.239480617347
PRI,national,2019,29159.9749750645
PRI,national,2020,28281.24504233845
PRI,national,2021,29087.9703627665
PRI,national,2022,29818.827051644184
PRI,national,2023,29758.888814887272
PRI,national,2024,29848.612632114808
PRI,national,2025,29758.616524912046
PRI,national,2026,29878.249957565804
PRI,national,2027,30328.675750141585
PRI,national,2028,30663.96741897318
PRI,national,2029,31064.601720459905
PRI,national,2030,31470.471490289907
PRK,national,1990,2455.8186
PRK,national,1991,2315.9589
PRK,national,1992,2120.5461
PRK,national,1993,1996.2933
PRK,national,1994,1925.956
PRK,national,1995,1816.009
PRK,national,1996,1733.0995
PRK,national,1997,1604.8995
PRK,national,1998,1579.9309
PRK,national,1999,1664.6422
PRK,national,2000,1657.1444
PRK,national,2001,1704.3733
PRK,national,2002,1710.9496
PRK,national,2003,1729.6221
PRK,national,2004,1753.6919
PRK,national,2005,1808.0618
PRK,national,2006,1778.4957
PRK,national,2007,1746.9276
PRK,national,2008,1794.6574
PRK,national,2009,1768.8897
PRK,national,2010,1751.4363
PRK,national,2011,1756.6108
PRK,national,2012,1770.9209
PRK,national,2013,1781.3008
PRK,national,2014,1791.3436
PRK,national,2015,1762.5167
PRK,national,2016,1742.0223
PRK,national,2017,1673.2784
PRK,national,2018,1596.3517
PRT,national,1960,3934.94473763665
PRT,national,1961,4119.44125388993
PRT,national,1962,4360.34054480817
PRT,national,1963,4597.86106596883
PRT,national,1964,4885.31011494773
PRT,national,1965,5271.6466728634005
PRT,national,1966,5528.15176684244
PRT,national,1967,5983.05261747177
PRT,national,1968,6541.99548600688
PRT,national,1969,6740.95674032344
PRT,national,1970,7658.74428957813
PRT,national,1971,8201.29628092282
PRT,national,1972,8872.3656798488
PRT,national,1973,9863.07891409919
PRT,national,1974,9837.61577783563
PRT,national,1975,9059.00711449848
PRT,national,1976,9412.55413328769
PRT,national,1977,9834.92253552141
PRT,national,1978,10003.3544084642
PRT,national,1979,10454.7601158669
PRT,national,1980,10816.951805302
PRT,national,1981,10897.0840219598
PRT,national,1982,11061.945286557
PRT,national,1983,10991.6795212773
PRT,national,1984,10743.643691008
PRT,national,1985,11015.093122822
PRT,national,1986,11460.7944819143
PRT,national,1987,12195.4386205377
PRT,national,1988,13122.4021364501
PRT,national,1989,13987.9651374039
PRT,national,1990,14572.2883800743
PRT,national,1991,15243.9300420508
PRT,national,1992,15421.9948914487
PRT,national,1993,15088.4139631035
PRT,national,1994,15193.0547380182
PRT,national,1995,15788.983105782
PRT,national,1996,16280.9371518353
PRT,national,1997,16921.7219436809
PRT,national,1998,17645.9058269451
PRT,national,1999,18231.8397637454
PRT,national,2000,18795.0311479834
PRT,national,2001,19025.6956905388
PRT,national,2002,19067.6554332118
PRT,national,2003,18819.4437376393
PRT,national,2004,19110.3208431632
PRT,national,2005,19224.0346513314
PRT,national,2006,19501.2330070103
PRT,national,2007,19950.8440966199
PRT,national,2008,19985.6983319711
PRT,national,2009,19343.2800499088
PRT,national,2010,19670.3610686333
PRT,national,2011,19365.1816488681
PRT,national,2012,18654.9575281944
PRT,national,2013,18584.5540451703
PRT,national,2014,18833.0518281692
PRT,national,2015,19250.1065376852
PRT,national,2016,19700.9100016775
PRT,national,2017,20441.4858041084
PRT,national,2018,21057.6174784232
PRT,national,2019,21617.411624379
PRT,national,2020,19802.2289134663
PRT,national,2021,20807.5276813416
PRT,national,2022,22125.9391947109
PRT,national,2023,22608.259134066622
PRT,national,2024,22926.707297229004
PRT,national,2025,23244.1368680023
PRT,national,2026,23613.65125945076
PRT,national,2027,24015.798446676163
PRT,national,2028,24474.00703258657
PRT,national,2029,24927.68329176009
PRT,national,2030,25389.770174924724
PRY,national,1960,1499.15540416568
PRY,national,1961,1564.31233649216
PRY,national,1962,1576.81258237144
PRY,national,1963,1610.59383943717
PRY,national,1964,1637.13781155995
PRY,national,1965,1695.68975232491
PRY,national,1966,1687.87441097304
PRY,national,1967,1798.96244873122
PRY,national,1968,1837.10322261727
PRY,national,1969,1879.99029595449
PRY,national,1970,1940.18414448545
PRY,national,1971,2001.93253739066
PRY,national,1972,2085.81207907701
PRY,national,1973,2184.71770634261
PRY,national,1974,2309.7791970407
PRY,national,1975,2407.52205401721
PRY,national,1976,2525.48688540243
PRY,national,1977,2746.85960844994
PRY,national,1978,3001.5705191657
PRY,national,1979,3273.61394921902
PRY,national,1980,3562.60062595495
PRY,national,1981,3785.55279804508
PRY,national,1982,3631.1937896433
PRY,national,1983,3424.25114633674
PRY,national,1984,3423.80362238876
PRY,national,1985,3479.86912321451
PRY,national,1986,3551.65061999795
PRY,national,1987,3715.66803542224
PRY,national,1988,3827.58132464052
PRY,national,1989,3982.3478462914
PRY,national,1990,4036.32208981711
PRY,national,1991,4068.29222448236
PRY,national,1992,4031.8160028777
PRY,national,1993,4125.55610477113
PRY,national,1994,4239.49974012749
PRY,national,1995,4421.91004621381
PRY,national,1996,4388.79750166291
PRY,national,1997,4473.74334996442
PRY,national,1998,4381.16743904765
PRY,national,1999,4233.11850733589
PRY,national,2000,4056.23876960826
PRY,national,2001,3954.70131976569
PRY,national,2002,3897.78300059714
PRY,national,2003,4015.50074922072
PRY,national,2004,4129.77102450174
PRY,national,2005,4171.24516963126
PRY,national,2006,4326.10877723894
PRY,national,2007,4515.39953278976
PRY,national,2008,4761.87961160166
PRY,national,2009,4701.61676029504
PRY,national,2010,5163.47606911115
PRY,national,2011,5315.39391236744
PRY,national,2012,5207.02732375867
PRY,national,2013,5561.54847943636
PRY,national,2014,5774.58347856179
PRY,national,2015,5861.40189546648
PRY,national,2016,6025.09676890452
PRY,national,2017,6226.6854198333
PRY,national,2018,6338.51367820775
PRY,national,2019,6229.22489536642
PRY,national,2020,6095.39137530699
PRY,national,2021,6259.73873939872
PRY,national,2022,6193.37461221618
PRY,national,2023,6384.055240002802
PRY,national,2024,6538.872876289303
PRY,national,2025,6699.665453885333
PRY,national,2026,6860.441479574801
PRY,national,2027,7059.065331173965
PRY,national,2028,7225.673468770053
PRY,national,2029,7398.348292373984
PRY,national,2030,7577.78632999252
PSE,national,1960,815.279858075663
PSE,national,1961,829.4239481401429
PSE,national,1962,863.5148318852996
PSE,national,1963,899.0563915345056
PSE,national,1964,937.49930299181
PSE,national,1965,980.2942421612621
PSE,national,1966,1057.9054030278955
PSE,national,1967,1034.3319195870956
PSE,national,1968,955.9954207684377
PSE,national,1969,1012.2091120503451
PSE,national,1970,1090.9082798450154
PSE,national,1971,1210.5890419290763
PSE,national,1972,1377.0541019187247
PSE,national,1973,1282.7601681555252
PSE,national,1974,1508.3402712351792
PSE,national,1975,1481.5027670102684
PSE,national,1976,1670.0906345366675
PSE,national,1977,1609.8875845186246
PSE,national,1978,1767.6485890839776
PSE,national,1979,1696.2028008095535
PSE,national,1980,1900.0227653284692
PSE,national,1981,1744.8004435952023
PSE,national,1982,1845.2597499506107
PSE,national,1983,1716.5122634662423
PSE,national,1984,1743.349767691153
PSE,national,1985,1675.1680002008397
PSE,national,1986,1933.025642145589
PSE,national,1987,1814.7955559655775
PSE,national,1988,1720.8642911783904
PSE,national,1989,1698.016145689615
PSE,national,1990,1938.4656767857737
PSE,national,1991,1716.2115020844353
PSE,national,1992,1962.2657920696834
PSE,national,1993,2004.8322497842476
PSE,national,1994,2137.37876632614
PSE,national,1995,2189.26768299237
PSE,national,1996,2118.83537732076
PSE,national,1997,2323.21480958191
PSE,national,1998,2589.21517499301
PSE,national,1999,2732.88101414428
PSE,national,2000,2436.00300874047
PSE,national,2001,2153.45985568006
PSE,national,2002,1836.96556482742
PSE,national,2003,2041.59223117565
PSE,national,2004,2426.41565630382
PSE,national,2005,2632.24627423958
PSE,national,2006,2540.26763083127
PSE,national,2007,2569.98434108953
PSE,national,2008,2685.98601828464
PSE,national,2009,2840.01594969395
PSE,national,2010,2927.08101953403
PSE,national,2011,3128.10811061384
PSE,national,2012,3237.91619995789
PSE,national,2013,3309.63120243098
PSE,national,2014,3227.84934482645
PSE,national,2015,3272.15432360708
PSE,national,2016,3483.09903532972
PSE,national,2017,3462.97986107136
PSE,national,2018,3417.79440837962
PSE,national,2019,3378.4346209191
PSE,national,2020,2922.46801084844
PSE,national,2021,3051.48607007995
PSE,national,2022,3095.49981243601
PSE,national,2023,3116.186250885722
PSE,national,2024,3129.1482974101523
PSE,national,2025,3027.2021760340467
PSE,national,2026,3091.235669448638
PSE,national,2027,3504.946743889933
PSE,national,2028,NA
PSE,national,2029,NA
PSE,national,2030,NA
PYF,national,1965,21974.0152107482
PYF,national,1966,23229.2358600626
PYF,national,1967,21352.9993340197
PYF,national,1968,23683.8232594376
PYF,national,1969,22243.4721330775
PYF,national,1970,21821.4452736152
PYF,national,1971,23596.4900664532
PYF,national,1972,21715.2071984394
PYF,national,1973,22617.9213699894
PYF,national,1974,25808.7367180525
PYF,national,1975,23756.3819535032
PYF,national,1976,24899.8603057759
PYF,national,1977,24624.1617349795
PYF,national,1978,26226.2026721876
PYF,national,1979,26427.6444352
PYF,national,1980,25739.5951664972
PYF,national,1981,25591.4072160961
PYF,national,1982,25212.3693678925
PYF,national,1983,25144.7061937771
PYF,national,1984,25161.4442717651
PYF,national,1985,24279.3152757189
PYF,national,1986,26906.2203150227
PYF,national,1987,26602.8683290091
PYF,national,1988,25024.6666435249
PYF,national,1989,24966.7976369242
PYF,national,1990,24464.1595366568
PYF,national,1991,24845.855907901
PYF,national,1992,24018.0956269869
PYF,national,1993,23272.6919337257
PYF,national,1994,22486.0595038428
PYF,national,1995,22034.3278584121
PYF,national,1996,21538.691456922
PYF,national,1997,21166.0249013859
PYF,national,1998,21191.940940433
PYF,national,1999,21247.9869529184
PYF,national,2000,21578.5998545808
PYF,national,2001,21157.334901846
PYF,national,2002,20999.7738324661
PYF,national,2003,21117.5234423383
PYF,national,2004,21006.6196681416
PYF,national,2005,20766.3787050957
PYF,national,2006,20658.3778163768
PYF,national,2007,20763.088509009
PYF,national,2008,20588.3465015459
PYF,national,2009,19596.6834402413
PYF,national,2010,19012.0533338782
PYF,national,2011,18353.4024800203
PYF,national,2012,18099.4799023749
PYF,national,2013,18080.3079617607
PYF,national,2014,18072.1137918905
PYF,national,2015,18252.5142032094
PYF,national,2016,18573.3849253968
PYF,national,2017,19260.6195324755
PYF,national,2018,19471.3901061808
PYF,national,2019,19856.2590590838
PYF,national,2020,18321.5279645771
PYF,national,2021,18575.386202645
PYF,national,2022,19262.6131998341
QAT,national,1960,96872.63870664887
QAT,national,1961,89865.44560109708
QAT,national,1962,85768.19179473161
QAT,national,1963,83189.81146088861
QAT,national,1964,78140.48330711272
QAT,national,1965,76130.75438310434
QAT,national,1966,93836.74404632651
QAT,national,1967,102924.05289534503
QAT,national,1968,107451.03675735099
QAT,national,1969,104165.08365947923
QAT,national,1970,96172.47508151043
QAT,national,1971,110638.81876492556
QAT,national,1972,115612.20324507532
QAT,national,1973,126709.2410181022
QAT,national,1974,106680.48631275422
QAT,national,1975,101627.45358953316
QAT,national,1976,102188.69586047744
QAT,national,1977,85203.24495434214
QAT,national,1978,87190.74646167945
QAT,national,1979,84845.75400288259
QAT,national,1980,84945.77737790237
QAT,national,1981,75357.84665686538
QAT,national,1982,64230.33843487718
QAT,national,1983,56753.54139903331
QAT,national,1984,61713.338188395755
QAT,national,1985,50813.268511776536
QAT,national,1986,50173.14465379221
QAT,national,1987,48572.34924822797
QAT,national,1988,48873.87684562636
QAT,national,1989,49534.28196308869
QAT,national,1990,36181.26002811643
QAT,national,1991,34997.410146173635
QAT,national,1992,38292.23078739286
QAT,national,1993,37766.77056898034
QAT,national,1994,38253.544933625104
QAT,national,1995,37928.15170658212
QAT,national,1996,38658.85030564492
QAT,national,1997,47797.87788622156
QAT,national,1998,50699.57639341148
QAT,national,1999,50606.18967169727
QAT,national,2000,52157.7633475495
QAT,national,2001,51565.0475548591
QAT,national,2002,52606.1781648032
QAT,national,2003,51987.0992909458
QAT,national,2004,59634.733773585
QAT,national,2005,58757.9926687326
QAT,national,2006,61985.6992317129
QAT,national,2007,60261.4317478575
QAT,national,2008,60478.9035175353
QAT,national,2009,60730.1247769397
QAT,national,2010,68253.0658889652
QAT,national,2011,73493.2689544236
QAT,national,2012,72870.3737957496
QAT,national,2013,72012.5495510667
QAT,national,2014,69723.7273748036
QAT,national,2015,66984.9102002396
QAT,national,2016,64233.2622149736
QAT,national,2017,60551.0200448825
QAT,national,2018,60080.696551117
QAT,national,2019,59621.3816472154
QAT,national,2020,58476.1994291413
QAT,national,2021,61022.5028956385
QAT,national,2022,63428.3640907244
QAT,national,2023,64009.0705757872
QAT,national,2024,64748.9892002667
QAT,national,2025,64867.35632238159
QAT,national,2026,67127.77111988992
QAT,national,2027,71511.77589644083
QAT,national,2028,73674.01303211143
QAT,national,2029,74487.29884114461
QAT,national,2030,76634.43798595015
ROU,national,1960,1440.2970504866746
ROU,national,1961,1547.982811270725
ROU,national,1962,1593.7492596039465
ROU,national,1963,1724.7669352245412
ROU,national,1964,1882.7060510411484
ROU,national,1965,2028.0818280996164
ROU,national,1966,2242.55596832785
ROU,national,1967,2441.7746257783438
ROU,national,1968,2566.510632019869
ROU,national,1969,2683.17020620259
ROU,national,1970,2923.6684052869696
ROU,national,1971,3106.7341986198553
ROU,national,1972,3470.1736412660252
ROU,national,1973,3874.8926255460815
ROU,national,1974,3873.995244206214
ROU,national,1975,3920.6590738793025
ROU,national,1976,4315.506863420821
ROU,national,1977,4529.981003649054
ROU,national,1978,4903.291641033762
ROU,national,1979,4929.315699889908
ROU,national,1980,4919.444505151369
ROU,national,1981,4895.183085776538
ROU,national,1982,5062.059709695392
ROU,national,1983,5344.148143431469
ROU,national,1984,5641.855750250941
ROU,national,1985,5610.766158113519
ROU,national,1986,5715.253165228186
ROU,national,1987,5728.347147959421
ROU,national,1988,5669.9521210657595
ROU,national,1989,5321.845923467796
ROU,national,1990,5017.16138985637
ROU,national,1991,4407.15276527475
ROU,national,1992,4057.25835086292
ROU,national,1993,4124.89765987308
ROU,national,1994,4293.32333202613
ROU,national,1995,4570.18513127019
ROU,national,1996,4762.47670096
ROU,national,1997,4544.60623011588
ROU,national,1998,4461.58427396125
ROU,national,1999,4451.76207142467
ROU,national,2000,4567.23967694458
ROU,national,2001,4873.09281367075
ROU,national,2002,5246.17043689576
ROU,national,2003,5407.85551291129
ROU,national,2004,6005.91637665238
ROU,national,2005,6325.22128791304
ROU,national,2006,6873.66072276808
ROU,national,2007,7480.58078560976
ROU,national,2008,8314.23233540343
ROU,national,2009,7921.22001948902
ROU,national,2010,7657.54237921983
ROU,national,2011,8042.90341965965
ROU,national,2012,8234.3046017006891
ROU,national,2013,8287.24965704914
ROU,national,2014,8661.12203485529
ROU,national,2015,8976.9544892648
ROU,national,2016,9286.59615127044
ROU,national,2017,10106.0176071988
ROU,national,2018,10778.4483512826
ROU,national,2019,11252.8856152959
ROU,national,2020,10898.9214214222
ROU,national,2021,11607.4025957948
ROU,national,2022,12188.642461532
ROU,national,2023,12462.869216950969
ROU,national,2024,12994.180534310102
ROU,national,2025,13237.20060935921
ROU,national,2026,13566.224560365847
ROU,national,2027,13983.624893944052
ROU,national,2028,14544.214851826124
ROU,national,2029,15141.090725484766
ROU,national,2030,15776.970779578956
RUS,national,1960,3528.470830607486
RUS,national,1961,3729.753042826772
RUS,national,1962,3955.1637221259725
RUS,national,1963,4066.916622285576
RUS,national,1964,4288.51754362479
RUS,national,1965,4487.894876864083
RUS,national,1966,4772.991764203072
RUS,national,1967,5043.484579362113
RUS,national,1968,5327.946507041105
RUS,national,1969,5437.159568560718
RUS,national,1970,5863.217500419207
RUS,national,1971,6074.659067198457
RUS,national,1972,6213.080273077966
RUS,national,1973,6661.996752696374
RUS,national,1974,6858.199287635678
RUS,national,1975,7088.68964421486
RUS,national,1976,7255.0490751342695
RUS,national,1977,7423.94834469367
RUS,national,1978,7510.937818113362
RUS,national,1979,7535.066285193276
RUS,national,1980,7749.047690612517
RUS,national,1981,7793.494866812359
RUS,national,1982,7789.050149192375
RUS,national,1983,7886.19897717203
RUS,national,1984,7860.165631112122
RUS,national,1985,7921.121758471906
RUS,national,1986,8060.177924011413
RUS,national,1987,7998.586836991631
RUS,national,1988,8076.686875171354
RUS,national,1989,8105.89501953125
RUS,national,1990,7849.51904296875
RUS,national,1991,7432.021484375
RUS,national,1992,6345.912109375
RUS,national,1993,5798.91455078125
RUS,national,1994,5071.74267578125
RUS,national,1995,4862.646484375
RUS,national,1996,4686.86279296875
RUS,national,1997,4760.33935546875
RUS,national,1998,4515.50927734375
RUS,national,1999,4819.38037109375
RUS,national,2000,5323.66650390625
RUS,national,2001,5618.95556640625
RUS,national,2002,5910.171875
RUS,national,2003,6370.45361328125
RUS,national,2004,6856.67822265625
RUS,national,2005,7323.38525390625
RUS,national,2006,7949.89697265625
RUS,national,2007,8640.40625
RUS,national,2008,9093.7001953125
RUS,national,2009,8381.8681640625
RUS,national,2010,8755.1201171875
RUS,national,2011,9124.474609375
RUS,national,2012,9475.6904296875
RUS,national,2013,9621.517578125
RUS,national,2014,9520.9482421875
RUS,national,2015,9313.021484375
RUS,national,2016,9313.9755859375
RUS,national,2017,9473.1875
RUS,national,2018,9739.908203125
RUS,national,2019,9958.4697265625
RUS,national,2020,9714.3837890625
RUS,national,2021,10251.6767578125
RUS,national,2022,10030.0390625
RUS,national,2023,10272.704916819011
RUS,national,2024,10401.338903643804
RUS,national,2025,10607.239627242097
RUS,national,2026,10779.662343972926
RUS,national,2027,10928.799188095038
RUS,national,2028,11091.021430856279
RUS,national,2029,11260.99392958317
RUS,national,2030,11432.234154946418
RWA,national,1960,341.82296092215
RWA,national,1961,318.490239767965
RWA,national,1962,346.015968335558
RWA,national,1963,305.270790205061
RWA,national,1964,261.296688088244
RWA,national,1965,272.515565062766
RWA,national,1966,283.538970891274
RWA,national,1967,294.143268811204
RWA,national,1968,305.099506859559
RWA,national,1969,328.295403079602
RWA,national,1970,337.415239479117
RWA,national,1971,331.363310863706
RWA,national,1972,322.580588203425
RWA,national,1973,323.964963666581
RWA,national,1974,319.028806563735
RWA,national,1975,303.337394192598
RWA,national,1976,352.172547206261
RWA,national,1977,349.054135353177
RWA,national,1978,370.259041572027
RWA,national,1979,401.766704563347
RWA,national,1980,423.287049990819
RWA,national,1981,430.352169356056
RWA,national,1982,421.796105900854
RWA,national,1983,431.267138961915
RWA,national,1984,399.522926430267
RWA,national,1985,403.133854834538
RWA,national,1986,410.074647264973
RWA,national,1987,395.488694980532
RWA,national,1988,400.316424668588
RWA,national,1989,389.636446680088
RWA,national,1990,371.041070687249
RWA,national,1991,353.704068084542
RWA,national,1992,366.087599745464
RWA,national,1993,325.868444160018
RWA,national,1994,190.349986053973
RWA,national,1995,304.732323089357
RWA,national,1996,290.947651397599
RWA,national,1997,290.145383224852
RWA,national,1998,305.954981478461
RWA,national,1999,315.48532164315
RWA,national,2000,337.661545077845
RWA,national,2001,361.235075207134
RWA,national,2002,401.643564236646
RWA,national,2003,401.114039867443
RWA,national,2004,420.013723668903
RWA,national,2005,447.469827681371
RWA,national,2006,475.905777658411
RWA,national,2007,498.619196509658
RWA,national,2008,539.605539883128
RWA,national,2009,558.380673289775
RWA,national,2010,583.912538662821
RWA,national,2011,614.41576476752
RWA,national,2012,651.29119370092
RWA,national,2013,665.99518112005
RWA,national,2014,690.455697039508
RWA,national,2015,733.887472832132
RWA,national,2016,758.936966147629
RWA,national,2017,769.443277771259
RWA,national,2018,815.034172409732
RWA,national,2019,871.078401339316
RWA,national,2020,821.733829520469
RWA,national,2021,889.748847802192
RWA,national,2022,940.365070250953
RWA,national,2023,979.7172397565008
RWA,national,2024,1021.0995270126994
RWA,national,2025,1069.1211281039352
RWA,national,2026,1122.485608938904
RWA,national,2027,1188.253615613944
RWA,national,2028,1249.0583485761226
RWA,national,2029,1312.5626408849091
RWA,national,2030,1377.171350153109
SAU,national,1960,7195.045563763039
SAU,national,1961,7866.243302757804
SAU,national,1962,8599.34173739223
SAU,national,1963,9122.46330250388
SAU,national,1964,9683.210780651405
SAU,national,1965,10580.163997861408
SAU,national,1966,11804.82678022256
SAU,national,1967,12503.940519211681
SAU,national,1968,13249.176345148
SAU,national,1969,13471.6354307677
SAU,national,1970,20457.641125159
SAU,national,1971,23534.4408303636
SAU,national,1972,27521.5355646315
SAU,national,1973,32416.4564183735
SAU,national,1974,35689.5922613446
SAU,national,1975,30798.9980240007
SAU,national,1976,34446.9759716162
SAU,national,1977,35054.742540462
SAU,national,1978,31582.4291523098
SAU,national,1979,33625.7579823595
SAU,national,1980,33816.0506133534
SAU,national,1981,32837.9309510053
SAU,national,1982,24815.3831688281
SAU,national,1983,19865.8223207572
SAU,national,1984,18071.5343581339
SAU,national,1985,15568.1731008005
SAU,national,1986,17415.4307275218
SAU,national,1987,15560.4795805244
SAU,national,1988,16854.0302689296
SAU,national,1989,16070.757765976
SAU,national,1990,17758.8350422212
SAU,national,1991,19627.5260256676
SAU,national,1992,19669.5741978003
SAU,national,1993,18786.9858276576
SAU,national,1994,18356.0081516382
SAU,national,1995,17887.2426845977
SAU,national,1996,17865.8228025489
SAU,national,1997,17584.5970464705
SAU,national,1998,17621.2619603919
SAU,national,1999,16524.6149786958
SAU,national,2000,17018.6118875931
SAU,national,2001,16402.6058902716
SAU,national,2002,15561.4816118506
SAU,national,2003,16916.5286773061
SAU,national,2004,17868.4472814538
SAU,national,2005,18295.4548505359
SAU,national,2006,18075.6736166242
SAU,national,2007,17700.2323473527
SAU,national,2008,18095.467674474
SAU,national,2009,17071.7314223485
SAU,national,2010,17366.1904344757
SAU,national,2011,18802.9378096541
SAU,national,2012,19392.139829287
SAU,national,2013,19526.1522225461
SAU,national,2014,19905.9948365907
SAU,national,2015,20442.3660631613
SAU,national,2016,20508.1176491661
SAU,national,2017,20028.2136481198
SAU,national,2018,20096.552487567
SAU,national,2019,19806.1154660443
SAU,national,2020,18856.9138053997
SAU,national,2021,19698.2447090575
SAU,national,2022,21138.646414239
SAU,national,2023,20882.106751147483
SAU,national,2024,21288.247248398864
SAU,national,2025,21502.192025708795
SAU,national,2026,22086.754875553735
SAU,national,2027,22723.412542169357
SAU,national,2028,22985.24890310353
SAU,national,2029,23250.004883343157
SAU,national,2030,23542.117805197453
SDN,national,1960,1407.0625
SDN,national,1961,1371.69299316406
SDN,national,1962,1428.48974609375
SDN,national,1963,1351.53369140625
SDN,national,1964,1299.59155273438
SDN,national,1965,1348.70056152344
SDN,national,1966,1266.64953613281
SDN,national,1967,1252.18286132813
SDN,national,1968,1243.86853027344
SDN,national,1969,1228.67456054688
SDN,national,1970,1267.748046875
SDN,national,1971,1260.26428222656
SDN,national,1972,1161.19128417969
SDN,national,1973,1132.76696777344
SDN,national,1974,1219.1298828125
SDN,national,1975,1358.64367675781
SDN,national,1976,1526.64428710938
SDN,national,1977,1561.08129882813
SDN,national,1978,1412.69177246094
SDN,national,1979,1290.69873046875
SDN,national,1980,1260.14685058594
SDN,national,1981,1301.92028808594
SDN,national,1982,1328.748046875
SDN,national,1983,1314.73864746094
SDN,national,1984,1220.91394042969
SDN,national,1985,1122.72204589844
SDN,national,1986,1160.37023925781
SDN,national,1987,1303.37536621094
SDN,national,1988,1291.638671875
SDN,national,1989,1398.33190917969
SDN,national,1990,1300.54455566406
SDN,national,1991,1372.771484375
SDN,national,1992,1440.29931640625
SDN,national,1993,1481.47937011719
SDN,national,1994,1460.64758300781
SDN,national,1995,1507.84118652344
SDN,national,1996,1558.68701171875
SDN,national,1997,1798.294921875
SDN,national,1998,1833.97216796875
SDN,national,1999,1845.51257324219
SDN,national,2000,1906.380859375
SDN,national,2001,1973.76440429688
SDN,national,2002,2036.44775390625
SDN,national,2003,2107.6103515625
SDN,national,2004,2156.662109375
SDN,national,2005,2213.79077148438
SDN,national,2006,2287.11596679688
SDN,national,2007,2342.1845703125
SDN,national,2008,2356.13330078125
SDN,national,2009,2220.94921875
SDN,national,2010,2238.85498046875
SDN,national,2011,2381.357421875
SDN,national,2012,2222.70141601563
SDN,national,2013,2213.84008789063
SDN,national,2014,2253.63305664063
SDN,national,2015,2226.40942382813
SDN,national,2016,2233.06127929688
SDN,national,2017,2176.88452148438
SDN,national,2018,2051.97900390625
SDN,national,2019,1950.03149414063
SDN,national,2020,1828.15002441406
SDN,national,2021,1746.18273925781
SDN,national,2022,1684.63037109375
SDN,national,2023,1341.4650094923277
SDN,national,2024,1311.3937945295513
SDN,national,2025,1344.6281917425238
SDN,national,2026,1424.978965139445
SDN,national,2027,1448.5375638286357
SDN,national,2028,1523.9158966964085
SDN,national,2029,1570.5683447652327
SDN,national,2030,1599.6540376141343
SEN,national,1960,1174.81917469509
SEN,national,1961,1176.24129577291
SEN,national,1962,1141.93096163899
SEN,national,1963,1130.91436937181
SEN,national,1964,1142.09627790547
SEN,national,1965,1124.69452337132
SEN,national,1966,1123.92937983168
SEN,national,1967,1078.04094723199
SEN,national,1968,1112.52301942885
SEN,national,1969,1009.40535019574
SEN,national,1970,1063.99669135923
SEN,national,1971,1031.59240682284
SEN,national,1972,1065.50496592912
SEN,national,1973,976.799108960202
SEN,national,1974,988.947023173711
SEN,national,1975,1034.71339225065
SEN,national,1976,1098.02545712752
SEN,national,1977,1042.98069073439
SEN,national,1978,978.708555995727
SEN,national,1979,1022.5335751343
SEN,national,1980,1037.32389818556
SEN,national,1981,1063.43652149714
SEN,national,1982,1118.7300227926
SEN,national,1983,1027.59053600251
SEN,national,1984,1039.41714818873
SEN,national,1985,1045.90769019839
SEN,national,1986,1048.0462196996
SEN,national,1987,1081.54684409275
SEN,national,1988,1041.98291328409
SEN,national,1989,1052.58293195831
SEN,national,1990,1015.03710671872
SEN,national,1991,1012.70274091376
SEN,national,1992,997.73664556502
SEN,national,1993,983.912589343677
SEN,national,1994,957.688033040387
SEN,national,1995,984.824079893854
SEN,national,1996,980.77452159288
SEN,national,1997,987.407914045813
SEN,national,1998,1021.94189643397
SEN,national,1999,1061.28315685303
SEN,national,2000,1076.89230450131
SEN,national,2001,1096.89542159808
SEN,national,2002,1071.45845067116
SEN,national,2003,1103.90288694304
SEN,national,2004,1126.63551243614
SEN,national,2005,1145.70763618967
SEN,national,2006,1142.29495622983
SEN,national,2007,1144.06782288587
SEN,national,2008,1155.55093097323
SEN,national,2009,1155.992058669
SEN,national,2010,1163.22758829564
SEN,national,2011,1147.09296053751
SEN,national,2012,1160.91753870308
SEN,national,2013,1157.11512984575
SEN,national,2014,1196.16430771783
SEN,national,2015,1238.12639978389
SEN,national,2016,1281.54612063544
SEN,national,2017,1339.56800117839
SEN,national,2018,1384.64207467823
SEN,national,2019,1409.97082080707
SEN,national,2020,1391.04695489716
SEN,national,2021,1443.32591870769
SEN,national,2022,1465.10574968521
SEN,national,2023,1484.4421707470453
SEN,national,2024,1572.1997740276822
SEN,national,2025,1657.874808736207
SEN,national,2026,1716.292076755291
SEN,national,2027,1789.9642471106747
SEN,national,2028,1831.3343464909938
SEN,national,2029,1864.3093069505521
SEN,national,2030,1914.1283571489612
SGP,national,1960,3611.95365142064
SGP,national,1961,3777.39463491526
SGP,national,1962,3951.76046995379
SGP,national,1963,4239.9926615122
SGP,national,1964,4004.45879353131
SGP,national,1965,4214.50928654512
SGP,national,1966,4529.52603020969
SGP,national,1967,4984.78417700352
SGP,national,1968,5562.32007695611
SGP,national,1969,6237.25093664419
SGP,national,1970,6997.19902931212
SGP,national,1971,7722.8645117911
SGP,national,1972,8590.60864812538
SGP,national,1973,9325.56611338064
SGP,national,1974,9732.7270627095
SGP,national,1975,9974.22091805681
SGP,national,1976,10572.5669041736
SGP,national,1977,11141.5797970038
SGP,national,1978,11863.6939677002
SGP,national,1979,12834.1600895857
SGP,national,1980,13953.890170834
SGP,national,1981,14737.3005854209
SGP,national,1982,15106.2507664821
SGP,national,1983,16186.9145138401
SGP,national,1984,17280.3703822303
SGP,national,1985,17149.31550146
SGP,national,1986,17396.0281363675
SGP,national,1987,18986.7527003627
SGP,national,1988,20595.9751389187
SGP,national,1989,22031.8971300219
SGP,national,1990,23272.7000932159
SGP,national,1991,24132.7153290621
SGP,national,1992,24973.4311358112
SGP,national,1993,27139.9524278985
SGP,national,1994,29220.2727915476
SGP,national,1995,30379.8991144598
SGP,national,1996,31349.3171805131
SGP,national,1997,32835.2518506082
SGP,national,1998,31043.108180076
SGP,national,1999,32557.0469904063
SGP,national,2000,34890.0811365168
SGP,national,2001,33597.8690808226
SGP,national,2002,34598.8267483781
SGP,national,2003,36709.7965038255
SGP,national,2004,39856.6356222613
SGP,national,2005,41798.4880834671
SGP,national,2006,44159.4101820552
SGP,national,2007,46178.8139470199
SGP,national,2008,44601.5799302699
SGP,national,2009,43331.8746638962
SGP,national,2010,48752.0515441859
SGP,national,2011,50713.5326393594
SGP,national,2012,51679.352717333
SGP,national,2013,53298.9728558286
SGP,national,2014,54681.9336458253
SGP,national,2015,55645.6068614606
SGP,national,2016,56906.6325840043
SGP,national,2017,59440.199713909
SGP,national,2018,61276.9465931259
SGP,national,2019,61386.2361505887
SGP,national,2020,59175.8110412137
SGP,national,2021,67175.8639994972
SGP,national,2022,67359.7898784862
SGP,national,2023,67794.50187153259
SGP,national,2024,69000.61847023683
SGP,national,2025,70306.46683589059
SGP,national,2026,72171.88870494302
SGP,national,2027,73559.92408953697
SGP,national,2028,74775.01781081606
SGP,national,2029,76074.91330064087
SGP,national,2030,77378.36549800156
SLB,national,1980,2253.86662217495
SLB,national,1981,2138.68751815755
SLB,national,1982,2032.19788406098
SLB,national,1983,2040.36925533758
SLB,national,1984,1975.42731752579
SLB,national,1985,1849.72134992672
SLB,national,1986,1785.63419093553
SLB,national,1987,1875.08808892935
SLB,national,1988,1840.69068769143
SLB,national,1989,1861.66068043207
SLB,national,1990,1846.20854819701
SLB,national,1991,1899.66377458673
SLB,national,1992,2078.89386762387
SLB,national,1993,2099.95157839402
SLB,national,1994,2205.16070705895
SLB,national,1995,2358.50090855649
SLB,national,1996,2328.93448055226
SLB,national,1997,2243.82488145149
SLB,national,1998,2211.02032268861
SLB,national,1999,2142.10747223183
SLB,national,2000,1790.37374903463
SLB,national,2001,1608.94123104855
SLB,national,2002,1527.93025970643
SLB,national,2003,1590.70567135502
SLB,national,2004,1674.55116518248
SLB,national,2005,1757.88964213206
SLB,national,2006,1790.0335649307
SLB,national,2007,1814.04960295072
SLB,national,2008,1884.48600757669
SLB,national,2009,1895.00980410625
SLB,national,2010,2030.66047615108
SLB,national,2011,2129.03211193063
SLB,national,2012,2127.58004418029
SLB,national,2013,2182.87688859711
SLB,national,2014,2153.33551212503
SLB,national,2015,2134.80541826155
SLB,national,2016,2197.98817788824
SLB,national,2017,2210.91151030765
SLB,national,2018,2217.81727876586
SLB,national,2019,2203.98339469669
SLB,national,2020,2079.56035409056
SLB,national,2021,2019.04647717176
SLB,national,2022,1893.10430072604
SLB,national,2023,1893.3735039399082
SLB,national,2024,1892.0563310720522
SLB,national,2025,1896.23500918816
SLB,national,2026,1902.8638734116087
SLB,national,2027,1913.8622462084325
SLB,national,2028,1935.5368854279986
SLB,national,2029,1958.1913052886255
SLB,national,2030,1980.6227998690722
SLE,national,1960,497.418490672238
SLE,national,1961,497.81724309562
SLE,national,1962,511.283234389312
SLE,national,1963,510.580964100253
SLE,national,1964,534.595158170895
SLE,national,1965,562.093519428315
SLE,national,1966,560.713250384621
SLE,national,1967,550.072508376245
SLE,national,1968,550.26928919092
SLE,national,1969,585.669647591883
SLE,national,1970,623.87259064632
SLE,national,1971,633.226623421913
SLE,national,1972,626.919495084307
SLE,national,1973,628.932887046657
SLE,national,1974,638.678103837161
SLE,national,1975,637.211817206721
SLE,national,1976,622.74476273658
SLE,national,1977,611.382323554982
SLE,national,1978,613.906821655176
SLE,national,1979,628.991130873204
SLE,national,1980,646.248519099427
SLE,national,1981,651.400378303697
SLE,national,1982,668.527237343358
SLE,national,1983,640.492909239748
SLE,national,1984,652.071606091938
SLE,national,1985,603.7439330572
SLE,national,1986,596.335864492248
SLE,national,1987,622.459479217378
SLE,national,1988,562.939356938497
SLE,national,1989,553.013167803125
SLE,national,1990,549.574805432391
SLE,national,1991,555.719368978289
SLE,national,1992,458.075705909774
SLE,national,1993,465.007500867029
SLE,national,1994,453.916427558882
SLE,national,1995,416.716134846028
SLE,national,1996,421.759705381561
SLE,national,1997,391.776520061736
SLE,national,1998,394.742004433652
SLE,national,1999,384.752685171399
SLE,national,2000,400.598934284692
SLE,national,2001,354.089391288994
SLE,national,2002,423.340981615189
SLE,national,2003,445.230359394452
SLE,national,2004,458.446874049514
SLE,national,2005,465.778404690118
SLE,national,2006,475.157147312293
SLE,national,2007,501.881016671066
SLE,national,2008,515.983575153055
SLE,national,2009,518.167904422153
SLE,national,2010,537.378976443652
SLE,national,2011,554.538642938214
SLE,national,2012,622.256768199373
SLE,national,2013,734.354168837521
SLE,national,2014,748.928417330152
SLE,national,2015,581.293411814954
SLE,national,2016,603.408938039901
SLE,national,2017,611.083994807401
SLE,national,2018,617.529519430669
SLE,national,2019,634.985615716206
SLE,national,2020,608.338120204502
SLE,national,2021,619.269223322176
SLE,national,2022,626.902043510272
SLE,national,2023,631.1240526536391
SLE,national,2024,647.6768337017616
SLE,national,2025,660.6417863276677
SLE,national,2026,674.8492486530594
SLE,national,2027,689.5541759896516
SLE,national,2028,706.4030585415954
SLE,national,2029,723.9709282139039
SLE,national,2030,742.0680968357633
SLV,national,1960,2227.5257224229795
SLV,national,1961,2233.860669376191
SLV,national,1962,2424.700946341686
SLV,national,1963,2451.624470892835
SLV,national,1964,2598.9119875550014
SLV,national,1965,2653.55090502645
SLV,national,1966,2767.89897491576
SLV,national,1967,2841.6765233423
SLV,national,1968,2858.13149375073
SLV,national,1969,2884.28052542377
SLV,national,1970,2897.82494149962
SLV,national,1971,2937.45799233907
SLV,national,1972,3043.21254110226
SLV,national,1973,3115.26903046044
SLV,national,1974,3204.56178620264
SLV,national,1975,3223.2486926595
SLV,national,1976,3312.75229794155
SLV,national,1977,3462.72678183808
SLV,national,1978,3571.67176494765
SLV,national,1979,3355.57259009871
SLV,national,1980,2776.58408019136
SLV,national,1981,2594.61456999441
SLV,national,1982,2404.12398966642
SLV,national,1983,2394.39286996731
SLV,national,1984,2379.41249213777
SLV,national,1985,2347.62033150409
SLV,national,1986,2307.69478821383
SLV,national,1987,2320.56662365867
SLV,national,1988,2316.94513468052
SLV,national,1989,2294.72928553378
SLV,national,1990,2362.44430100025
SLV,national,1991,2356.51743820197
SLV,national,1992,2480.59431455075
SLV,national,1993,2588.19881726462
SLV,national,1994,2680.10512373688
SLV,national,1995,2780.04897679714
SLV,national,1996,2778.94571787731
SLV,national,1997,2843.82883068293
SLV,national,1998,2898.2005060888
SLV,national,1999,2941.48305151508
SLV,national,2000,2957.37186689018
SLV,national,2001,2968.63154164567
SLV,national,2002,3003.69833628238
SLV,national,2003,3042.83465041755
SLV,national,2004,3065.41878796182
SLV,national,2005,3146.470376842
SLV,national,2006,3284.77212894051
SLV,national,2007,3340.09541238268
SLV,national,2008,3398.57746444516
SLV,national,2009,3314.29850713
SLV,national,2010,3373.04380600799
SLV,national,2011,3487.03117995237
SLV,national,2012,3573.78590640128
SLV,national,2013,3637.4227322402
SLV,national,2014,3686.09556191783
SLV,national,2015,3761.51368000275
SLV,national,2016,3845.02249284043
SLV,national,2017,3922.77686170493
SLV,national,2018,4011.53997873836
SLV,national,2019,4103.82450080287
SLV,national,2020,3775.57609048989
SLV,national,2021,4183.25929769164
SLV,national,2022,4276.95524469353
SLV,national,2023,4355.73751399299
SLV,national,2024,4424.68110109366
SLV,national,2025,4502.6232568886535
SLV,national,2026,4592.109904377472
SLV,national,2027,4707.006785647839
SLV,national,2028,4831.836836246553
SLV,national,2029,4942.683720028512
SLV,national,2030,5056.073362637417
SMR,national,1997,48795.3486312051
SMR,national,1998,51629.371299657
SMR,national,1999,55433.6490985411
SMR,national,2000,55756.9622866732
SMR,national,2001,57764.6594684121
SMR,national,2002,56630.7159372401
SMR,national,2003,57524.1630552767
SMR,national,2004,59123.7885954779
SMR,national,2005,59705.9226374218
SMR,national,2006,61059.4768860734
SMR,national,2007,64511.0742209901
SMR,national,2008,63502.1267518131
SMR,national,2009,56289.8568729217
SMR,national,2010,52284.5443800116
SMR,national,2011,46628.6847002287
SMR,national,2012,42510.575475434904
SMR,national,2013,41983.4294674164
SMR,national,2014,41558.6988188836
SMR,national,2015,42281.8112549264
SMR,national,2016,42935.4173355122
SMR,national,2017,42765.6998158484
SMR,national,2018,43277.5014149123
SMR,national,2019,44143.0456414726
SMR,national,2020,41415.6669633221
SMR,national,2021,45269.4740489481
SMR,national,2022,47404.60267103791
SMR,national,2023,48308.177734097575
SMR,national,2024,48786.69232899648
SMR,national,2025,49127.17766977814
SMR,national,2026,49616.97952201829
SMR,national,2027,50053.77649339021
SMR,national,2028,50542.83710256239
SMR,national,2029,51036.6753793635
SMR,national,2030,51535.338127161085
SOM,national,2012,447.2848005635335
SOM,national,2013,459.704074574761
SOM,national,2014,477.33956959267
SOM,national,2015,507.482915466996
SOM,national,2016,520.098031819605
SOM,national,2017,547.61668590834
SOM,national,2018,543.998079911656
SOM,national,2019,543.614391301392
SOM,national,2020,511.898809393144
SOM,national,2021,512.451239522392
SOM,national,2022,509.052606466389
SOM,national,2023,509.052606466389
SOM,national,2024,513.5085161927045
SOM,national,2025,511.5408452739583
SOM,national,2026,512.4666151171954
SOM,national,2027,526.006814821908
SOM,national,2028,533.6822505070669
SOM,national,2029,542.5076770334583
SOM,national,2030,551.4791232335145
SRB,national,1960,2061.8505141465994
SRB,national,1961,2108.8531854417347
SRB,national,1962,2212.7813141943116
SRB,national,1963,2461.373220155249
SRB,national,1964,2697.9533323407627
SRB,national,1965,2731.899706053916
SRB,national,1966,2950.2010016246554
SRB,national,1967,2978.402604401737
SRB,national,1968,3008.693214791935
SRB,national,1969,3331.4448910185306
SRB,national,1970,3402.471149864513
SRB,national,1971,3699.6324828304237
SRB,national,1972,3836.9847333928747
SRB,national,1973,4029.695685702929
SRB,national,1974,4346.180339090173
SRB,national,1975,4438.096674067327
SRB,national,1976,4636.030145410175
SRB,national,1977,4976.538386348266
SRB,national,1978,5200.584452855077
SRB,national,1979,5625.697502124412
SRB,national,1980,5600.6294107670055
SRB,national,1981,5686.278722904807
SRB,national,1982,5718.136089004844
SRB,national,1983,5591.751128411258
SRB,national,1984,5674.789181032664
SRB,national,1985,5660.688379644123
SRB,national,1986,5838.776278662358
SRB,national,1987,5730.670134683547
SRB,national,1988,5636.664792093276
SRB,national,1989,5725.4476156507535
SRB,national,1990,5094.045064586103
SRB,national,1991,4626.1109627860005
SRB,national,1992,3429.978053159852
SRB,national,1993,2440.818220845222
SRB,national,1994,2564.6832115551047
SRB,national,1995,2781.24634834135
SRB,national,1996,2958.40012566404
SRB,national,1997,3180.51332310152
SRB,national,1998,3299.25947849267
SRB,national,1999,2999.1686181672
SRB,national,2000,3193.25900294056
SRB,national,2001,3418.78954035622
SRB,national,2002,3640.27502690207
SRB,national,2003,3808.09410250362
SRB,national,2004,4161.59520343493
SRB,national,2005,4404.95987537627
SRB,national,2006,4648.19702000642
SRB,national,2007,4967.61971551375
SRB,national,2008,5270.95832317372
SRB,national,2009,5147.56897325867
SRB,national,2010,5206.08676066596
SRB,national,2011,5354.20042915943
SRB,national,2012,5343.57882527263
SRB,national,2013,5524.96786533256
SRB,national,2014,5462.73477497385
SRB,national,2015,5588.9794435877
SRB,national,2016,5805.89806200667
SRB,national,2017,5959.52130391171
SRB,national,2018,6261.52570046486
SRB,national,2019,6567.90805482597
SRB,national,2020,6552.08439071824
SRB,national,2021,7125.21858226991
SRB,national,2022,7493.16180160028
SRB,national,2023,7671.64125110744
SRB,national,2024,7933.5273281091495
SRB,national,2025,8269.113233365242
SRB,national,2026,8652.502134705364
SRB,national,2027,9075.504352539017
SRB,national,2028,9466.831886889062
SRB,national,2029,9917.569261665896
SRB,national,2030,10391.824150960903
SSD,national,2008,2292.46400020698
SSD,national,2009,2299.941622825475
SSD,national,2010,2192.44012932741
SSD,national,2011,1578.507416234595
SSD,national,2012,1123.06862342012
SSD,national,2013,1185.451711743855
SSD,national,2014,1135.59940476796
SSD,national,2015,1099.4899317359536
SSD,national,2016,926.1019963587152
SSD,national,2017,847.8601846101071
SSD,national,2018,804.6910776673448
SSD,national,2019,787.1805982682835
SSD,national,2020,714.6234550823681
SSD,national,2021,731.4945016717119
SSD,national,2022,714.2612330283084
SSD,national,2023,718.3029658458017
SSD,national,2024,727.3622133407039
SSD,national,2025,679.2214113914935
SSD,national,2026,862.1040042548825
SSD,national,2027,885.8643802994151
SSD,national,2028,904.6838568239144
SSD,national,2029,921.2889960922582
SSD,national,2030,939.0442554337243
STP,national,1960,648.5250731785653
STP,national,1961,697.4522606520961
STP,national,1962,743.0216999656787
STP,national,1963,788.1114609706974
STP,national,1964,831.2825087414599
STP,national,1965,871.0958083522743
STP,national,1966,921.4620307514972
STP,national,1967,961.2753303623115
STP,national,1968,999.1699167388697
STP,national,1969,1038.50353804112
STP,national,1970,1075.9184461091143
STP,national,1971,1115.7317457199285
STP,national,1972,1114.7723891028004
STP,national,1973,1109.4959277085961
STP,national,1974,1150.7482622451025
STP,national,1975,1184.3257438445844
STP,national,1976,1166.5776464277153
STP,national,1977,1396.3435562298846
STP,national,1978,1395.3841996127567
STP,national,1979,1580.5400267184714
STP,national,1980,1526.3363778507362
STP,national,1981,1341.7734995798662
STP,national,1982,1353.4611073197132
STP,national,1983,1270.897741219309
STP,national,1984,1164.82955915016
STP,national,1985,1240.0567521127841
STP,national,1986,1137.0322178925535
STP,national,1987,1073.4062323437427
STP,national,1988,1064.6169628135756
STP,national,1989,1066.5688247244304
STP,national,1990,1014.5676103147148
STP,national,1991,998.1122754928199
STP,national,1992,976.2176474183417
STP,national,1993,975.4714627844133
STP,national,1994,978.393364719375
STP,national,1995,979.5047870951736
STP,national,1996,975.8759734017533
STP,national,1997,967.601178540242
STP,national,1998,973.8652021776936
STP,national,1999,980.3805722181529
STP,national,2000,967.4401597508155
STP,national,2001,974.202948906735
STP,national,2002,982.860086153493
STP,national,2003,1037.21261375161
STP,national,2004,1047.11107880631
STP,national,2005,1088.87159390482
STP,national,2006,1156.4787137018
STP,national,2007,1169.51683222418
STP,national,2008,1212.66886050699
STP,national,2009,1223.71345963847
STP,national,2010,1214.10630000585
STP,national,2011,1212.38187637471
STP,national,2012,1222.56440637853
STP,national,2013,1259.73243333738
STP,national,2014,1296.51159836976
STP,national,2015,1292.73305546523
STP,national,2016,1336.3470088619
STP,national,2017,1368.54514984246
STP,national,2018,1406.1033821349
STP,national,2019,1412.66966046381
STP,national,2020,1422.94882843561
STP,national,2021,1420.95029628755
STP,national,2022,1395.15752802692
STP,national,2023,1371.9131380699828
STP,national,2024,1375.2019418067023
STP,national,2025,1389.9903972954335
STP,national,2026,1428.526371530878
STP,national,2027,1458.5522173451245
STP,national,2028,1479.921951579336
STP,national,2029,1501.750326790107
STP,national,2030,1524.051383718204
SUR,national,1960,3874.26575530311
SUR,national,1961,3920.39985884795
SUR,national,1962,3927.45477270629
SUR,national,1963,3994.41374881447
SUR,national,1964,4103.84380610356
SUR,national,1965,4441.96825395859
SUR,national,1966,5118.30644715995
SUR,national,1967,5545.96673447363
SUR,national,1968,5768.56053451503
SUR,national,1969,5828.91185005827
SUR,national,1970,5792.48381294775
SUR,national,1971,5832.50843308735
SUR,national,1972,5717.25831644117
SUR,national,1973,5631.31830115388
SUR,national,1974,5679.81130863927
SUR,national,1975,5874.31355640632
SUR,national,1976,6438.97026759277
SUR,national,1977,7158.66362594924
SUR,national,1978,7709.56795459652
SUR,national,1979,7755.16174991296
SUR,national,1980,7115.13109050604
SUR,national,1981,7605.16044158537
SUR,national,1982,7258.14852971375
SUR,national,1983,6936.08812949241
SUR,national,1984,6747.25271002613
SUR,national,1985,6801.24767082796
SUR,national,1986,6764.78400312216
SUR,national,1987,6273.49841505212
SUR,national,1988,6674.17128433967
SUR,national,1989,6848.54108605369
SUR,national,1990,6470.69958324076
SUR,national,1991,6593.8881731185
SUR,national,1992,6564.40065017178
SUR,national,1993,6083.20192513765
SUR,national,1994,6228.49415973185
SUR,national,1995,6114.64412724183
SUR,national,1996,6045.77224052439
SUR,national,1997,6262.64037873147
SUR,national,1998,6283.7226145255
SUR,national,1999,6081.05629626089
SUR,national,2000,6098.06317327111
SUR,national,2001,6244.7227476036
SUR,national,2002,6312.44094000568
SUR,national,2003,6602.04982600276
SUR,national,2004,7067.93365814047
SUR,national,2005,7305.18003444342
SUR,national,2006,7642.49698376779
SUR,national,2007,7943.01885799318
SUR,national,2008,8179.29830532139
SUR,national,2009,8331.41092490002
SUR,national,2010,8664.2826455542
SUR,national,2011,9070.33275616025
SUR,national,2012,9214.80609711868
SUR,national,2013,9386.96041644381
SUR,national,2014,9316.20422099342
SUR,national,2015,8907.83725830091
SUR,national,2016,8382.86628438118
SUR,national,2017,8425.86067883968
SUR,national,2018,8751.10760204613
SUR,national,2019,8756.15381228071
SUR,national,2020,7275.36496442724
SUR,national,2021,7029.62993881454
SUR,national,2022,7141.81649588964
SUR,national,2023,7208.723238880571
SUR,national,2024,7334.223382525812
SUR,national,2025,7497.543761037529
SUR,national,2026,7680.075302642393
SUR,national,2027,7880.981095870722
SUR,national,2028,11667.143198404116
SUR,national,2029,14646.322079715843
SUR,national,2030,14976.79076496628
SVK,national,1985,7991.744067870903
SVK,national,1986,8280.569689282742
SVK,national,1987,8436.819615620294
SVK,national,1988,8562.631244619362
SVK,national,1989,8613.361740183502
SVK,national,1990,8369.855361475627
SVK,national,1991,7127.573953089018
SVK,national,1992,6654.90412722313
SVK,national,1993,6755.5989457269
SVK,national,1994,7146.60268298447
SVK,national,1995,7542.11102831392
SVK,national,1996,8024.38753090397
SVK,national,1997,8484.2207773607
SVK,national,1998,8818.21082633927
SVK,national,1999,8799.88587594508
SVK,national,2000,8914.59898415289
SVK,national,2001,9221.521860824
SVK,national,2002,9640.86530132502
SVK,national,2003,10177.7214189548
SVK,national,2004,10717.1731711207
SVK,national,2005,11425.9001472696
SVK,national,2006,12395.7521809663
SVK,national,2007,13734.4555495321
SVK,national,2008,14487.7065317766
SVK,national,2009,13679.0844080915
SVK,national,2010,14584.2606782101
SVK,national,2011,14954.577975505
SVK,national,2012,15126.0352987762
SVK,national,2013,15205.3955780546
SVK,national,2014,15600.3671671802
SVK,national,2015,16390.8821748507
SVK,national,2016,16687.9844571492
SVK,national,2017,17151.652477668
SVK,national,2018,17818.2341072167
SVK,national,2019,18240.9937197683
SVK,national,2020,17617.4487019749
SVK,national,2021,18500.4197079432
SVK,national,2022,18877.9593761663
SVK,national,2023,19121.764318590485
SVK,national,2024,19597.655690222422
SVK,national,2025,20070.22903247798
SVK,national,2026,20483.35896205198
SVK,national,2027,20974.854005909136
SVK,national,2028,21563.166925820773
SVK,national,2029,22087.78189316629
SVK,national,2030,22605.374008522776
SVN,national,1960,5432.615753783366
SVN,national,1961,5883.754117147093
SVN,national,1962,6086.197718858211
SVN,national,1963,6726.131800671633
SVN,national,1964,7297.068250441191
SVN,national,1965,7270.530699655089
SVN,national,1966,7604.145623823223
SVN,national,1967,7782.326321958477
SVN,national,1968,8205.410703062611
SVN,national,1969,8927.99030018132
SVN,national,1970,9707.43607755596
SVN,national,1971,10354.952316736839
SVN,national,1972,10818.980347625244
SVN,national,1973,11433.135094389309
SVN,national,1974,12449.902397365373
SVN,national,1975,13045.101750710794
SVN,national,1976,13239.963195054454
SVN,national,1977,14099.021624787398
SVN,national,1978,15174.92975522963
SVN,national,1979,16200.795647046643
SVN,national,1980,16037.02104790956
SVN,national,1981,15868.697154352003
SVN,national,1982,15569.960154074173
SVN,national,1983,15506.27003218753
SVN,national,1984,15657.154963799938
SVN,national,1985,15667.011768377632
SVN,national,1986,16015.032791543936
SVN,national,1987,15809.556326885835
SVN,national,1988,15227.24664106509
SVN,national,1989,15040.725569825632
SVN,national,1990,13718.397324941028
SVN,national,1991,12436.223503080317
SVN,national,1992,11724.070206379172
SVN,national,1993,12112.904619422481
SVN,national,1994,12754.891454387587
SVN,national,1995,13276.0730865709
SVN,national,1996,13709.8774257127
SVN,national,1997,14421.5753234248
SVN,national,1998,14927.0344967417
SVN,national,1999,15711.81638306
SVN,national,2000,16240.6568860495
SVN,national,2001,16736.6666048821
SVN,national,2002,17301.9338072883
SVN,national,2003,17803.3779818988
SVN,national,2004,18567.5622059245
SVN,national,2005,19239.3999078218
SVN,national,2006,20280.1519045957
SVN,national,2007,21574.7534360106
SVN,national,2008,22296.7049968231
SVN,national,2009,20428.1698595221
SVN,national,2010,20612.5895305308
SVN,national,2011,20746.988405299
SVN,national,2012,20157.0052544663
SVN,national,2013,19922.474290455
SVN,national,2014,20453.8333877187
SVN,national,2015,20890.1664304173
SVN,national,2016,21541.176421949
SVN,national,2017,22563.7589398118
SVN,national,2018,23483.529124564
SVN,national,2019,24142.0895708359
SVN,national,2020,22963.9334110233
SVN,national,2021,24786.7912075572
SVN,national,2022,25349.7585533515
SVN,national,2023,25779.424530352837
SVN,national,2024,26332.256509591312
SVN,national,2025,26834.22086340506
SVN,national,2026,27378.862298014683
SVN,national,2027,27995.501300420874
SVN,national,2028,28675.507043808866
SVN,national,2029,29346.11735504709
SVN,national,2030,30033.83246373802
SWE,national,1960,16525.3610487407
SWE,national,1961,17382.1380092372
SWE,national,1962,18022.7749590695
SWE,national,1963,18876.3227449503
SWE,national,1964,20013.8211147241
SWE,national,1965,20583.8667315087
SWE,national,1966,20815.227246362
SWE,national,1967,21351.2973543117
SWE,national,1968,22004.1547418406
SWE,national,1969,22944.5496519972
SWE,national,1970,24388.2982101309
SWE,national,1971,24449.8627753744
SWE,national,1972,24935.6623161898
SWE,national,1973,25880.4576182711
SWE,national,1974,26630.7799151019
SWE,national,1975,27202.3438863705
SWE,national,1976,27390.3768576514
SWE,national,1977,26857.5992015998
SWE,national,1978,27248.5743385541
SWE,national,1979,28233.2417691962
SWE,national,1980,28654.9710634965
SWE,national,1981,28750.8038276117
SWE,national,1982,29093.1613210422
SWE,national,1983,29632.6983848712
SWE,national,1984,30857.9705441183
SWE,national,1985,31472.5916095749
SWE,national,1986,32244.5427172446
SWE,national,1987,33214.9576323827
SWE,national,1988,33908.7385537576
SWE,national,1989,34577.4837345325
SWE,national,1990,34570.3057339939
SWE,national,1991,33941.9851819102
SWE,national,1992,33352.5383635834
SWE,national,1993,32474.4299146671
SWE,national,1994,33511.6487224481
SWE,national,1995,34648.1189154575
SWE,national,1996,35139.4029916108
SWE,national,1997,36197.6342064807
SWE,national,1998,37737.4622753825
SWE,national,1999,39309.5970016519
SWE,national,2000,41117.1524303504
SWE,national,2001,41601.3076782847
SWE,national,2002,42377.119637975
SWE,national,2003,43194.9261684047
SWE,national,2004,44891.323206397
SWE,national,2005,45990.3743263984
SWE,national,2006,47864.8108642309
SWE,national,2007,49145.1958332412
SWE,national,2008,48544.1158941036
SWE,national,2009,46043.4809449994
SWE,national,2010,48369.9100407876
SWE,national,2011,49539.9726076492
SWE,national,2012,48885.5484179725
SWE,national,2013,49048.8187500238
SWE,national,2014,49855.301012313
SWE,national,2015,51545.4836095322
SWE,national,2016,51955.8610703634
SWE,national,2017,52576.8102821051
SWE,national,2018,52983.0068617482
SWE,national,2019,53490.3518198746
SWE,national,2020,51952.6731328342
SWE,national,2021,54816.005848573
SWE,national,2022,56029.4952556461
SWE,national,2023,54138.96072279869
SWE,national,2024,53995.47845498006
SWE,national,2025,54371.92685844415
SWE,national,2026,55218.519617144724
SWE,national,2027,56036.440073677324
SWE,national,2028,56608.58333411758
SWE,national,2029,57203.56235821823
SWE,national,2030,57825.167328337
SWZ,national,1960,434.8069696247153
SWZ,national,1961,478.12107387851836
SWZ,national,1962,564.7492823861245
SWZ,national,1963,581.4085532529718
SWZ,national,1964,650.8221818648357
SWZ,national,1965,733.0079181412824
SWZ,national,1966,744.6694077480755
SWZ,national,1967,794.6472203486175
SWZ,national,1968,738.0056994013365
SWZ,national,1969,749.6671890081296
SWZ,national,1970,946.246585236928
SWZ,national,1971,1047.79044770288
SWZ,national,1972,1074.8570823079
SWZ,national,1973,1139.72262348875
SWZ,national,1974,1171.17777254913
SWZ,national,1975,1295.03022728979
SWZ,national,1976,1229.17353166934
SWZ,national,1977,1202.95941434057
SWZ,national,1978,1179.96119876274
SWZ,national,1979,1177.00916071252
SWZ,national,1980,1280.47724272024
SWZ,national,1981,1425.92062956676
SWZ,national,1982,1401.18989042951
SWZ,national,1983,1372.46562784115
SWZ,national,1984,1410.14111700687
SWZ,national,1985,1411.32388742795
SWZ,national,1986,1524.19827969711
SWZ,national,1987,1681.16681823267
SWZ,national,1988,1710.958848852
SWZ,national,1989,1858.1434203851
SWZ,national,1990,2174.80613587642
SWZ,national,1991,2124.28738744711
SWZ,national,1992,2108.79077625916
SWZ,national,1993,2109.7875679317
SWZ,national,1994,2159.78919222266
SWZ,national,1995,2264.40246854562
SWZ,national,1996,2303.06432203972
SWZ,national,1997,2333.42716068568
SWZ,national,1998,2359.83393054812
SWZ,national,1999,2397.95053828403
SWZ,national,2000,2411.44492414984
SWZ,national,2001,2411.37385911468
SWZ,national,2002,2494.44753963835
SWZ,national,2003,2571.68807112893
SWZ,national,2004,2647.46324344273
SWZ,national,2005,2790.25078846218
SWZ,national,2006,2941.39684191088
SWZ,national,2007,3054.08242919777
SWZ,national,2008,3062.61499124935
SWZ,national,2009,3096.29606924652
SWZ,national,2010,3199.05354215576
SWZ,national,2011,3254.81337259645
SWZ,national,2012,3411.71936090081
SWZ,national,2013,3521.6693370061
SWZ,national,2014,3530.36090389521
SWZ,national,2015,3583.31129031343
SWZ,national,2016,3594.16706693255
SWZ,national,2017,3638.76878202013
SWZ,national,2018,3696.35985012092
SWZ,national,2019,3766.06299935158
SWZ,national,2020,3672.65334607687
SWZ,national,2021,4025.41085178362
SWZ,national,2022,4012.95449518722
SWZ,national,2023,4092.086733234798
SWZ,national,2024,4181.205017870988
SWZ,national,2025,4343.600992880663
SWZ,national,2026,4468.662604207832
SWZ,national,2027,4545.947471522866
SWZ,national,2028,4648.949394770417
SWZ,national,2029,4740.170749719195
SWZ,national,2030,4806.232158333339
SXM,national,2009,36729.709519405
SXM,national,2010,38107.6279295287
SXM,national,2011,40600.9245098457
SXM,national,2012,39733.5008530136
SXM,national,2013,38089.8150656794
SXM,national,2014,37584.981141306
SXM,national,2015,36519.9925867513
SXM,national,2016,35818.0212504144
SXM,national,2017,32625.2173211067
SXM,national,2018,30149.583808096
SXM,national,2019,32882.1880518792
SXM,national,2020,28030.4145245292
SXM,national,2021,29067.583032977
SXM,national,2022,31782.1295012711
SYC,national,1960,3218.66444804365
SYC,national,1961,2976.64666428669
SYC,national,1962,3142.46055122969
SYC,national,1963,3374.09126941076
SYC,national,1964,3485.39642176349
SYC,national,1965,3362.91021810728
SYC,national,1966,3735.93444074054
SYC,national,1967,3663.61274043054
SYC,national,1968,3846.09090723616
SYC,national,1969,3755.67673924595
SYC,national,1970,3994.66352879987
SYC,national,1971,4535.23778648223
SYC,national,1972,4706.54292205354
SYC,national,1973,5054.82395864475
SYC,national,1974,5028.31985269705
SYC,national,1975,5069.52652991162
SYC,national,1976,5776.64461576694
SYC,national,1977,5306.61699325627
SYC,national,1978,6391.40261855482
SYC,national,1979,7337.60087622452
SYC,national,1980,6900.04153087561
SYC,national,1981,6552.37342488603
SYC,national,1982,6379.01343979022
SYC,national,1983,6347.38999164845
SYC,national,1984,6581.60526710138
SYC,national,1985,7200.46427501036
SYC,national,1986,7210.23911038823
SYC,national,1987,7247.42144903946
SYC,national,1988,7605.02673713512
SYC,national,1989,8337.29402446724
SYC,national,1990,8914.9969052251
SYC,national,1991,9039.87564685548
SYC,national,1992,9643.95038470531
SYC,national,1993,10134.8817243057
SYC,national,1994,9627.8311451272
SYC,national,1995,9533.33784905079
SYC,national,1996,10333.7421613725
SYC,national,1997,11458.5488877978
SYC,national,1998,11513.889969674
SYC,national,1999,11501.2894337064
SYC,national,2000,11883.9045043124
SYC,national,2001,11603.8468259906
SYC,national,2002,11390.9386374489
SYC,national,2003,10842.3307191598
SYC,national,2004,10572.355789446
SYC,national,2005,11471.206611682
SYC,national,2006,12291.7816139098
SYC,national,2007,13314.6611756543
SYC,national,2008,12665.2883430172
SYC,national,2009,12302.8807100315
SYC,national,2010,12503.0941165627
SYC,national,2011,14056.8020670448
SYC,national,2012,14352.5752124973
SYC,national,2013,14266.584154336
SYC,national,2014,14617.2015011563
SYC,national,2015,14894.4857827096
SYC,national,2016,15446.8134342704
SYC,national,2017,15684.112794399
SYC,national,2018,16110.9908609155
SYC,national,2019,16747.3554222673
SYC,national,2020,15321.6913278516
SYC,national,2021,16023.6319167886
SYC,national,2022,14461.5456923254
SYC,national,2023,14930.20893846071
SYC,national,2024,15377.059667816788
SYC,national,2025,15571.846310731087
SYC,national,2026,15779.923409726982
SYC,national,2027,16237.43865066675
SYC,national,2028,16659.45270136117
SYC,national,2029,17090.733079358684
SYC,national,2030,17529.40969285265
SYR,national,1960,524.222216017389
SYR,national,1961,563.79200832316
SYR,national,1962,681.465917968637
SYR,national,1963,603.962015285642
SYR,national,1964,639.966555465687
SYR,national,1965,634.486274804495
SYR,national,1966,567.542951137757
SYR,national,1967,594.945591394876
SYR,national,1968,597.36228289678
SYR,national,1969,686.413356522643
SYR,national,1970,651.909411592169
SYR,national,1971,686.4672771636
SYR,national,1972,833.304957725471
SYR,national,1973,721.069812396861
SYR,national,1974,876.803152437812
SYR,national,1975,985.852673459751
SYR,national,1976,1069.35753330213
SYR,national,1977,1014.71858228882
SYR,national,1978,1077.89783935005
SYR,national,1979,1050.7351424719
SYR,national,1980,1162.85815110502
SYR,national,1981,1211.5605
SYR,national,1982,1205.1375
SYR,national,1983,1192.3912
SYR,national,1984,1064.03
SYR,national,1985,1124.0321
SYR,national,1986,999.85614
SYR,national,1987,983.01703
SYR,national,1988,1122.5875
SYR,national,1989,939.07068
SYR,national,1990,944.75568
SYR,national,1991,987.47992
SYR,national,1992,1083.8601
SYR,national,1993,1118.175
SYR,national,1994,1165.6295
SYR,national,1995,1213.4701
SYR,national,1996,1296.8726
SYR,national,1997,1326.3947
SYR,national,1998,1380.1593
SYR,national,1999,1297.5762
SYR,national,2000,1273.7838
SYR,national,2001,1254.7847
SYR,national,2002,1271.2692
SYR,national,2003,1328.2399
SYR,national,2004,1460.849
SYR,national,2005,1576.2495
SYR,national,2006,1570.1437
SYR,national,2007,1660.2174
SYR,national,2008,1675.2181
SYR,national,2009,1648.8588
SYR,national,2010,1735.4552
SYR,national,2011,1868.2551
SYR,national,2012,1277.9512
SYR,national,2013,860.08868
SYR,national,2014,759.19116
SYR,national,2015,758.98004
SYR,national,2016,666.61566
SYR,national,2017,768.328
SYR,national,2018,857.72778
SYR,national,2019,882.37866
SYR,national,2020,592.18286
SYR,national,2021,395.95648
SYR,national,2022,356.50226
SYR,national,2023,335.31883973994513
SYR,national,2024,315.8562706854549
SYR,national,2025,307.2148903719801
SYR,national,2026,244.37035802977138
SYR,national,2027,214.43691969695283
SYR,national,2028,NA
SYR,national,2029,NA
SYR,national,2030,NA
TCA,national,2011,25240.4131944595
TCA,national,2012,24009.411965321
TCA,national,2013,23173.6123127498
TCA,national,2014,24190.6897861489
TCA,national,2015,25783.2941047676
TCA,national,2016,26417.9573446856
TCA,national,2017,24726.9473986239
TCA,national,2018,25080.1644890531
TCA,national,2019,25438.7832890572
TCA,national,2020,18122.4250199858
TCA,national,2021,19386.5198009827
TCA,national,2022,20323.1487750963
TCD,national,1960,560.296516121747
TCD,national,1961,557.277745691171
TCD,national,1962,575.849351489475
TCD,national,1963,555.685956197594
TCD,national,1964,531.286504720523
TCD,national,1965,524.42719769856
TCD,national,1966,505.506957949903
TCD,national,1967,500.114739627479
TCD,national,1968,488.637955851374
TCD,national,1969,512.328892979388
TCD,national,1970,511.5766840087
TCD,national,1971,490.03812550025
TCD,national,1972,485.061345638638
TCD,national,1973,434.356836137671
TCD,national,1974,445.919816537186
TCD,national,1975,476.153988236911
TCD,national,1976,481.048916221034
TCD,national,1977,483.038299060879
TCD,national,1978,472.418495025691
TCD,national,1979,363.585937068294
TCD,national,1980,341.187685135577
TCD,national,1981,344.668196769824
TCD,national,1982,346.31898405045
TCD,national,1983,381.131758407856
TCD,national,1984,384.08880083119
TCD,national,1985,463.363264091392
TCD,national,1986,431.375132180351
TCD,national,1987,406.558362892193
TCD,national,1988,453.90291214059
TCD,national,1989,460.326568708354
TCD,national,1990,429.249146287734
TCD,national,1991,449.281437941904
TCD,national,1992,465.176012378275
TCD,national,1993,383.259144524179
TCD,national,1994,412.84427713059
TCD,national,1995,399.999491997851
TCD,national,1996,391.173018751144
TCD,national,1997,399.388142759007
TCD,national,1998,412.84313431088
TCD,national,1999,396.011825198062
TCD,national,2000,379.351546845647
TCD,national,2001,409.703668680867
TCD,national,2002,429.426973878544
TCD,national,2003,473.468021688179
TCD,national,2004,605.239354938899
TCD,national,2005,682.353873385601
TCD,national,2006,662.88550503464
TCD,national,2007,661.772364713043
TCD,national,2008,658.874460599641
TCD,national,2009,662.923252830749
TCD,national,2010,727.52494507333
TCD,national,2011,703.123215062758
TCD,national,2012,739.338364774171
TCD,national,2013,754.17181329132
TCD,national,2014,777.935681080277
TCD,national,2015,774.411603124119
TCD,national,2016,703.466007109583
TCD,national,2017,660.126133751546
TCD,national,2018,653.349761493496
TCD,national,2019,652.703215971488
TCD,national,2020,622.278506280593
TCD,national,2021,595.663786593085
TCD,national,2022,590.305176223465
TCD,national,2023,596.5506582665198
TCD,national,2024,601.5753405833593
TCD,national,2025,601.7440104457932
TCD,national,2026,612.5866498311167
TCD,national,2027,621.970993363076
TCD,national,2028,624.8522728080857
TCD,national,2029,625.7152362243029
TCD,national,2030,626.6672027009852
TGO,national,1960,455.258662223395
TGO,national,1961,502.319502843846
TGO,national,1962,512.707811260898
TGO,national,1963,529.086866319119
TGO,national,1964,592.407605708656
TGO,national,1965,666.052880140225
TGO,national,1966,704.695050850659
TGO,national,1967,715.077786504949
TGO,national,1968,720.942481980423
TGO,national,1969,768.233273168671
TGO,national,1970,760.062990781645
TGO,national,1971,736.653754270221
TGO,national,1972,771.226644449321
TGO,national,1973,780.656996735259
TGO,national,1974,798.537340352865
TGO,national,1975,798.672068310507
TGO,national,1976,764.034065441838
TGO,national,1977,798.268180331784
TGO,national,1978,865.780457098585
TGO,national,1979,800.867309557842
TGO,national,1980,892.756003241511
TGO,national,1981,837.270876559764
TGO,national,1982,781.248422512649
TGO,national,1983,714.539453069566
TGO,national,1984,729.592488604407
TGO,national,1985,746.059394551831
TGO,national,1986,735.229105777571
TGO,national,1987,716.97542087085
TGO,national,1988,741.893812787277
TGO,national,1989,749.402652471152
TGO,national,1990,725.918654415472
TGO,national,1991,700.194798980056
TGO,national,1992,653.328591265487
TGO,national,1993,558.487992248775
TGO,national,1994,639.931747621134
TGO,national,1995,659.990778898321
TGO,national,1996,691.437585387573
TGO,national,1997,765.591766847119
TGO,national,1998,726.509858401003
TGO,national,1999,723.181808734978
TGO,national,2000,697.444149485334
TGO,national,2001,684.410966801686
TGO,national,2002,692.287698708793
TGO,national,2003,719.803659510235
TGO,national,2004,694.288756534845
TGO,national,2005,644.92796377998
TGO,national,2006,643.689746696081
TGO,national,2007,617.896929898319
TGO,national,2008,624.75981512314
TGO,national,2009,640.696687950193
TGO,national,2010,660.328158897338
TGO,national,2011,680.472492269463
TGO,national,2012,704.775613702235
TGO,national,2013,726.974599754057
TGO,national,2014,748.734510195254
TGO,national,2015,770.143379256632
TGO,national,2016,782.896127190769
TGO,national,2017,794.422973178661
TGO,national,2018,812.457589359773
TGO,national,2019,832.141408219791
TGO,national,2020,830.047232447831
TGO,national,2021,859.197302943
TGO,national,2022,888.175619676689
TGO,national,2023,914.0139998436259
TGO,national,2024,939.7189632455014
TGO,national,2025,965.758939388273
TGO,national,2026,996.4558827989646
TGO,national,2027,1027.0143547897017
TGO,national,2028,1057.8985959280571
TGO,national,2029,1089.7115860358867
TGO,national,2030,1122.4812522783634
THA,national,1960,598.149647347018
THA,national,1961,611.744881231044
THA,national,1962,638.336664859907
THA,national,1963,668.755339043344
THA,national,1964,693.027659342194
THA,national,1965,727.273587892528
THA,national,1966,784.250024775346
THA,national,1967,827.033862184286
THA,national,1968,868.603672894498
THA,national,1969,899.424615818403
THA,national,1970,973.918325745007
THA,national,1971,993.38901693325
THA,national,1972,1007.78915471657
THA,national,1973,1081.26655826562
THA,national,1974,1100.45975238973
THA,national,1975,1126.70739656404
THA,national,1976,1203.1570873477
THA,national,1977,1291.92495462196
THA,national,1978,1393.61678332987
THA,national,1979,1437.20048562434
THA,national,1980,1479.24458228382
THA,national,1981,1533.44542098144
THA,national,1982,1582.56546283918
THA,national,1983,1637.62973086816
THA,national,1984,1698.12379688323
THA,national,1985,1743.38439165966
THA,national,1986,1806.05042038969
THA,national,1987,1942.64809293796
THA,national,1988,2162.39539224984
THA,national,1989,2385.22782017633
THA,national,1990,2608.16836313844
THA,national,1991,2787.39952544554
THA,national,1992,2968.31508830874
THA,national,1993,3166.70415413842
THA,national,1994,3371.28582520072
THA,national,1995,3595.06458214649
THA,national,1996,3748.65640458662
THA,national,1997,3598.93108456694
THA,national,1998,3283.48065090541
THA,national,1999,3395.2608229066
THA,national,2000,3511.44036062865
THA,national,2001,3599.09587234252
THA,national,2002,3786.3381111472
THA,national,2003,4023.81319562131
THA,national,2004,4241.90197295429
THA,national,2005,4385.28080638768
THA,national,2006,4568.55641976608
THA,national,2007,4780.30338592987
THA,national,2008,4826.57716083638
THA,national,2009,4758.93355500518
THA,national,2010,5082.25359332442
THA,national,2011,5091.95801617114
THA,national,2012,5425.68517377961
THA,national,2013,5537.7423220456
THA,national,2014,5561.69761642482
THA,national,2015,5708.79409105798
THA,national,2016,5878.7539395442
THA,national,2017,6099.1980263524
THA,national,2018,6336.23967742373
THA,national,2019,6453.89408036298
THA,national,2020,6048.10026947131
THA,national,2021,6127.58983302479
THA,national,2022,6278.35143969784
THA,national,2023,6438.255109515205
THA,national,2024,6636.408802476477
THA,national,2025,6760.406046104971
THA,national,2026,6881.121607409387
THA,national,2027,7023.993530252799
THA,national,2028,7171.27014010143
THA,national,2029,7335.3338846650595
THA,national,2030,7511.686123534552
TJK,national,1973,1709.6455154527723
TJK,national,1980,1505.074786546902
TJK,national,1981,1472.5949268998752
TJK,national,1982,1440.1150672528483
TJK,national,1983,1452.9498505004638
TJK,national,1984,1432.518971045076
TJK,national,1985,1405.0158640859
TJK,national,1986,1412.46450806684
TJK,national,1987,1353.7557904198
TJK,national,1988,1495.4504062597
TJK,national,1989,1354.60361857055
TJK,national,1990,1308.32038919188
TJK,national,1991,1185.1448969658
TJK,national,1992,826.590818236112
TJK,national,1993,683.585450761578
TJK,national,1994,529.992946970775
TJK,national,1995,455.385588992384
TJK,national,1996,371.830240683108
TJK,national,1997,373.04411675608
TJK,national,1998,390.327917481466
TJK,national,1999,402.625947586252
TJK,national,2000,430.34100366262
TJK,national,2001,461.577989521254
TJK,national,2002,501.034911091693
TJK,national,2003,545.251885565326
TJK,national,2004,590.03115578753
TJK,national,2005,617.938863820473
TJK,national,2006,649.17706934955
TJK,national,2007,687.062143242553
TJK,national,2008,727.551324645834
TJK,national,2009,741.354168649267
TJK,national,2010,773.673913734346
TJK,national,2011,813.523438561118
TJK,national,2012,855.680086950303
TJK,national,2013,898.644316222814
TJK,national,2014,937.003462788715
TJK,national,2015,970.362599665447
TJK,national,2016,1013.39122949182
TJK,national,2017,1060.99687670627
TJK,national,2018,1116.29308856966
TJK,national,2019,1172.07912348637
TJK,national,2020,1197.21068286078
TJK,national,2021,1281.96091121843
TJK,national,2022,1356.31728120841
TJK,national,2023,1418.9264102908735
TJK,national,2024,1464.3109815819807
TJK,national,2025,1538.3711320564573
TJK,national,2026,1585.5489610663453
TJK,national,2027,1632.0071470300397
TJK,national,2028,1679.3607205809974
TJK,national,2029,1728.6470944200207
TJK,national,2030,1779.8317523317269
TKM,national,1973,3307.202003156796
TKM,national,1980,2907.3972634017173
TKM,national,1981,2865.697199147693
TKM,national,1982,2826.5765203114433
TKM,national,1983,2809.380617526279
TKM,national,1984,2714.373254638244
TKM,national,1985,2659.346365725717
TKM,national,1986,2667.0845219790413
TKM,national,1987,2662.78554628275
TKM,national,1988,2876.9774628716
TKM,national,1989,2681.3834417353
TKM,national,1990,3533.60113182536
TKM,national,1991,3281.34143632654
TKM,national,1992,2715.93203974202
TKM,national,1993,2684.6523861659
TKM,national,1994,2165.77333655628
TKM,national,1995,1965.33491003282
TKM,national,1996,2060.70409879415
TKM,national,1997,1799.60043677333
TKM,national,1998,1897.86467089609
TKM,national,1999,2176.84220532412
TKM,national,2000,2261.69986509521
TKM,national,2001,2326.36025746557
TKM,national,2002,2300.63918745965
TKM,national,2003,2345.87918266612
TKM,national,2004,2432.10846238412
TKM,national,2005,2711.98325001691
TKM,national,2006,2968.11316104068
TKM,national,2007,3249.87774743991
TKM,national,2008,3672.65473901885
TKM,national,2009,3835.8599588479
TKM,national,2010,4119.57179879187
TKM,national,2011,4643.31654083948
TKM,national,2012,5066.23173582571
TKM,national,2013,5481.15683394058
TKM,national,2014,5935.69715706257
TKM,national,2015,6208.2966545016
TKM,national,2016,6478.47003028692
TKM,national,2017,6784.17434899481
TKM,national,2018,7089.94180488049
TKM,national,2019,7422.36252071934
TKM,national,2020,7064.44650718829
TKM,national,2021,7275.93105319862
TKM,national,2022,7297.31105443056
TKM,national,2023,7375.373265039545
TKM,national,2024,7433.5746452215335
TKM,national,2025,7511.365450266676
TKM,national,2026,7600.96399936954
TKM,national,2027,7693.509126091809
TKM,national,2028,7785.7187180339415
TKM,national,2029,7881.888367210783
TKM,national,2030,7981.541107482738
TLS,national,2000,947.998255613683
TLS,national,2001,1084.92492087416
TLS,national,2002,993.681497096074
TLS,national,2003,954.080186564795
TLS,national,2004,938.386011202884
TLS,national,2005,943.139153906881
TLS,national,2006,881.358912095988
TLS,national,2007,948.192045033056
TLS,national,2008,1032.22347413301
TLS,national,2009,1112.99296662354
TLS,national,2010,1191.19999588294
TLS,national,2011,1234.40506702341
TLS,national,2012,1266.30210155551
TLS,national,2013,1278.77225519729
TLS,national,2014,1309.72139692711
TLS,national,2015,1322.9290943123
TLS,national,2016,1346.55035566335
TLS,national,2017,1284.61835444008
TLS,national,2018,1256.90389911275
TLS,national,2019,1528.64619551962
TLS,national,2020,1986.88382500015
TLS,national,2021,2059.31534425751
TLS,national,2022,1611.46865755427
TLS,national,2023,824.4009924316833
TLS,national,2024,797.4345922427593
TLS,national,2025,814.9421443156526
TLS,national,2026,831.8563858725928
TLS,national,2027,849.122555902334
TLS,national,2028,863.288026807846
TLS,national,2029,876.5647966749722
TLS,national,2030,889.97297987275
TON,national,1980,2070.6926778086663
TON,national,1981,2347.89358397977
TON,national,1982,2424.405031057515
TON,national,1983,2468.322918135585
TON,national,1984,2570.24249086266
TON,national,1985,2679.180475704585
TON,national,1986,2742.8627848488204
TON,national,1987,2745.01821506236
TON,national,1988,2710.45682649332
TON,national,1989,2677.28392818634
TON,national,1990,2725.724434481215
TON,national,1991,2806.52950327694
TON,national,1992,2855.582339333325
TON,national,1993,2972.9162528398347
TON,national,1994,3149.3700472084947
TON,national,1995,3283.3503379587
TON,national,1996,3321.689753322325
TON,national,1997,3363.6737970208997
TON,national,1998,3445.05116102071
TON,national,1999,3501.6249027628
TON,national,2000,3561.292719166635
TON,national,2001,3693.1306117861
TON,national,2002,3802.254958808665
TON,national,2003,3777.1967264180203
TON,national,2004,3710.812546441835
TON,national,2005,3689.35441239914
TON,national,2006,3674.148639811675
TON,national,2007,3753.2998398044947
TON,national,2008,3731.916188457085
TON,national,2009,3639.1280669643847
TON,national,2010,3769.9265296242247
TON,national,2011,3908.21639335526
TON,national,2012,3939.9405993290748
TON,national,2013,4002.329701097065
TON,national,2014,4084.46216710536
TON,national,2015,4261.840229241259
TON,national,2016,4485.243143930615
TON,national,2017,4576.00850868583
TON,national,2018,4607.864076895456
TON,national,2019,4633.061732805305
TON,national,2020,4559.57690223182
TON,national,2021,4441.8691657565505
TON,national,2022,4365.602385825106
TON,national,2023,4488.460365829916
TON,national,2024,4613.446290766091
TON,national,2025,4734.6213133163155
TON,national,2026,4840.889689839605
TON,national,2027,4941.53943025619
TON,national,2028,5030.652058937748
TON,national,2029,5104.2458955133725
TON,national,2030,5178.937458845008
TTO,national,1960,4280.48632719728
TTO,national,1961,4779.96497589212
TTO,national,1962,4819.1803086658
TTO,national,1963,4997.77582448656
TTO,national,1964,5286.43020477985
TTO,national,1965,5236.75008400773
TTO,national,1966,5367.4692304871
TTO,national,1967,5402.1265262774
TTO,national,1968,5613.26642042317
TTO,national,1969,5702.06652412849
TTO,national,1970,5842.37742870672
TTO,national,1971,5836.81490548389
TTO,national,1972,6095.57426831815
TTO,national,1973,6114.86072778278
TTO,national,1974,6263.92433495278
TTO,national,1975,6273.72502394883
TTO,national,1976,6590.04088576287
TTO,national,1977,7098.11756837119
TTO,national,1978,7703.16128358439
TTO,national,1979,7867.49032372814
TTO,national,1980,8565.30565876042
TTO,national,1981,8841.00625407528
TTO,national,1982,9062.34556539667
TTO,national,1983,8030.80805154799
TTO,national,1984,7482.88280572181
TTO,national,1985,7084.70526639875
TTO,national,1986,6758.95509758814
TTO,national,1987,6371.67531871192
TTO,national,1988,6057.04121998204
TTO,national,1989,5951.41566061334
TTO,national,1990,5992.06382684963
TTO,national,1991,6131.57180191731
TTO,national,1992,6701.70943977902
TTO,national,1993,6613.28299000755
TTO,national,1994,6810.14477280651
TTO,national,1995,7034.85256095605
TTO,national,1996,7504.54972947414
TTO,national,1997,8040.10882963295
TTO,national,1998,8664.40462140164
TTO,national,1999,9328.03249944587
TTO,national,2000,9933.31968454751
TTO,national,2001,10298.1974960806
TTO,national,2002,11054.4480042661
TTO,national,2003,12579.9364820175
TTO,national,2004,13503.9853094738
TTO,national,2005,14259.6474847894
TTO,national,2006,16051.1066168675
TTO,national,2007,16717.7825502372
TTO,national,2008,17186.2448722308
TTO,national,2009,16333.1072215655
TTO,national,2010,16766.940767077
TTO,national,2011,16603.1080011029
TTO,national,2012,17710.3147382412
TTO,national,2013,18204.0823412775
TTO,national,2014,18776.1644330238
TTO,national,2015,18508.770502876
TTO,national,2016,17008.9733022413
TTO,national,2017,16090.8102862145
TTO,national,2018,15716.4297308559
TTO,national,2019,15614.991387406
TTO,national,2020,14214.3868221212
TTO,national,2021,13997.6210862481
TTO,national,2022,14155.1747962802
TTO,national,2023,14437.291358889803
TTO,national,2024,14681.48169776692
TTO,national,2025,15058.875292304407
TTO,national,2026,15233.340524476158
TTO,national,2027,15715.374785494834
TTO,national,2028,16114.027483447222
TTO,national,2029,16516.943464572767
TTO,national,2030,16743.17638606283
TUN,national,1960,885.327642442832
TUN,national,1961,946.5273113272501
TUN,national,1962,908.8977851888578
TUN,national,1963,1025.5079650902492
TUN,national,1964,1047.4240627312909
TUN,national,1965,1089.60221290839
TUN,national,1966,1104.52552080492
TUN,national,1967,1079.66108332937
TUN,national,1968,1161.22647342832
TUN,national,1969,1184.14880325391
TUN,national,1970,1206.97075044326
TUN,national,1971,1299.75907365855
TUN,national,1972,1490.64409084024
TUN,national,1973,1441.99043156868
TUN,national,1974,1516.93021355033
TUN,national,1975,1581.54082741937
TUN,national,1976,1659.81711237156
TUN,national,1977,1670.57974831975
TUN,national,1978,1732.08826197364
TUN,national,1979,1799.43557893047
TUN,national,1980,1885.33908376035
TUN,national,1981,1940.36416235611
TUN,national,1982,1883.06182638677
TUN,national,1983,1922.21555495551
TUN,national,1984,1980.25285348926
TUN,national,1985,2036.99861420388
TUN,national,1986,1955.36866470559
TUN,national,1987,2033.72957196472
TUN,national,1988,1986.14172730236
TUN,national,1989,1974.91475521009
TUN,national,1990,2085.53344781849
TUN,national,1991,2121.0179959303
TUN,national,1992,2239.90277976005
TUN,national,1993,2244.42580447035
TUN,national,1994,2273.72672867544
TUN,national,1995,2289.39738523344
TUN,national,1996,2417.50780875285
TUN,national,1997,2515.06681841241
TUN,national,1998,2602.91985681137
TUN,national,1999,2729.23478349333
TUN,national,2000,2827.3788004231
TUN,national,2001,2904.82176167786
TUN,national,2002,2914.24686178568
TUN,national,2003,3021.58200688059
TUN,national,2004,3179.3035277826302
TUN,national,2005,3259.70899916199
TUN,national,2006,3399.49345612912
TUN,national,2007,3594.38174988462
TUN,national,2008,3711.628807837
TUN,national,2009,3787.66409620071
TUN,national,2010,3860.62285617991
TUN,national,2011,3734.49128157899
TUN,national,2012,3842.55557487607
TUN,national,2013,3892.07527976898
TUN,national,2014,3967.18318820868
TUN,national,2015,3960.92484913663
TUN,national,2016,3961.3524796337
TUN,national,2017,4006.87408673016
TUN,national,2018,4070.1498157184
TUN,national,2019,4094.87794145504
TUN,national,2020,3699.28374051392
TUN,national,2021,3830.37426171124
TUN,national,2022,3894.16668688978
TUN,national,2023,3911.198703894053
TUN,national,2024,3953.144517891209
TUN,national,2025,4004.9419775374604
TUN,national,2026,4047.204420116189
TUN,national,2027,4094.6115271682143
TUN,national,2028,4119.7411170684645
TUN,national,2029,4145.9997487622495
TUN,national,2030,4173.314251004255
TUR,national,1960,2506.09023773606
TUR,national,1961,2468.30810445229
TUR,national,1962,2535.94317513722
TUR,national,1963,2692.21270104346
TUR,national,1964,2766.38259183941
TUR,national,1965,2775.43327543942
TUR,national,1966,3010.05395024764
TUR,national,1967,3071.01564727037
TUR,national,1968,3196.17522513066
TUR,national,1969,3246.33752089055
TUR,national,1970,3274.08121108446
TUR,national,1971,3378.48916725744
TUR,national,1972,3548.55229678255
TUR,national,1973,3583.35800601519
TUR,national,1974,3702.51270116716
TUR,national,1975,3887.10228534094
TUR,national,1976,4206.02095399132
TUR,national,1977,4256.33551272555
TUR,national,1978,4227.69794619033
TUR,national,1979,4114.21972582848
TUR,national,1980,3931.45624703016
TUR,national,1981,4040.57130060989
TUR,national,1982,4096.38243922903
TUR,national,1983,4201.5896113392
TUR,national,1984,4382.91223594535
TUR,national,1985,4469.49621648544
TUR,national,1986,4683.0758226277
TUR,national,1987,5024.61853070705
TUR,national,1988,5040.34747048449
TUR,national,1989,4957.36328832458
TUR,national,1990,5315.12340631358
TUR,national,1991,5256.92494173151
TUR,national,1992,5425.44925326769
TUR,national,1993,5739.24266152544
TUR,national,1994,5376.15917568613
TUR,national,1995,5702.37858438331
TUR,national,1996,6022.8276144891
TUR,national,1997,6375.21127752109
TUR,national,1998,6427.28698099223
TUR,national,1999,6124.72080764276
TUR,national,2000,6454.57176147712
TUR,national,2001,5993.82821038192
TUR,national,2002,6291.66527516734
TUR,national,2003,6566.82712373944
TUR,national,2004,7112.49103699943
TUR,national,2005,7648.30340007847
TUR,national,2006,8074.33402690948
TUR,national,2007,8414.25350387565
TUR,national,2008,8376.14924620652
TUR,national,2009,7862.87076474477
TUR,national,2010,8396.92342026278
TUR,national,2011,9201.33726059829
TUR,national,2012,9519.81508910914
TUR,national,2013,10195.8475785153
TUR,national,2014,10556.1170411504
TUR,national,2015,11049.9951100942
TUR,national,2016,11264.6145749335
TUR,national,2017,11953.6664174026
TUR,national,2018,12148.2942496874
TUR,national,2019,12073.8715524618
TUR,national,2020,12179.661169348
TUR,national,2021,13449.9261694512
TUR,national,2022,14055.1055648777
TUR,national,2023,14443.99823779082
TUR,national,2024,14709.642575568265
TUR,national,2025,15129.041315785773
TUR,national,2026,15630.787861857663
TUR,national,2027,16236.337135148684
TUR,national,2028,16760.160760482468
TUR,national,2029,17330.923576977933
TUR,national,2030,17965.96579166948
TUV,national,1990,2348.30258077444
TUV,national,1991,2388.31842320356
TUV,national,1992,2425.87737003179
TUV,national,1993,2512.06664364242
TUV,national,1994,2758.21947128232
TUV,national,1995,2613.07825927206
TUV,national,1996,2450.65540488207
TUV,national,1997,2690.48306527157
TUV,national,1998,3106.24907635921
TUV,national,1999,3055.76823838332
TUV,national,2000,3026.74029189346
TUV,national,2001,3032.08844540788
TUV,national,2002,3325.0059590225
TUV,national,2003,3161.03150566386
TUV,national,2004,3050.38175518473
TUV,national,2005,2872.99819426197
TUV,national,2006,2908.44695246951
TUV,national,2007,3079.65488506283
TUV,national,2008,3245.63005488086
TUV,national,2009,3003.01858459865
TUV,national,2010,2896.76327931357
TUV,national,2011,3050.89225158801
TUV,national,2012,2943.61362265038
TUV,national,2013,3053.59149328963
TUV,national,2014,3058.91475582496
TUV,national,2015,3384.38320147639
TUV,national,2016,3584.19006429158
TUV,national,2017,3680.08389531743
TUV,national,2018,3718.43097727405
TUV,national,2019,4197.24209189716
TUV,national,2020,3976.79623412583
TUV,national,2021,3999.76106249156
TUV,national,2022,3988.40624101948
TUV,national,2023,4125.9767606686
TUV,national,2024,4252.0100685004845
TUV,national,2025,4441.9836959384465
TUV,national,2026,4607.2488231677125
TUV,national,2027,4695.487188958185
TUV,national,2028,4773.7404692920245
TUV,national,2029,4848.145353536184
TUV,national,2030,4914.710069262644
TWN,national,1960,2129.512657442748
TWN,national,1961,2199.6078816793893
TWN,national,1962,2296.359036259542
TWN,national,1963,2431.613201335878
TWN,national,1964,2641.898874045801
TWN,national,1965,2848.2355200381676
TWN,national,1966,3015.0818988549613
TWN,national,1967,3257.9470419847326
TWN,national,1968,3439.602270992366
TWN,national,1969,3672.5948473282438
TWN,national,1970,3992.466011450381
TWN,national,1971,4413.037356870228
TWN,national,1972,4898.7676431297705
TWN,national,1973,5425.962709923663
TWN,national,1974,5385.485186068701
TWN,national,1975,5542.458998091603
TWN,national,1976,6165.4179627862595
TWN,national,1977,6665.957099236642
TWN,national,1978,7423.182972328244
TWN,national,1979,7865.473964694656
TWN,national,1980,8277.16
TWN,national,1981,8705.05
TWN,national,1982,8965.210000000001
TWN,national,1983,9631.230000000001
TWN,national,1984,10444.18
TWN,national,1985,10807.62
TWN,national,1986,11931.17
TWN,national,1987,13305.240000000002
TWN,national,1988,14207.6
TWN,national,1989,15291.83
TWN,national,1990,15945.57
TWN,national,1991,17108.97
TWN,national,1992,18355.47
TWN,national,1993,19426.16
TWN,national,1994,20703.77
TWN,national,1995,21863.829999999998
TWN,national,1996,23033.1
TWN,national,1997,24182.69
TWN,national,1998,24986.05
TWN,national,1999,26470.39
TWN,national,2000,27909.03
TWN,national,2001,27359.57
TWN,national,2002,28711.62
TWN,national,2003,29813.67
TWN,national,2004,31767.36
TWN,national,2005,33358.05
TWN,national,2006,35119.3
TWN,national,2007,37391.42
TWN,national,2008,37561.5
TWN,national,2009,36823.4
TWN,national,2010,40521.89
TWN,national,2011,41897.1
TWN,national,2012,42660.86
TWN,national,2013,43612.48
TWN,national,2014,45553.259999999995
TWN,national,2015,46106.21
TWN,national,2016,47008.92
TWN,national,2017,48500.850000000006
TWN,national,2018,49815.03
TWN,national,2019,51310.48
TWN,national,2020,53142.48
TWN,national,2021,57061.719999999994
TWN,national,2022,58682.93
TWN,national,2023,59212.1
TWN,national,2024,60968.27
TWN,national,2025,62762.48034277583
TWN,national,2026,64386.52184478814
TWN,national,2027,65962.7517387343
TWN,national,2028,67510.04739409797
TWN,national,2029,69081.40835431096
TWN,national,2030,70580.91731293862
TZA,national,1960,378.5870344096762
TZA,national,1961,363.5883677459049
TZA,national,1962,385.82777004046244
TZA,national,1963,398.24045969323873
TZA,national,1964,407.03278153062195
TZA,national,1965,409.618758541617
TZA,national,1966,448.4084137065429
TZA,national,1967,452.54597692413495
TZA,national,1968,462.3726895659162
TZA,national,1969,456.6835401417271
TZA,national,1970,468.06183899010534
TZA,national,1971,473.2337930120955
TZA,national,1972,488.7496550780658
TZA,national,1973,488.7496550780658
TZA,national,1974,484.61209186047375
TZA,national,1975,494.438804502255
TZA,national,1976,515.1266205902155
TZA,national,1977,513.5750343836183
TZA,national,1978,513.5750343836183
TZA,national,1979,505.2999079484341
TZA,national,1980,495.4731953066529
TZA,national,1981,482.78104834449925
TZA,national,1982,470.83733265284116
TZA,national,1983,467.41481882213753
TZA,national,1984,468.8493120905874
TZA,national,1985,475.635868558987
TZA,national,1986,491.964923726205
TZA,national,1987,505.68226560575613
TZA,national,1988,512.328491210938
TZA,national,1989,517.510986328125
TZA,national,1990,539.56494140625
TZA,national,1991,536.752868652344
TZA,national,1992,526.420776367188
TZA,national,1993,516.178955078125
TZA,national,1994,504.301025390625
TZA,national,1995,505.900390625
TZA,national,1996,519.06298828125
TZA,national,1997,526.490417480469
TZA,national,1998,531.982299804688
TZA,national,1999,543.351318359375
TZA,national,2000,552.067810058594
TZA,national,2001,569.900146484375
TZA,national,2002,594.598815917969
TZA,national,2003,617.651306152344
TZA,national,2004,646.256591796875
TZA,national,2005,675.612365722656
TZA,national,2006,699.862731933594
TZA,national,2007,726.5927734375
TZA,national,2008,747.271667480469
TZA,national,2009,767.233459472656
TZA,national,2010,795.046020507813
TZA,national,2011,832.010070800781
TZA,national,2012,844.567993164063
TZA,national,2013,875.112976074219
TZA,national,2014,905.484252929688
TZA,national,2015,929.7998046875
TZA,national,2016,959.852294921875
TZA,national,2017,990.627197265625
TZA,national,2018,1012.49896240234
TZA,national,2019,1039.51049804688
TZA,national,2020,1028.91186523438
TZA,national,2021,1041.75061035156
TZA,national,2022,1057.65832519531
TZA,national,2023,1080.615301426418
TZA,national,2024,1113.253284944599
TZA,national,2025,1145.750809306033
TZA,national,2026,1181.8360408504923
TZA,national,2027,1220.002220862309
TZA,national,2028,1261.1157552443851
TZA,national,2029,1303.6889750894488
TZA,national,2030,1344.401790745356
UGA,national,1960,429.6488029102693
UGA,national,1961,413.0221122083767
UGA,national,1962,417.9345435521177
UGA,national,1963,452.32156295830464
UGA,national,1964,472.7270470015364
UGA,national,1965,469.3261329943311
UGA,national,1966,483.68554769142014
UGA,national,1967,495.0219277154378
UGA,national,1968,492.7546517106342
UGA,national,1969,530.5425851240265
UGA,national,1970,522.2292397730802
UGA,national,1971,523.3628777754819
UGA,national,1972,515.4274117586696
UGA,national,1973,502.9573937322502
UGA,national,1974,491.9988930423664
UGA,national,1975,469.70401232846496
UGA,national,1976,460.6349083092508
UGA,national,1977,456.1003562996438
UGA,national,1978,419.82394022278726
UGA,national,1979,365.03143677336857
UGA,national,1980,344.6259527301368
UGA,national,1981,347.33117374647543
UGA,national,1982,364.69822910840446
UGA,national,1983,364.8071109833025
UGA,national,1984,348.45672058364653
UGA,national,1985,333.4124444742975
UGA,national,1986,330.46920410955545
UGA,national,1987,339.87243902742046
UGA,national,1988,353.18485516444
UGA,national,1989,363.9406568447845
UGA,national,1990,373.4672841861445
UGA,national,1991,377.358343818661
UGA,national,1992,386.036064122114
UGA,national,1993,400.533606913531
UGA,national,1994,423.583640377484
UGA,national,1995,454.4666483692855
UGA,national,1996,472.912315264538
UGA,national,1997,482.165397488778
UGA,national,1998,497.7557319524775
UGA,national,1999,508.86833575278
UGA,national,2000,513.9241597607885
UGA,national,2001,533.1149020991445
UGA,national,2002,555.9040234279225
UGA,national,2003,575.0929266414221
UGA,national,2004,595.143645551728
UGA,national,2005,627.7530416229281
UGA,national,2006,667.91407622724455
UGA,national,2007,704.1782081076456
UGA,national,2008,736.7663718285139
UGA,national,2009,760.0273873274225
UGA,national,2010,793.8744102303485
UGA,national,2011,821.5401311167066
UGA,national,2012,827.8010905596515
UGA,national,2013,838.916329029145
UGA,national,2014,855.766174029038
UGA,national,2015,869.988156204963
UGA,national,2016,873.9910648071304
UGA,national,2017,884.174204205072
UGA,national,2018,909.092852984845
UGA,national,2019,920.071635953684
UGA,national,2020,919.3338561668055
UGA,national,2021,927.44422672202
UGA,national,2022,958.3626072343314
UGA,national,2023,972.9513517510194
UGA,national,2024,998.7616387943509
UGA,national,2025,1032.409414030705
UGA,national,2026,1088.9275751126559
UGA,national,2027,1127.8189065789738
UGA,national,2028,1158.0643333391565
UGA,national,2029,1196.4080935579123
UGA,national,2030,1231.2270554136321
UKR,national,1973,2566.969584020616
UKR,national,1980,2769.082872710225
UKR,national,1981,2843.6489403821192
UKR,national,1982,2921.8124937750263
UKR,national,1983,3037.5861251603365
UKR,national,1984,3099.0704265740037
UKR,national,1985,3069.963496649448
UKR,national,1986,3076.8314239350175
UKR,national,1987,3155.32202148438
UKR,national,1988,3221.98022460938
UKR,national,1989,3330.48071289063
UKR,national,1990,3112.037109375
UKR,national,1991,2835.32861328125
UKR,national,1992,2547.2880859375
UKR,national,1993,2184.36694335938
UKR,national,1994,1692.50903320313
UKR,national,1995,1497.81005859375
UKR,national,1996,1360.0419921875
UKR,national,1997,1331.31848144531
UKR,national,1998,1317.74645996094
UKR,national,1999,1327.5673828125
UKR,national,2000,1420.11669921875
UKR,national,2001,1561.41027832031
UKR,national,2002,1660.47790527344
UKR,national,2003,1833.31408691406
UKR,national,2004,2065.16650390625
UKR,national,2005,2144.248046875
UKR,national,2006,2322.24487304688
UKR,national,2007,2528.08129882813
UKR,national,2008,2598.83325195313
UKR,national,2009,2215.27221679688
UKR,national,2010,2315.10009765625
UKR,national,2011,2449.9580078125
UKR,national,2012,2459.75708007813
UKR,national,2013,2466.484375
UKR,national,2014,2346.2373046875
UKR,national,2015,2124.66259765625
UKR,national,2016,2185.3173828125
UKR,national,2017,2246.73876953125
UKR,national,2018,2336.9765625
UKR,national,2019,2425.634765625
UKR,national,2020,2350.40014648438
UKR,national,2021,2452.98291015625
UKR,national,2022,2032.85009765625
UKR,national,2023,2176.477319956937
UKR,national,2024,2213.674960011727
UKR,national,2025,2193.0631708026776
UKR,national,2026,2274.6879797900842
UKR,national,2027,2381.076057853498
UKR,national,2028,2485.2617408531833
UKR,national,2029,2591.364177851698
UKR,national,2030,2699.2620234747087
URY,national,1960,6636.64597936718
URY,national,1961,6716.76153151536
URY,national,1962,6531.21508139755
URY,national,1963,6466.2849157998
URY,national,1964,6550.5719082857
URY,national,1965,6549.79562052594
URY,national,1966,6684.06764645259
URY,national,1967,6381.14254335839
URY,national,1968,6448.40123057415
URY,national,1969,6778.49617781299
URY,national,1970,6896.11095305847
URY,national,1971,6841.41774542823
URY,national,1972,6713.82245982627
URY,national,1973,6694.94737954826
URY,national,1974,6848.32195700923
URY,national,1975,7219.41108019401
URY,national,1976,7453.83483568324
URY,national,1977,7514.92878903381
URY,national,1978,7874.08756040201
URY,national,1979,8319.87331007294
URY,national,1980,8767.21725782163
URY,national,1981,8866.94548905042
URY,national,1982,7966.51922445763
URY,national,1983,7114.32907240564
URY,national,1984,6998.0409442302
URY,national,1985,7063.18963667581
URY,national,1986,7642.51517755138
URY,national,1987,8205.95115584968
URY,national,1988,8276.14103207786
URY,national,1989,8313.13233778964
URY,national,1990,8286.69823284092
URY,national,1991,8529.70101533064
URY,national,1992,9152.65189143599
URY,national,1993,9342.52074175831
URY,national,1994,9965.60371804258
URY,national,1995,9765.15287883869
URY,national,1996,10251.2707484674
URY,national,1997,11064.2988562422
URY,national,1998,11501.8511447995
URY,national,1999,11270.6762572437
URY,national,2000,11008.6381575408
URY,national,2001,10557.5045363812
URY,national,2002,9724.98792908131
URY,national,2003,9792.16333386971
URY,national,2004,10271.0117849545
URY,national,2005,11024.3880393628
URY,national,2006,11460.2825072987
URY,national,2007,12186.595746246
URY,national,2008,13031.8584355217
URY,national,2009,13552.2445635905
URY,national,2010,14572.7632283181
URY,national,2011,15284.0632803535
URY,national,2012,15780.2644395933
URY,national,2013,16463.0155134414
URY,national,2014,16943.6910598977
URY,national,2015,16950.7531694816
URY,national,2016,17181.9067620595
URY,national,2017,17437.8549207969
URY,national,2018,17440.3819389787
URY,national,2019,17563.2079386362
URY,national,2020,16459.9779829861
URY,national,2021,17342.791061273
URY,national,2022,18214.8075405042
URY,national,2023,18336.779813812995
URY,national,2024,18872.68643797169
URY,national,2025,19317.59720619278
URY,national,2026,19755.1390056941
URY,national,2027,20153.243658200456
URY,national,2028,20584.809208239403
URY,national,2029,20992.422868948346
URY,national,2030,21401.5292516362
USA,national,1960,19135.2681815327
USA,national,1961,19253.5473294341
USA,national,1962,20116.2351242269
USA,national,1963,20701.2699473561
USA,national,1964,21599.8187054259
USA,national,1965,22696.678582964
USA,national,1966,23894.408153854
USA,national,1967,24226.5287873383
USA,national,1968,25137.1602435017
USA,national,1969,25664.3794275179
USA,national,1970,25295.2100247742
USA,national,1971,25800.0012953805
USA,national,1972,26867.6303169189
USA,national,1973,28114.8675610758
USA,national,1974,27708.5699542679
USA,national,1975,27380.3393850157
USA,national,1976,28582.7368220699
USA,national,1977,29605.1832509229
USA,national,1978,30914.6159489633
USA,national,1979,31543.384323832
USA,national,1980,31161.9307250523
USA,national,1981,31640.6777866874
USA,national,1982,30775.4413892534
USA,national,1983,31893.1990487271
USA,national,1984,33906.3512435069
USA,national,1985,35008.5302281401
USA,national,1986,35887.5545010474
USA,national,1987,36798.6044063082
USA,national,1988,37989.1923811549
USA,national,1989,39014.204109084
USA,national,1990,39303.4890094262
USA,national,1991,38739.7983208225
USA,national,1992,39552.0218779482
USA,national,1993,40108.0080371193
USA,national,1994,41215.3429307632
USA,national,1995,41820.6801876235
USA,national,1996,42896.4164829209
USA,national,1997,44267.9058817489
USA,national,1998,45715.6926453849
USA,national,1999,47360.5364177179
USA,national,2000,48746.0409600767
USA,national,2001,48726.5816727299
USA,national,2002,49095.3317986996
USA,national,2003,50036.2342349321
USA,national,2004,51485.2074124697
USA,national,2005,52789.7314187756
USA,national,2006,53738.0917251561
USA,national,2007,54299.6172405205
USA,national,2008,53854.1606116578
USA,national,2009,51996.1834952422
USA,national,2010,52963.4641697124
USA,national,2011,53394.8618380061
USA,national,2012,54213.4595516389
USA,national,2013,54830.7840664164
USA,national,2014,55675.3868536862
USA,national,2015,56762.7294515989
USA,national,2016,57292.5387829091
USA,national,2017,58207.578310388
USA,national,2018,59607.3936602496
USA,national,2019,60698.0112990179
USA,national,2020,58451.6067152443
USA,national,2021,61829.8456266599
USA,national,2022,62789.1279211483
USA,national,2023,63789.985817489636
USA,national,2024,64432.68763381228
USA,national,2025,64986.83787103788
USA,national,2026,65693.75182600514
USA,national,2027,66634.89352202734
USA,national,2028,67648.84711085931
USA,national,2029,68679.65365713766
USA,national,2030,69727.15758906698
UZB,national,1973,1790.9179889531822
UZB,national,1980,1642.7952949745313
UZB,national,1981,1659.106424966228
UZB,national,1982,1673.8746102289804
UZB,national,1983,1691.0674229229307
UZB,national,1984,1584.6042366257752
UZB,national,1985,1582.8408712212674
UZB,national,1986,1521.7843440901868
UZB,national,1987,1472.41011276397
UZB,national,1988,1564.0994292603
UZB,national,1989,1572.11490288094
UZB,national,1990,1565.5649427794
UZB,national,1991,1524.99795097478
UZB,national,1992,1322.8197248344
UZB,national,1993,1263.35692235594
UZB,national,1994,1174.38028142998
UZB,national,1995,1142.97105938579
UZB,national,1996,1140.37975086762
UZB,national,1997,1177.2745315466
UZB,national,1998,1208.29263901494
UZB,national,1999,1246.73784176271
UZB,national,2000,1276.76030788859
UZB,national,2001,1313.19226452267
UZB,national,2002,1348.76378796072
UZB,national,2003,1389.58720031531
UZB,national,2004,1475.96965752392
UZB,national,2005,1560.29200013139
UZB,national,2006,1656.22258482017
UZB,national,2007,1787.49020360582
UZB,national,2008,1917.84936181224
UZB,national,2009,2037.58148778491
UZB,national,2010,2131.35771989599
UZB,national,2011,2231.05271256665
UZB,national,2012,2354.59364315802
UZB,national,2013,2487.24440322921
UZB,national,2014,2613.74824831296
UZB,national,2015,2753.97105782901
UZB,national,2016,2867.05111333659
UZB,national,2017,2943.09920641478
UZB,national,2018,3062.48622234038
UZB,national,2019,3185.33455529018
UZB,national,2020,3187.04897358641
UZB,national,2021,3356.03325475759
UZB,national,2022,3473.3616428672
UZB,national,2023,3587.36880207434
UZB,national,2024,3709.425678929926
UZB,national,2025,3854.963804717099
UZB,national,2026,4009.8151102169077
UZB,national,2027,4163.282090281301
UZB,national,2028,4310.066618855474
UZB,national,2029,4462.10977882154
UZB,national,2030,4619.826422308979
VCT,national,1960,1893.78551643872
VCT,national,1961,1944.28369483476
VCT,national,1962,1981.02993443013
VCT,national,1963,1826.43034566275
VCT,national,1964,1863.70352206611
VCT,national,1965,1850.56340040267
VCT,national,1966,1821.45829060579
VCT,national,1967,1623.10434897904
VCT,national,1968,1703.92210100603
VCT,national,1969,1727.9826881679
VCT,national,1970,1887.76133141948
VCT,national,1971,1919.61526462762
VCT,national,1972,2388.07837254896
VCT,national,1973,2100.45369736474
VCT,national,1974,1896.07613698942
VCT,national,1975,1736.15947683339
VCT,national,1976,1901.1274932051101
VCT,national,1977,2136.51605110956
VCT,national,1978,2329.14231556976
VCT,national,1979,2393.36538229321
VCT,national,1980,2438.18705509888
VCT,national,1981,2533.92031756777
VCT,national,1982,2628.33829606375
VCT,national,1983,2667.95377754251
VCT,national,1984,2827.04970769002
VCT,national,1985,2986.1260190025
VCT,national,1986,3139.69613712369
VCT,national,1987,3142.67051798025
VCT,national,1988,3575.20372578337
VCT,national,1989,3617.58135995786
VCT,national,1990,3762.08800890895
VCT,national,1991,3794.9245345351
VCT,national,1992,4021.20293265009
VCT,national,1993,4177.4120339118
VCT,national,1994,4113.59958883602
VCT,national,1995,4424.15816140576
VCT,national,1996,4476.58924147456
VCT,national,1997,4634.06810039492
VCT,national,1998,4828.30040444911
VCT,national,1999,4966.55791402567
VCT,national,2000,5056.0336501826
VCT,national,2001,5152.21108254651
VCT,national,2002,5436.58618697123
VCT,national,2003,5817.9048003476
VCT,national,2004,6084.18954687522
VCT,national,2005,6267.04238540013
VCT,national,2006,6742.61285870265
VCT,national,2007,7004.57382191837
VCT,national,2008,7065.30343947717
VCT,national,2009,6998.1259337235
VCT,national,2010,6717.81407623187
VCT,national,2011,6714.24768394104
VCT,national,2012,6831.7102126513
VCT,national,2013,7041.17742684731
VCT,national,2014,7157.68851413516
VCT,national,2015,7386.74663845115
VCT,national,2016,7730.95422020745
VCT,national,2017,7881.43019452758
VCT,national,2018,8152.41362830624
VCT,national,2019,8234.2822220119
VCT,national,2020,7948.47647415077
VCT,national,2021,8034.7273288006
VCT,national,2022,8460.36548216137
VCT,national,2023,8977.666397420819
VCT,national,2024,9416.300907747034
VCT,national,2025,9946.105575457485
VCT,national,2026,10304.56396635489
VCT,national,2027,10651.7254373963
VCT,national,2028,10927.424409051095
VCT,national,2029,11210.25902244996
VCT,national,2030,11500.414201569069
VEN,national,1960,15094.592376152428
VEN,national,1961,15237.863928088507
VEN,national,1962,16006.54695021512
VEN,national,1963,16484.949349723418
VEN,national,1964,17465.425100799017
VEN,national,1965,17874.060483712354
VEN,national,1966,17658.53023601721
VEN,national,1967,17753.214044253225
VEN,national,1968,18089.590731407498
VEN,national,1969,18257.779074984635
VEN,national,1970,19047.641370006146
VEN,national,1971,18926.79493054702
VEN,national,1972,18855.782074370007
VEN,national,1973,19360.347105101413
VEN,national,1974,19862.420456668715
VEN,national,1975,20413.08155193608
VEN,national,1976,21396.048982175787
VEN,national,1977,22042.63972526122
VEN,national,1978,21778.52173386601
VEN,national,1979,21347.46123847572
VEN,national,1980,20269.809999999998
VEN,national,1981,19414.09
VEN,national,1982,19352.480000000003
VEN,national,1983,16966.22
VEN,national,1984,17364.99
VEN,national,1985,17040.309999999998
VEN,national,1986,17859.780000000002
VEN,national,1987,18258.95
VEN,national,1988,18972.57
VEN,national,1989,15942.17
VEN,national,1990,16424.920000000002
VEN,national,1991,17598.87
VEN,national,1992,18236.23
VEN,national,1993,17875.43
VEN,national,1994,17071.75
VEN,national,1995,17364.629999999997
VEN,national,1996,16965.329999999998
VEN,national,1997,17681.780000000002
VEN,national,1998,17386.05
VEN,national,1999,16027.48
VEN,national,2000,16072.349999999999
VEN,national,2001,16344.03
VEN,national,2002,14654.859999999999
VEN,national,2003,13302.04
VEN,national,2004,15486.2
VEN,national,2005,16817.91
VEN,national,2006,18193.89
VEN,national,2007,19485.75
VEN,national,2008,20206.02
VEN,national,2009,19268.58
VEN,national,2010,18703.22
VEN,national,2011,19201.85
VEN,national,2012,19991.09
VEN,national,2013,19973.37
VEN,national,2014,18928.6
VEN,national,2015,NA
VEN,national,2016,NA
VEN,national,2017,NA
VEN,national,2018,NA
VEN,national,2019,NA
VEN,national,2020,NA
VEN,national,2021,NA
VEN,national,2022,NA
VEN,national,2023,NA
VEN,national,2024,NA
VEN,national,2025,NA
VEN,national,2026,NA
VEN,national,2027,NA
VEN,national,2028,NA
VEN,national,2029,NA
VEN,national,2030,NA
VIR,national,2002,43205.7246740388
VIR,national,2003,43036.1815136022
VIR,national,2004,44466.2872190216
VIR,national,2005,46021.5905731819
VIR,national,2006,47671.567182812
VIR,national,2007,49598.125907942704
VIR,national,2008,50174.7528938473
VIR,national,2009,46862.8076001874
VIR,national,2010,47162.7375570431
VIR,national,2011,43320.176769501
VIR,national,2012,36938.1682086351
VIR,national,2013,34663.6460602129
VIR,national,2014,34098.7109972738
VIR,national,2015,34007.3529411765
VIR,national,2016,34614.7482633247
VIR,national,2017,34435.4944455756
VIR,national,2018,35183.2357524821
VIR,national,2019,36328.068217051
VIR,national,2020,35758.794755453
VIR,national,2021,36925.3325018833
VNM,national,1960,505.41467007845966
VNM,national,1961,513.3489663120305
VNM,national,1962,559.7645992784196
VNM,national,1963,557.7810252200269
VNM,national,1964,566.1120362652762
VNM,national,1965,554.6073067265985
VNM,national,1966,543.1025771879209
VNM,national,1967,462.1727556054989
VNM,national,1968,441.9403002098934
VNM,national,1969,467.33004815731994
VNM,national,1970,464.9497592872487
VNM,national,1971,476.8512036376049
VNM,national,1972,507.0015293251739
VNM,national,1973,528.8208439674936
VNM,national,1974,495.1000849748177
VNM,national,1975,449.08116682010706
VNM,national,1976,511.76210706531634
VNM,national,1977,517.3161144288159
VNM,national,1978,509.7785330069237
VNM,national,1979,502.6376663967099
VNM,national,1980,478.8347776959975
VNM,national,1981,496.24707258890487
VNM,national,1982,526.3170996475517
VNM,national,1983,553.155223520948
VNM,national,1984,588.346317791688
VNM,national,1985,596.396982219364
VNM,national,1986,598.915383331058
VNM,national,1987,606.414017407164
VNM,national,1988,623.548162745591
VNM,national,1989,654.857830308955
VNM,national,1990,673.385477485495
VNM,national,1991,698.429519880043
VNM,national,1992,743.268409459178
VNM,national,1993,787.609873515576
VNM,national,1994,841.56400064234094
VNM,national,1995,906.130273026405
VNM,national,1996,975.066850855035
VNM,national,1997,1039.13505403804
VNM,national,1998,1083.79119952259
VNM,national,1999,1121.06040443278
VNM,national,2000,1183.85412844841
VNM,national,2001,1244.30655169833
VNM,national,2002,1309.43030711257
VNM,national,2003,1385.4487694486
VNM,national,2004,1474.74081032186
VNM,national,2005,1570.19326934801
VNM,national,2006,1663.55955699711
VNM,national,2007,1765.12265142837
VNM,national,2008,1846.86683234656
VNM,national,2009,1926.62386911103
VNM,national,2010,2028.6057131841
VNM,national,2011,2135.78216482082
VNM,national,2012,2229.32008570274
VNM,national,2013,2327.93288310222
VNM,national,2014,2451.15938864721
VNM,national,2015,2595.23484372958
VNM,national,2016,2741.05278752657
VNM,national,2017,2903.02820194861
VNM,national,2018,3090.77259500058
VNM,national,2019,3288.35288950188
VNM,national,2020,3352.06001102928
VNM,national,2021,3409.02499932363
VNM,national,2022,3655.46267827855
VNM,national,2023,3791.531306619924
VNM,national,2024,3975.7038568915236
VNM,national,2025,4181.005220406138
VNM,national,2026,4410.913375056625
VNM,national,2027,4668.138982024337
VNM,national,2028,4878.578369900542
VNM,national,2029,5100.926433511369
VNM,national,2030,5333.408322520289
VUT,national,1979,2886.99946715531
VUT,national,1980,2497.01183700736
VUT,national,1981,2547.4494330785
VUT,national,1982,2537.82395961572
VUT,national,1983,2552.42813622532
VUT,national,1984,2729.41817354217
VUT,national,1985,2689.5353632972
VUT,national,1986,2619.20137070255
VUT,national,1987,2480.37984987874
VUT,national,1988,2377.70539792596
VUT,national,1989,2354.21115508382
VUT,national,1990,2565.05205931065
VUT,national,1991,2580.8594698439
VUT,national,1992,2582.48805984907
VUT,national,1993,2537.92750017652
VUT,national,1994,2701.72471790288
VUT,national,1995,2664.03895600493
VUT,national,1996,2662.03709955077
VUT,national,1997,2727.75630250374
VUT,national,1998,2696.29120513458
VUT,national,1999,2642.68449913522
VUT,national,2000,2731.60667755913
VUT,national,2001,2572.37077783507
VUT,national,2002,2377.22751226249
VUT,national,2003,2417.77126701706
VUT,national,2004,2453.0574035373
VUT,national,2005,2521.35960338817
VUT,national,2006,2669.7774314084
VUT,national,2007,2681.3409760342
VUT,national,2008,2763.66110525024
VUT,national,2009,2779.44401063535
VUT,national,2010,2748.34186548121
VUT,national,2011,2768.74701835544
VUT,national,2012,2731.29269452105
VUT,national,2013,2679.17540652745
VUT,national,2014,2697.77303745142
VUT,national,2015,2643.8868859095
VUT,national,2016,2701.59225142955
VUT,national,2017,2802.77893916872
VUT,national,2018,2815.5871437955
VUT,national,2019,2838.98826949984
VUT,national,2020,2634.24388390429
VUT,national,2021,2589.42116494229
VUT,national,2022,2575.93080522151
VUT,national,2023,2527.485809893854
VUT,national,2024,2507.583683853315
VUT,national,2025,2408.1391011606406
VUT,national,2026,2410.34565125319
VUT,national,2027,2530.853632291982
VUT,national,2028,2501.618800507826
VUT,national,2029,2472.7216711409665
VUT,national,2030,2444.1583333742688
WSM,national,1982,2349.1845594902898
WSM,national,1983,2370.15415773666
WSM,national,1984,2435.2071009661404
WSM,national,1985,2553.489334918245
WSM,national,1986,2626.16324344555
WSM,national,1987,2605.060259820805
WSM,national,1988,2625.2259074881504
WSM,national,1989,2608.313061439705
WSM,national,1990,2513.930564708145
WSM,national,1991,2470.3556226816254
WSM,national,1992,2498.61882401768
WSM,national,1993,2492.6527655124
WSM,national,1994,2516.22127200995
WSM,national,1995,2663.081151081785
WSM,national,1996,2736.33684162293
WSM,national,1997,2746.73767142901
WSM,national,1998,2778.50071980531
WSM,national,1999,2851.365385637835
WSM,national,2000,3002.837668194
WSM,national,2001,3175.376965511855
WSM,national,2002,3330.66171898231
WSM,national,2003,3454.7518208543997
WSM,national,2004,3612.2079663353898
WSM,national,2005,3755.098516789805
WSM,national,2006,3785.45233289696
WSM,national,2007,3837.5805380122547
WSM,national,2008,3867.0303764988503
WSM,national,2009,3944.5806292144
WSM,national,2010,4106.49625910692
WSM,national,2011,4070.7126543953145
WSM,national,2012,3959.089035854085
WSM,national,2013,3938.288088237125
WSM,national,2014,3990.94164770553
WSM,national,2015,4189.097391910465
WSM,national,2016,4338.116130826145
WSM,national,2017,4311.923303144885
WSM,national,2018,4349.318280689929
WSM,national,2019,4322.441358989479
WSM,national,2020,4039.69805238627
WSM,national,2021,3723.80644015667
WSM,national,2022,3502.683552467553
WSM,national,2023,3758.154125079544
WSM,national,2024,3867.6083727768746
WSM,national,2025,4048.691309025162
WSM,national,2026,4130.939193581554
WSM,national,2027,4190.812431398082
WSM,national,2028,4252.016045177953
WSM,national,2029,4310.678282962604
WSM,national,2030,4368.897308085613
XKX,national,2000,2387.3520610607256
XKX,national,2001,2496.0463320861913
XKX,national,2002,2421.577897439588
XKX,national,2003,2441.2204237524224
XKX,national,2004,2314.6666424372897
XKX,national,2005,2389.421240149339
XKX,national,2006,2440.615078806285
XKX,national,2007,2606.5896567653112
XKX,national,2008,2621.44078611054
XKX,national,2009,2731.40033197267
XKX,national,2010,2843.39861244472
XKX,national,2011,2997.23681966891
XKX,national,2012,3021.38486288935
XKX,national,2013,3163.47538470189
XKX,national,2014,3279.05570377788
XKX,national,2015,3520.78207462478
XKX,national,2016,3739.19874405708
XKX,national,2017,3890.21283298944
XKX,national,2018,4009.12359631218
XKX,national,2019,4219.09755676367
XKX,national,2020,3990.98623371013
XKX,national,2021,4429.97766438067
XKX,national,2022,4724.79054731486
XKX,national,2023,4901.883273536888
XKX,national,2024,5095.410265648163
XKX,national,2025,5322.729811524111
XKX,national,2026,5548.634816088269
XKX,national,2027,5771.30287957615
XKX,national,2028,6002.385939215225
XKX,national,2029,6237.726358671419
XKX,national,2030,6487.235219648758
YEM,national,1960,758.8373653077706
YEM,national,1961,762.7870718285658
YEM,national,1962,767.2304916644604
YEM,national,1963,774.1424780758518
YEM,national,1964,778.092184596647
YEM,national,1965,784.0167443778398
YEM,national,1966,792.4098707345295
YEM,national,1967,801.790423721418
YEM,national,1968,809.1961234479089
YEM,national,1969,818.5766764347974
YEM,national,1970,968.171810909914
YEM,national,1971,1112.8298122340368
YEM,national,1972,1176.5188298818587
YEM,national,1973,1290.566605669819
YEM,national,1974,1334.507090713665
YEM,national,1975,1404.1206681426797
YEM,national,1976,1576.4266151123686
YEM,national,1977,1701.3360838325157
YEM,national,1978,1795.1416137014007
YEM,national,1979,1843.031805266042
YEM,national,1980,1802.0536001127925
YEM,national,1981,1859.8180579794218
YEM,national,1982,1838.588385430148
YEM,national,1983,1889.4408568853858
YEM,national,1984,1906.227109598765
YEM,national,1985,1835.1323922244521
YEM,national,1986,1818.8398528261723
YEM,national,1987,1832.6638256489555
YEM,national,1988,1849.9437916774343
YEM,national,1989,1851.918644937832
YEM,national,1990,1788.22962729001
YEM,national,1991,1829.54265582413
YEM,national,1992,1905.92424505079
YEM,national,1993,1908.89460096754
YEM,national,1994,1963.18757844744
YEM,national,1995,2003.61342187691
YEM,national,1996,2032.00130836918
YEM,national,1997,2076.51150703885
YEM,national,1998,2138.80334101921
YEM,national,1999,2157.50359537929
YEM,national,2000,2227.6509029313
YEM,national,2001,2250.204155132
YEM,national,2002,2277.23127088503
YEM,national,2003,2300.76258926578
YEM,national,2004,2329.32960328979
YEM,national,2005,2391.83220564673
YEM,national,2006,2395.1342472784
YEM,national,2007,2401.27919328702
YEM,national,2008,2415.52483484155
YEM,national,2009,2435.76692118459
YEM,national,2010,2547.64034604528
YEM,national,2011,2159.84514588735
YEM,national,2012,2148.46647836211
YEM,national,2013,2188.61719820848
YEM,national,2014,2123.93503964212
YEM,national,2015,1488.41626714602
YEM,national,2016,1313.97360764837
YEM,national,2017,1215.75259389371
YEM,national,2018,1194.82055896749
YEM,national,2019,1182.5070935302101
YEM,national,2020,1057.28167047862
YEM,national,2021,1024.5699049311
YEM,national,2022,1017.87309358737
YEM,national,2023,990.5326607857739
YEM,national,2024,988.3595983082389
YEM,national,2025,945.7848314748298
YEM,national,2026,924.2345121668899
YEM,national,2027,944.419195008651
YEM,national,2028,970.4645037321606
YEM,national,2029,993.2621618874039
YEM,national,2030,1017.3249578393668
ZAF,national,1960,3974.03361120474
ZAF,national,1961,4012.89663721609
ZAF,national,1962,4135.76749836188
ZAF,national,1963,4308.04281809517
ZAF,national,1964,4509.88485226237
ZAF,national,1965,4640.31998735938
ZAF,national,1966,4698.71149286215
ZAF,national,1967,4883.63095065387
ZAF,national,1968,4931.85552141961
ZAF,national,1969,5008.89773905012
ZAF,national,1970,5115.28356733576
ZAF,national,1971,5180.57878425989
ZAF,national,1972,5118.07239382198
ZAF,national,1973,5201.925538599
ZAF,national,1974,5366.9511932585
ZAF,national,1975,5309.53322984154
ZAF,national,1976,5284.99740599372
ZAF,national,1977,5140.3539469156
ZAF,national,1978,5154.3946575082
ZAF,national,1979,5209.29066095952
ZAF,national,1980,5409.67651794353
ZAF,national,1981,5554.69783865993
ZAF,national,1982,5392.51519392274
ZAF,national,1983,5152.95348483674
ZAF,national,1984,5266.46346405206
ZAF,national,1985,5050.86835549723
ZAF,national,1986,4888.8416486468
ZAF,national,1987,4819.97291865133
ZAF,national,1988,4851.23462621034
ZAF,national,1989,4803.64589074527
ZAF,national,1990,4643.22231499389
ZAF,national,1991,4479.85187058929
ZAF,national,1992,4294.90291742528
ZAF,national,1993,4269.70016355266
ZAF,national,1994,4330.71147687187
ZAF,national,1995,4392.07004112001
ZAF,national,1996,4511.64124389134
ZAF,national,1997,4565.21665824426
ZAF,national,1998,4531.29598669759
ZAF,national,1999,4588.7560281192
ZAF,national,2000,4735.66553181957
ZAF,national,2001,4820.64433895753
ZAF,national,2002,4953.7364473103
ZAF,national,2003,5052.90993956202
ZAF,national,2004,5233.86627685538
ZAF,national,2005,5458.23016635984
ZAF,national,2006,5708.82308621003
ZAF,national,2007,5954.16804814954
ZAF,national,2008,6074.94267195276
ZAF,national,2009,5910.78824576381
ZAF,national,2010,6018.23075370279
ZAF,national,2011,6130.97136731323
ZAF,national,2012,6194.99275876379
ZAF,national,2013,6263.10433363432
ZAF,national,2014,6252.31797718806
ZAF,national,2015,6204.92990145846
ZAF,national,2016,6185.74604725477
ZAF,national,2017,6233.18710774485
ZAF,national,2018,6253.1189963954
ZAF,national,2019,6188.70355768095
ZAF,national,2020,5748.89784492783
ZAF,national,2021,5959.44365737418
ZAF,national,2022,6022.42750828084
ZAF,national,2023,5987.072790542175
ZAF,national,2024,6004.076510927741
ZAF,national,2025,5976.991220575062
ZAF,national,2026,5977.580743483933
ZAF,national,2027,5989.708089184216
ZAF,national,2028,6002.552963076157
ZAF,national,2029,6020.5095744542205
ZAF,national,2030,6039.418507359666
ZMB,national,1960,1200.76374341336
ZMB,national,1961,1179.29787040992
ZMB,national,1962,1113.9472034122
ZMB,national,1963,1114.20742743315
ZMB,national,1964,1210.98844128914
ZMB,national,1965,1368.07826031189
ZMB,national,1966,1250.95270393714
ZMB,national,1967,1307.25033125472
ZMB,national,1968,1281.55935733218
ZMB,national,1969,1236.12767869458
ZMB,national,1970,1258.31393799087
ZMB,national,1971,1223.4431488623
ZMB,national,1972,1299.5829279437
ZMB,national,1973,1251.20361537157
ZMB,national,1974,1293.88679728153
ZMB,national,1975,1228.05696587334
ZMB,national,1976,1266.33922565547
ZMB,national,1977,1173.06456487842
ZMB,national,1978,1144.9783786408
ZMB,national,1979,1077.94347029558
ZMB,national,1980,1078.24612567658
ZMB,national,1981,1110.38631536339
ZMB,national,1982,1044.89867006715
ZMB,national,1983,991.742559560597
ZMB,national,1984,958.390462425391
ZMB,national,1985,944.978125228216
ZMB,national,1986,923.569598841654
ZMB,national,1987,920.987181477306
ZMB,national,1988,952.109297884366
ZMB,national,1989,917.589129991715
ZMB,national,1990,889.993124152637
ZMB,national,1991,867.762415451368
ZMB,national,1992,832.267133528515
ZMB,national,1993,867.713034379999
ZMB,national,1994,773.847784821638
ZMB,national,1995,777.023302446701
ZMB,national,1996,805.141934418878
ZMB,national,1997,814.696863165105
ZMB,national,1998,790.835580952201
ZMB,national,1999,806.208677651185
ZMB,national,2000,814.772965457523
ZMB,national,2001,832.765719240249
ZMB,national,2002,844.092010983109
ZMB,national,2003,875.254433264127
ZMB,national,2004,907.493697320447
ZMB,national,2005,941.446954097196
ZMB,national,2006,981.345474303646
ZMB,national,2007,1026.40160319917
ZMB,national,2008,1067.38680158541
ZMB,national,2009,1125.08904783298
ZMB,national,2010,1198.30481681424
ZMB,national,2011,1222.97905785439
ZMB,national,2012,1273.16130573241
ZMB,national,2013,1294.50077002969
ZMB,national,2014,1312.01443347626
ZMB,national,2015,1307.90964916032
ZMB,national,2016,1315.25056159518
ZMB,national,2017,1319.60777747699
ZMB,national,2018,1331.44924435525
ZMB,national,2019,1310.62222427718
ZMB,national,2020,1237.28330318262
ZMB,national,2021,1277.61202922643
ZMB,national,2022,1308.10183810137
ZMB,national,2023,1318.2322001333023
ZMB,national,2024,1338.338231903022
ZMB,national,2025,1377.2629107213354
ZMB,national,2026,1425.8449784487675
ZMB,national,2027,1477.1060032236671
ZMB,national,2028,1513.8157653977232
ZMB,national,2029,1547.4377891498352
ZMB,national,2030,1581.2372580395706
ZWE,national,1960,1137.39058510898
ZWE,national,1961,1172.37910735551
ZWE,national,1962,1152.83567436667
ZWE,national,1963,1187.25274461695
ZWE,national,1964,1138.05410946995
ZWE,national,1965,1157.20740089049
ZWE,national,1966,1138.63466400451
ZWE,national,1967,1195.81239934246
ZWE,national,1968,1181.52701969425
ZWE,national,1969,1286.80946413388
ZWE,national,1970,1529.05596478972
ZWE,national,1971,1615.57201739023
ZWE,national,1972,1696.55500244643
ZWE,national,1973,1685.93644678006
ZWE,national,1974,1739.52800475255
ZWE,national,1975,1651.77865824722
ZWE,national,1976,1608.97311979768
ZWE,national,1977,1460.34806058742
ZWE,national,1978,1399.92513743591
ZWE,national,1979,1422.94589279007
ZWE,national,1980,1537.13065554399
ZWE,national,1981,1624.4524763882
ZWE,national,1982,1603.72287869737
ZWE,national,1983,1568.35269565427
ZWE,national,1984,1484.91173164954
ZWE,national,1985,1534.68170066911
ZWE,national,1986,1515.86984475934
ZWE,national,1987,1484.65003059383
ZWE,national,1988,1548.1740622777
ZWE,national,1989,1582.75676610033
ZWE,national,1990,1648.57318068635
ZWE,national,1991,1695.52396967151
ZWE,national,1992,1504.43714031281
ZWE,national,1993,1498.64985382503
ZWE,national,1994,1627.45328622788
ZWE,national,1995,1609.94310996369
ZWE,national,1996,1747.47739595142
ZWE,national,1997,1765.22706124487
ZWE,national,1998,1786.91206284567
ZWE,national,1999,1746.87205853609
ZWE,national,2000,1676.51546030826
ZWE,national,2001,1689.75642648352
ZWE,national,2002,1530.00643738786
ZWE,national,2003,1260.39113645537
ZWE,national,2004,1178.89023072946
ZWE,national,2005,1105.75511935813
ZWE,national,2006,1058.32555885649
ZWE,national,2007,1009.82746528596
ZWE,national,2008,824.791701911315
ZWE,national,2009,914.494574024655
ZWE,national,2010,1096.83547804464
ZWE,national,2011,1239.24179333501
ZWE,national,2012,1408.45716699407
ZWE,national,2013,1422.37670995775
ZWE,national,2014,1412.20401160588
ZWE,national,2015,1410.32917348908
ZWE,national,2016,1393.71701048588
ZWE,national,2017,1421.24076910146
ZWE,national,2018,1462.59027890974
ZWE,national,2019,1342.98958610624
ZWE,national,2020,1213.11705739259
ZWE,national,2021,1289.19906720841
ZWE,national,2022,1345.76908226008
ZWE,national,2023,1371.34306602674
ZWE,national,2024,1393.4982312425932
ZWE,national,2025,1449.5348613486965
ZWE,national,2026,1487.8804304075659
ZWE,national,2027,1512.8028100021631
ZWE,national,2028,1532.7275303815488
ZWE,national,2029,1553.8821698485913
ZWE,national,2030,1575.0368118340755
